machine_id,step,timestamp,rf_proba,label
M000,23,2026-06-01 23:00:00,0.0,0
M000,24,2026-06-02 00:00:00,0.0,0
M000,25,2026-06-02 01:00:00,0.0,0
M000,26,2026-06-02 02:00:00,0.0,0
M000,27,2026-06-02 03:00:00,0.0031552564718807935,0
M000,28,2026-06-02 04:00:00,0.0,0
M000,29,2026-06-02 05:00:00,0.0,0
M000,30,2026-06-02 06:00:00,0.0,0
M000,31,2026-06-02 07:00:00,0.0,0
M000,32,2026-06-02 08:00:00,0.0,0
M000,33,2026-06-02 09:00:00,0.0,0
M000,34,2026-06-02 10:00:00,0.0,0
M000,35,2026-06-02 11:00:00,0.0,0
M000,36,2026-06-02 12:00:00,0.0,0
M000,37,2026-06-02 13:00:00,0.0,0
M000,38,2026-06-02 14:00:00,0.0,0
M000,39,2026-06-02 15:00:00,0.0,0
M000,40,2026-06-02 16:00:00,0.0,0
M000,41,2026-06-02 17:00:00,0.0,0
M000,42,2026-06-02 18:00:00,0.0,0
M000,43,2026-06-02 19:00:00,0.0,0
M000,44,2026-06-02 20:00:00,0.0,0
M000,45,2026-06-02 21:00:00,0.0,0
M000,46,2026-06-02 22:00:00,0.0,0
M000,47,2026-06-02 23:00:00,0.0,0
M000,48,2026-06-03 00:00:00,0.0,0
M000,49,2026-06-03 01:00:00,0.0,0
M000,50,2026-06-03 02:00:00,0.0,0
M000,51,2026-06-03 03:00:00,0.0,0
M000,52,2026-06-03 04:00:00,0.0,0
M000,53,2026-06-03 05:00:00,0.0,0
M000,54,2026-06-03 06:00:00,0.0,0
M000,55,2026-06-03 07:00:00,0.0,0
M000,56,2026-06-03 08:00:00,0.0,0
M000,57,2026-06-03 09:00:00,0.0,0
M000,58,2026-06-03 10:00:00,0.0,0
M000,59,2026-06-03 11:00:00,0.0,0
M000,60,2026-06-03 12:00:00,0.0,0
M000,61,2026-06-03 13:00:00,0.0,0
M000,62,2026-06-03 14:00:00,0.0,0
M000,63,2026-06-03 15:00:00,0.0,0
M000,64,2026-06-03 16:00:00,0.0,0
M000,65,2026-06-03 17:00:00,0.0,0
M000,66,2026-06-03 18:00:00,0.0,0
M000,67,2026-06-03 19:00:00,0.0,0
M000,68,2026-06-03 20:00:00,0.0,0
M000,69,2026-06-03 21:00:00,0.0,0
M000,70,2026-06-03 22:00:00,0.0,0
M000,71,2026-06-03 23:00:00,0.0,0
M000,72,2026-06-04 00:00:00,0.0,0
M000,73,2026-06-04 01:00:00,0.0,0
M000,74,2026-06-04 02:00:00,0.0,0
M000,75,2026-06-04 03:00:00,0.0,0
M000,76,2026-06-04 04:00:00,0.0,0
M000,77,2026-06-04 05:00:00,0.0,0
M000,78,2026-06-04 06:00:00,0.0,0
M000,79,2026-06-04 07:00:00,0.0,0
M000,80,2026-06-04 08:00:00,0.0,0
M000,81,2026-06-04 09:00:00,0.0,0
M000,82,2026-06-04 10:00:00,0.0,0
M000,83,2026-06-04 11:00:00,0.0,0
M000,84,2026-06-04 12:00:00,0.0,0
M000,85,2026-06-04 13:00:00,0.0,0
M000,86,2026-06-04 14:00:00,0.0,0
M000,87,2026-06-04 15:00:00,0.0,0
M000,88,2026-06-04 16:00:00,0.0,0
M000,89,2026-06-04 17:00:00,0.0,0
M000,90,2026-06-04 18:00:00,0.0,0
M000,91,2026-06-04 19:00:00,0.0,0
M000,92,2026-06-04 20:00:00,0.0,0
M000,93,2026-06-04 21:00:00,0.0,0
M000,94,2026-06-04 22:00:00,0.0,0
M000,95,2026-06-04 23:00:00,0.0,0
M000,96,2026-06-05 00:00:00,0.0,0
M000,97,2026-06-05 01:00:00,0.0,0
M000,98,2026-06-05 02:00:00,0.0,0
M000,99,2026-06-05 03:00:00,0.0,0
M000,100,2026-06-05 04:00:00,0.0,0
M000,101,2026-06-05 05:00:00,0.0,0
M000,102,2026-06-05 06:00:00,0.0,0
M000,103,2026-06-05 07:00:00,0.0,0
M000,104,2026-06-05 08:00:00,0.0,0
M000,105,2026-06-05 09:00:00,0.0,0
M000,106,2026-06-05 10:00:00,0.0,0
M000,107,2026-06-05 11:00:00,0.0,0
M000,108,2026-06-05 12:00:00,0.0,0
M000,109,2026-06-05 13:00:00,0.0,0
M000,110,2026-06-05 14:00:00,0.0,0
M000,111,2026-06-05 15:00:00,0.0,0
M000,112,2026-06-05 16:00:00,0.0,0
M000,113,2026-06-05 17:00:00,0.0,0
M000,114,2026-06-05 18:00:00,0.0,0
M000,115,2026-06-05 19:00:00,0.0,0
M000,116,2026-06-05 20:00:00,0.0,0
M000,117,2026-06-05 21:00:00,0.0,0
M000,118,2026-06-05 22:00:00,0.0,0
M000,119,2026-06-05 23:00:00,0.0,0
M000,120,2026-06-06 00:00:00,0.0,0
M000,121,2026-06-06 01:00:00,0.0,0
M000,122,2026-06-06 02:00:00,0.0,0
M000,123,2026-06-06 03:00:00,0.0,0
M000,124,2026-06-06 04:00:00,0.0,0
M000,125,2026-06-06 05:00:00,0.0,0
M000,126,2026-06-06 06:00:00,0.0,0
M000,127,2026-06-06 07:00:00,0.0,0
M000,128,2026-06-06 08:00:00,0.0,0
M000,129,2026-06-06 09:00:00,0.0,0
M000,130,2026-06-06 10:00:00,0.0,0
M000,131,2026-06-06 11:00:00,0.0,0
M000,132,2026-06-06 12:00:00,0.0,0
M000,133,2026-06-06 13:00:00,0.0,0
M000,134,2026-06-06 14:00:00,0.0,0
M000,135,2026-06-06 15:00:00,0.0,0
M000,136,2026-06-06 16:00:00,0.0,0
M000,137,2026-06-06 17:00:00,0.0,0
M000,138,2026-06-06 18:00:00,0.0,0
M000,139,2026-06-06 19:00:00,0.0,0
M000,140,2026-06-06 20:00:00,0.0,0
M000,141,2026-06-06 21:00:00,0.0,0
M000,142,2026-06-06 22:00:00,0.0,0
M000,143,2026-06-06 23:00:00,0.0,0
M000,144,2026-06-07 00:00:00,0.0,0
M000,145,2026-06-07 01:00:00,0.0,0
M000,146,2026-06-07 02:00:00,0.0,0
M000,147,2026-06-07 03:00:00,0.0,0
M000,148,2026-06-07 04:00:00,0.0,0
M000,149,2026-06-07 05:00:00,0.0,0
M000,150,2026-06-07 06:00:00,0.0,0
M000,151,2026-06-07 07:00:00,0.0,0
M000,152,2026-06-07 08:00:00,0.0,0
M000,153,2026-06-07 09:00:00,0.0,0
M000,154,2026-06-07 10:00:00,0.0,0
M000,155,2026-06-07 11:00:00,0.0,0
M000,156,2026-06-07 12:00:00,0.0,0
M000,157,2026-06-07 13:00:00,0.0,0
M000,158,2026-06-07 14:00:00,0.0,0
M000,159,2026-06-07 15:00:00,0.0,0
M000,160,2026-06-07 16:00:00,0.0,0
M000,161,2026-06-07 17:00:00,0.0,0
M000,162,2026-06-07 18:00:00,0.0,0
M000,163,2026-06-07 19:00:00,0.0,0
M000,164,2026-06-07 20:00:00,0.0,0
M000,165,2026-06-07 21:00:00,0.0,0
M000,166,2026-06-07 22:00:00,0.0,0
M000,167,2026-06-07 23:00:00,0.0,0
M000,168,2026-06-08 00:00:00,0.0,0
M000,169,2026-06-08 01:00:00,0.0,0
M000,170,2026-06-08 02:00:00,0.0,0
M000,171,2026-06-08 03:00:00,0.0,0
M000,172,2026-06-08 04:00:00,0.0,0
M000,173,2026-06-08 05:00:00,0.0,0
M000,174,2026-06-08 06:00:00,0.0,0
M000,175,2026-06-08 07:00:00,0.0,0
M000,176,2026-06-08 08:00:00,0.0,0
M000,177,2026-06-08 09:00:00,0.0,0
M000,178,2026-06-08 10:00:00,0.0,0
M000,179,2026-06-08 11:00:00,0.0,0
M000,180,2026-06-08 12:00:00,0.0,0
M000,181,2026-06-08 13:00:00,0.0,0
M000,182,2026-06-08 14:00:00,0.0,0
M000,183,2026-06-08 15:00:00,0.0,0
M000,184,2026-06-08 16:00:00,0.0,0
M000,185,2026-06-08 17:00:00,0.0,0
M000,186,2026-06-08 18:00:00,0.0,0
M000,187,2026-06-08 19:00:00,0.0,0
M000,188,2026-06-08 20:00:00,0.0,0
M000,189,2026-06-08 21:00:00,0.0,0
M000,190,2026-06-08 22:00:00,0.0,0
M000,191,2026-06-08 23:00:00,0.0,0
M000,192,2026-06-09 00:00:00,0.0,0
M000,193,2026-06-09 01:00:00,0.0,0
M000,194,2026-06-09 02:00:00,0.0,0
M000,195,2026-06-09 03:00:00,0.0,0
M000,196,2026-06-09 04:00:00,0.0,0
M000,197,2026-06-09 05:00:00,0.0,0
M000,198,2026-06-09 06:00:00,0.0,0
M000,199,2026-06-09 07:00:00,0.0,0
M000,200,2026-06-09 08:00:00,0.0,0
M000,201,2026-06-09 09:00:00,0.0,0
M000,202,2026-06-09 10:00:00,0.0,0
M000,203,2026-06-09 11:00:00,0.0,0
M000,204,2026-06-09 12:00:00,0.0,0
M000,205,2026-06-09 13:00:00,0.0,0
M000,206,2026-06-09 14:00:00,0.0,0
M000,207,2026-06-09 15:00:00,0.0,0
M000,208,2026-06-09 16:00:00,0.0,0
M000,209,2026-06-09 17:00:00,0.0,0
M000,210,2026-06-09 18:00:00,0.0,0
M000,211,2026-06-09 19:00:00,0.0,0
M000,212,2026-06-09 20:00:00,0.0,0
M000,213,2026-06-09 21:00:00,0.0,0
M000,214,2026-06-09 22:00:00,0.0,0
M000,215,2026-06-09 23:00:00,0.0,0
M000,216,2026-06-10 00:00:00,0.0,0
M000,217,2026-06-10 01:00:00,0.0,0
M000,218,2026-06-10 02:00:00,0.0,0
M000,219,2026-06-10 03:00:00,0.0,0
M000,220,2026-06-10 04:00:00,0.0,0
M000,221,2026-06-10 05:00:00,0.0,0
M000,222,2026-06-10 06:00:00,0.0,0
M000,223,2026-06-10 07:00:00,0.0,0
M000,224,2026-06-10 08:00:00,0.0,0
M000,225,2026-06-10 09:00:00,0.0,0
M000,226,2026-06-10 10:00:00,0.0,0
M000,227,2026-06-10 11:00:00,0.0,0
M000,228,2026-06-10 12:00:00,0.0,0
M000,229,2026-06-10 13:00:00,0.0,0
M000,230,2026-06-10 14:00:00,0.0,0
M000,231,2026-06-10 15:00:00,0.0,0
M000,232,2026-06-10 16:00:00,0.0,0
M000,233,2026-06-10 17:00:00,0.0,0
M000,234,2026-06-10 18:00:00,0.0027781116051756602,0
M000,235,2026-06-10 19:00:00,0.0,0
M000,236,2026-06-10 20:00:00,0.0,0
M000,237,2026-06-10 21:00:00,0.0,0
M000,238,2026-06-10 22:00:00,0.0,0
M000,239,2026-06-10 23:00:00,0.0,0
M000,240,2026-06-11 00:00:00,0.0,0
M000,241,2026-06-11 01:00:00,0.0,0
M000,242,2026-06-11 02:00:00,0.0,0
M000,243,2026-06-11 03:00:00,0.0,0
M000,244,2026-06-11 04:00:00,0.0,0
M000,245,2026-06-11 05:00:00,0.0,0
M000,246,2026-06-11 06:00:00,0.0,0
M000,247,2026-06-11 07:00:00,0.0,0
M000,248,2026-06-11 08:00:00,0.0026493715204040633,0
M000,249,2026-06-11 09:00:00,0.0,0
M000,250,2026-06-11 10:00:00,0.0,0
M000,251,2026-06-11 11:00:00,0.0,0
M000,252,2026-06-11 12:00:00,0.0,0
M000,253,2026-06-11 13:00:00,0.0,0
M000,254,2026-06-11 14:00:00,0.0,0
M000,255,2026-06-11 15:00:00,0.0,0
M000,256,2026-06-11 16:00:00,0.0,0
M000,257,2026-06-11 17:00:00,0.0,0
M000,258,2026-06-11 18:00:00,0.0,0
M000,259,2026-06-11 19:00:00,0.0,0
M000,260,2026-06-11 20:00:00,0.0,0
M000,261,2026-06-11 21:00:00,0.0,0
M000,262,2026-06-11 22:00:00,0.0,0
M000,263,2026-06-11 23:00:00,0.0,0
M000,264,2026-06-12 00:00:00,0.0,0
M000,265,2026-06-12 01:00:00,0.0,0
M000,266,2026-06-12 02:00:00,0.0,0
M000,267,2026-06-12 03:00:00,0.0,0
M000,268,2026-06-12 04:00:00,0.002534344433454225,0
M000,269,2026-06-12 05:00:00,0.0,0
M000,270,2026-06-12 06:00:00,0.0,0
M000,271,2026-06-12 07:00:00,0.0,0
M000,272,2026-06-12 08:00:00,0.0,0
M000,273,2026-06-12 09:00:00,0.0,0
M000,274,2026-06-12 10:00:00,0.0,0
M000,275,2026-06-12 11:00:00,0.0,0
M000,276,2026-06-12 12:00:00,0.0,0
M000,277,2026-06-12 13:00:00,0.0,0
M000,278,2026-06-12 14:00:00,0.0,0
M000,279,2026-06-12 15:00:00,0.0,0
M000,280,2026-06-12 16:00:00,0.0,0
M000,281,2026-06-12 17:00:00,0.0,0
M000,282,2026-06-12 18:00:00,0.0,0
M000,283,2026-06-12 19:00:00,0.0,0
M000,284,2026-06-12 20:00:00,0.0,0
M000,285,2026-06-12 21:00:00,0.0,0
M000,286,2026-06-12 22:00:00,0.0,0
M000,287,2026-06-12 23:00:00,0.0,0
M000,288,2026-06-13 00:00:00,0.0,0
M000,289,2026-06-13 01:00:00,0.0,0
M000,290,2026-06-13 02:00:00,0.0,0
M000,291,2026-06-13 03:00:00,0.0,0
M000,292,2026-06-13 04:00:00,0.0,0
M000,293,2026-06-13 05:00:00,0.0,0
M000,294,2026-06-13 06:00:00,0.0,0
M000,295,2026-06-13 07:00:00,0.0,0
M000,296,2026-06-13 08:00:00,0.0,0
M000,297,2026-06-13 09:00:00,0.0,0
M000,298,2026-06-13 10:00:00,0.0,0
M000,299,2026-06-13 11:00:00,0.0030267496451577684,0
M000,300,2026-06-13 12:00:00,0.0030267496451577684,0
M000,301,2026-06-13 13:00:00,0.0030267496451577684,0
M000,302,2026-06-13 14:00:00,0.0030267496451577684,0
M000,303,2026-06-13 15:00:00,0.0030267496451577684,0
M000,304,2026-06-13 16:00:00,0.0030267496451577684,0
M000,305,2026-06-13 17:00:00,0.0,0
M000,306,2026-06-13 18:00:00,0.0,0
M000,307,2026-06-13 19:00:00,0.0,0
M000,308,2026-06-13 20:00:00,0.0,0
M000,309,2026-06-13 21:00:00,0.0,0
M000,310,2026-06-13 22:00:00,0.0,0
M000,311,2026-06-13 23:00:00,0.0,0
M000,312,2026-06-14 00:00:00,0.0,0
M000,313,2026-06-14 01:00:00,0.0,0
M000,314,2026-06-14 02:00:00,0.0,0
M000,315,2026-06-14 03:00:00,0.0,0
M000,316,2026-06-14 04:00:00,0.0,0
M000,317,2026-06-14 05:00:00,0.0,0
M000,318,2026-06-14 06:00:00,0.0,0
M000,319,2026-06-14 07:00:00,0.0,0
M000,320,2026-06-14 08:00:00,0.0,0
M000,321,2026-06-14 09:00:00,0.0,0
M000,322,2026-06-14 10:00:00,0.0,0
M000,323,2026-06-14 11:00:00,0.0,0
M000,324,2026-06-14 12:00:00,0.0,0
M000,325,2026-06-14 13:00:00,0.0,0
M000,326,2026-06-14 14:00:00,0.0,0
M000,327,2026-06-14 15:00:00,0.0,0
M000,328,2026-06-14 16:00:00,0.0,0
M000,329,2026-06-14 17:00:00,0.0,0
M000,330,2026-06-14 18:00:00,0.0,0
M000,331,2026-06-14 19:00:00,0.0,0
M000,332,2026-06-14 20:00:00,0.0,0
M000,333,2026-06-14 21:00:00,0.0,0
M000,334,2026-06-14 22:00:00,0.0,0
M000,335,2026-06-14 23:00:00,0.0,0
M000,336,2026-06-15 00:00:00,0.0,0
M000,337,2026-06-15 01:00:00,0.0,0
M000,338,2026-06-15 02:00:00,0.0,0
M000,339,2026-06-15 03:00:00,0.0,0
M000,340,2026-06-15 04:00:00,0.0,0
M000,341,2026-06-15 05:00:00,0.0,0
M000,342,2026-06-15 06:00:00,0.0,0
M000,343,2026-06-15 07:00:00,0.0,0
M000,344,2026-06-15 08:00:00,0.0,0
M000,345,2026-06-15 09:00:00,0.0,0
M000,346,2026-06-15 10:00:00,0.0,0
M000,347,2026-06-15 11:00:00,0.0,0
M000,348,2026-06-15 12:00:00,0.0,0
M000,349,2026-06-15 13:00:00,0.0,0
M000,350,2026-06-15 14:00:00,0.0,0
M000,351,2026-06-15 15:00:00,0.0,0
M000,352,2026-06-15 16:00:00,0.0,0
M000,353,2026-06-15 17:00:00,0.0,0
M000,354,2026-06-15 18:00:00,0.0,0
M000,355,2026-06-15 19:00:00,0.0,0
M000,356,2026-06-15 20:00:00,0.0,0
M000,357,2026-06-15 21:00:00,0.0,0
M000,358,2026-06-15 22:00:00,0.0,0
M000,359,2026-06-15 23:00:00,0.0,0
M000,360,2026-06-16 00:00:00,0.0,0
M000,361,2026-06-16 01:00:00,0.0,0
M000,362,2026-06-16 02:00:00,0.0,0
M000,363,2026-06-16 03:00:00,0.0,0
M000,364,2026-06-16 04:00:00,0.0,0
M000,365,2026-06-16 05:00:00,0.0,0
M000,366,2026-06-16 06:00:00,0.0,0
M000,367,2026-06-16 07:00:00,0.0,0
M000,368,2026-06-16 08:00:00,0.0,0
M000,369,2026-06-16 09:00:00,0.0,0
M000,370,2026-06-16 10:00:00,0.0,0
M000,371,2026-06-16 11:00:00,0.0,0
M000,372,2026-06-16 12:00:00,0.0,0
M000,373,2026-06-16 13:00:00,0.0,0
M000,374,2026-06-16 14:00:00,0.0,0
M000,375,2026-06-16 15:00:00,0.0,0
M000,376,2026-06-16 16:00:00,0.0026493715204040633,0
M000,377,2026-06-16 17:00:00,0.0,0
M000,378,2026-06-16 18:00:00,0.0,0
M000,379,2026-06-16 19:00:00,0.0,0
M000,380,2026-06-16 20:00:00,0.0,0
M000,381,2026-06-16 21:00:00,0.0,0
M000,382,2026-06-16 22:00:00,0.0,0
M000,383,2026-06-16 23:00:00,0.0,0
M000,384,2026-06-17 00:00:00,0.0,0
M000,385,2026-06-17 01:00:00,0.0,0
M000,386,2026-06-17 02:00:00,0.0,0
M000,387,2026-06-17 03:00:00,0.0,0
M000,388,2026-06-17 04:00:00,0.0,0
M000,389,2026-06-17 05:00:00,0.0,0
M000,390,2026-06-17 06:00:00,0.0,0
M000,391,2026-06-17 07:00:00,0.0,0
M000,392,2026-06-17 08:00:00,0.0,0
M000,393,2026-06-17 09:00:00,0.0,0
M000,394,2026-06-17 10:00:00,0.0,0
M000,395,2026-06-17 11:00:00,0.0,0
M000,396,2026-06-17 12:00:00,0.0,0
M000,397,2026-06-17 13:00:00,0.0,0
M000,398,2026-06-17 14:00:00,0.0,0
M000,399,2026-06-17 15:00:00,0.0,0
M000,400,2026-06-17 16:00:00,0.0,0
M000,401,2026-06-17 17:00:00,0.0,0
M000,402,2026-06-17 18:00:00,0.0,0
M000,403,2026-06-17 19:00:00,0.0,0
M000,404,2026-06-17 20:00:00,0.0,0
M000,405,2026-06-17 21:00:00,0.0,0
M000,406,2026-06-17 22:00:00,0.0,0
M000,407,2026-06-17 23:00:00,0.0,0
M000,408,2026-06-18 00:00:00,0.0,0
M000,409,2026-06-18 01:00:00,0.0,0
M000,410,2026-06-18 02:00:00,0.0,0
M000,411,2026-06-18 03:00:00,0.0,0
M000,412,2026-06-18 04:00:00,0.0,0
M000,413,2026-06-18 05:00:00,0.0,0
M000,414,2026-06-18 06:00:00,0.0,0
M000,415,2026-06-18 07:00:00,0.0,0
M000,416,2026-06-18 08:00:00,0.0,0
M000,417,2026-06-18 09:00:00,0.0,0
M000,418,2026-06-18 10:00:00,0.0,0
M000,419,2026-06-18 11:00:00,0.0,0
M000,420,2026-06-18 12:00:00,0.0,0
M000,421,2026-06-18 13:00:00,0.0,0
M000,422,2026-06-18 14:00:00,0.0,0
M000,423,2026-06-18 15:00:00,0.0,0
M000,424,2026-06-18 16:00:00,0.0,0
M000,425,2026-06-18 17:00:00,0.0,0
M000,426,2026-06-18 18:00:00,0.0,0
M000,427,2026-06-18 19:00:00,0.0,0
M000,428,2026-06-18 20:00:00,0.0,0
M000,429,2026-06-18 21:00:00,0.0,0
M000,430,2026-06-18 22:00:00,0.0,0
M000,431,2026-06-18 23:00:00,0.0,0
M000,432,2026-06-19 00:00:00,0.0,0
M000,433,2026-06-19 01:00:00,0.0,0
M000,434,2026-06-19 02:00:00,0.0,0
M000,435,2026-06-19 03:00:00,0.0,0
M000,436,2026-06-19 04:00:00,0.0,0
M000,437,2026-06-19 05:00:00,0.0,0
M000,438,2026-06-19 06:00:00,0.0,0
M000,439,2026-06-19 07:00:00,0.0,0
M000,440,2026-06-19 08:00:00,0.0,0
M000,441,2026-06-19 09:00:00,0.0,0
M000,442,2026-06-19 10:00:00,0.0,0
M000,443,2026-06-19 11:00:00,0.0,0
M000,444,2026-06-19 12:00:00,0.0,0
M000,445,2026-06-19 13:00:00,0.0,0
M000,446,2026-06-19 14:00:00,0.0,0
M000,447,2026-06-19 15:00:00,0.0,0
M000,448,2026-06-19 16:00:00,0.0,0
M000,449,2026-06-19 17:00:00,0.0,0
M000,450,2026-06-19 18:00:00,0.0,0
M000,451,2026-06-19 19:00:00,0.0,0
M000,452,2026-06-19 20:00:00,0.0,0
M000,453,2026-06-19 21:00:00,0.0,0
M000,454,2026-06-19 22:00:00,0.0,0
M000,455,2026-06-19 23:00:00,0.0,0
M000,456,2026-06-20 00:00:00,0.0,0
M000,457,2026-06-20 01:00:00,0.0,0
M000,458,2026-06-20 02:00:00,0.0,0
M000,459,2026-06-20 03:00:00,0.0,0
M000,460,2026-06-20 04:00:00,0.0,0
M000,461,2026-06-20 05:00:00,0.0,0
M000,462,2026-06-20 06:00:00,0.0,0
M000,463,2026-06-20 07:00:00,0.0,0
M000,464,2026-06-20 08:00:00,0.0,0
M000,465,2026-06-20 09:00:00,0.0,0
M000,466,2026-06-20 10:00:00,0.0030267496451577684,0
M000,467,2026-06-20 11:00:00,0.0030267496451577684,0
M000,468,2026-06-20 12:00:00,0.0030267496451577684,0
M000,469,2026-06-20 13:00:00,0.0030267496451577684,0
M000,470,2026-06-20 14:00:00,0.0030267496451577684,0
M000,471,2026-06-20 15:00:00,0.0030267496451577684,0
M000,472,2026-06-20 16:00:00,0.0,0
M000,473,2026-06-20 17:00:00,0.0,0
M000,474,2026-06-20 18:00:00,0.0,0
M000,475,2026-06-20 19:00:00,0.0,0
M000,476,2026-06-20 20:00:00,0.0,0
M000,477,2026-06-20 21:00:00,0.0,0
M000,478,2026-06-20 22:00:00,0.0030267496451577684,0
M000,479,2026-06-20 23:00:00,0.0030267496451577684,0
M000,480,2026-06-21 00:00:00,0.0030267496451577684,0
M000,481,2026-06-21 01:00:00,0.0030267496451577684,0
M000,482,2026-06-21 02:00:00,0.0030267496451577684,0
M000,483,2026-06-21 03:00:00,0.0030267496451577684,0
M000,484,2026-06-21 04:00:00,0.0,0
M000,485,2026-06-21 05:00:00,0.0,0
M000,486,2026-06-21 06:00:00,0.0,0
M000,487,2026-06-21 07:00:00,0.0,0
M000,488,2026-06-21 08:00:00,0.0,0
M000,489,2026-06-21 09:00:00,0.0,0
M000,490,2026-06-21 10:00:00,0.0,0
M000,491,2026-06-21 11:00:00,0.0,0
M000,492,2026-06-21 12:00:00,0.0,0
M000,493,2026-06-21 13:00:00,0.0,0
M000,494,2026-06-21 14:00:00,0.0,0
M000,495,2026-06-21 15:00:00,0.0,0
M000,496,2026-06-21 16:00:00,0.0,0
M000,497,2026-06-21 17:00:00,0.0,0
M000,498,2026-06-21 18:00:00,0.0,0
M000,499,2026-06-21 19:00:00,0.0,0
M000,500,2026-06-21 20:00:00,0.0,0
M000,501,2026-06-21 21:00:00,0.0,0
M000,502,2026-06-21 22:00:00,0.0,0
M000,503,2026-06-21 23:00:00,0.0,0
M000,504,2026-06-22 00:00:00,0.0,0
M000,505,2026-06-22 01:00:00,0.0,0
M000,506,2026-06-22 02:00:00,0.0,0
M000,507,2026-06-22 03:00:00,0.0,0
M000,508,2026-06-22 04:00:00,0.0,0
M000,509,2026-06-22 05:00:00,0.0,0
M000,510,2026-06-22 06:00:00,0.0,0
M000,511,2026-06-22 07:00:00,0.0,0
M000,512,2026-06-22 08:00:00,0.0,0
M000,513,2026-06-22 09:00:00,0.0,0
M000,514,2026-06-22 10:00:00,0.0,0
M000,515,2026-06-22 11:00:00,0.0,0
M000,516,2026-06-22 12:00:00,0.0,0
M000,517,2026-06-22 13:00:00,0.0,0
M000,518,2026-06-22 14:00:00,0.0,0
M000,519,2026-06-22 15:00:00,0.0,0
M000,520,2026-06-22 16:00:00,0.0,0
M000,521,2026-06-22 17:00:00,0.0,0
M000,522,2026-06-22 18:00:00,0.0,0
M000,523,2026-06-22 19:00:00,0.0,0
M000,524,2026-06-22 20:00:00,0.0,0
M000,525,2026-06-22 21:00:00,0.0,0
M000,526,2026-06-22 22:00:00,0.0,0
M000,527,2026-06-22 23:00:00,0.0,0
M000,528,2026-06-23 00:00:00,0.0,0
M000,529,2026-06-23 01:00:00,0.0,0
M000,530,2026-06-23 02:00:00,0.0,0
M000,531,2026-06-23 03:00:00,0.0,0
M000,532,2026-06-23 04:00:00,0.0,0
M000,533,2026-06-23 05:00:00,0.0,0
M000,534,2026-06-23 06:00:00,0.0,0
M000,535,2026-06-23 07:00:00,0.0,0
M000,536,2026-06-23 08:00:00,0.0,0
M000,537,2026-06-23 09:00:00,0.0,0
M000,538,2026-06-23 10:00:00,0.0,0
M000,539,2026-06-23 11:00:00,0.0,0
M000,540,2026-06-23 12:00:00,0.0,0
M000,541,2026-06-23 13:00:00,0.0,0
M000,542,2026-06-23 14:00:00,0.0,0
M000,543,2026-06-23 15:00:00,0.0,0
M000,544,2026-06-23 16:00:00,0.0,0
M000,545,2026-06-23 17:00:00,0.0,0
M000,546,2026-06-23 18:00:00,0.0,0
M000,547,2026-06-23 19:00:00,0.0,0
M000,548,2026-06-23 20:00:00,0.0,0
M000,549,2026-06-23 21:00:00,0.0,0
M000,550,2026-06-23 22:00:00,0.0,0
M000,551,2026-06-23 23:00:00,0.0,0
M000,552,2026-06-24 00:00:00,0.0,0
M000,553,2026-06-24 01:00:00,0.0,0
M000,554,2026-06-24 02:00:00,0.0,0
M000,555,2026-06-24 03:00:00,0.0,0
M000,556,2026-06-24 04:00:00,0.0,0
M000,557,2026-06-24 05:00:00,0.0,0
M000,558,2026-06-24 06:00:00,0.0,0
M000,559,2026-06-24 07:00:00,0.0,0
M000,560,2026-06-24 08:00:00,0.0,0
M000,561,2026-06-24 09:00:00,0.0,0
M000,562,2026-06-24 10:00:00,0.0,0
M000,563,2026-06-24 11:00:00,0.0,0
M000,564,2026-06-24 12:00:00,0.0,0
M000,565,2026-06-24 13:00:00,0.0,0
M000,566,2026-06-24 14:00:00,0.0,0
M000,567,2026-06-24 15:00:00,0.0,0
M000,568,2026-06-24 16:00:00,0.0,0
M000,569,2026-06-24 17:00:00,0.0,0
M000,570,2026-06-24 18:00:00,0.0,0
M000,571,2026-06-24 19:00:00,0.0,0
M000,572,2026-06-24 20:00:00,0.0,0
M000,573,2026-06-24 21:00:00,0.0,0
M000,574,2026-06-24 22:00:00,0.0,0
M000,575,2026-06-24 23:00:00,0.0,0
M000,576,2026-06-25 00:00:00,0.0,0
M000,577,2026-06-25 01:00:00,0.0,0
M000,578,2026-06-25 02:00:00,0.0,0
M000,579,2026-06-25 03:00:00,0.0,0
M000,580,2026-06-25 04:00:00,0.0,0
M000,581,2026-06-25 05:00:00,0.0,0
M000,582,2026-06-25 06:00:00,0.0,0
M000,583,2026-06-25 07:00:00,0.0,0
M000,584,2026-06-25 08:00:00,0.0,0
M000,585,2026-06-25 09:00:00,0.0,0
M000,586,2026-06-25 10:00:00,0.0,0
M000,587,2026-06-25 11:00:00,0.0,0
M000,588,2026-06-25 12:00:00,0.0,0
M000,589,2026-06-25 13:00:00,0.0,0
M000,590,2026-06-25 14:00:00,0.0,0
M000,591,2026-06-25 15:00:00,0.0,0
M000,592,2026-06-25 16:00:00,0.0,0
M000,593,2026-06-25 17:00:00,0.0,0
M000,594,2026-06-25 18:00:00,0.0,0
M000,595,2026-06-25 19:00:00,0.0,0
M000,596,2026-06-25 20:00:00,0.0,0
M000,597,2026-06-25 21:00:00,0.0,0
M000,598,2026-06-25 22:00:00,0.0,0
M000,599,2026-06-25 23:00:00,0.0,0
M000,600,2026-06-26 00:00:00,0.0,0
M000,601,2026-06-26 01:00:00,0.0,0
M000,602,2026-06-26 02:00:00,0.0,0
M000,603,2026-06-26 03:00:00,0.0,0
M000,604,2026-06-26 04:00:00,0.0,0
M000,605,2026-06-26 05:00:00,0.0,0
M000,606,2026-06-26 06:00:00,0.0,0
M000,607,2026-06-26 07:00:00,0.0,0
M000,608,2026-06-26 08:00:00,0.0,0
M000,609,2026-06-26 09:00:00,0.0,0
M000,610,2026-06-26 10:00:00,0.0,0
M000,611,2026-06-26 11:00:00,0.0,0
M000,612,2026-06-26 12:00:00,0.0,0
M000,613,2026-06-26 13:00:00,0.0,0
M000,614,2026-06-26 14:00:00,0.0,0
M000,615,2026-06-26 15:00:00,0.0,0
M000,616,2026-06-26 16:00:00,0.0,0
M000,617,2026-06-26 17:00:00,0.0,0
M000,618,2026-06-26 18:00:00,0.0,0
M000,619,2026-06-26 19:00:00,0.0,0
M000,620,2026-06-26 20:00:00,0.0,0
M000,621,2026-06-26 21:00:00,0.0,0
M000,622,2026-06-26 22:00:00,0.0,0
M000,623,2026-06-26 23:00:00,0.0,0
M000,624,2026-06-27 00:00:00,0.0,0
M000,625,2026-06-27 01:00:00,0.0,0
M000,626,2026-06-27 02:00:00,0.0,0
M000,627,2026-06-27 03:00:00,0.0,0
M000,628,2026-06-27 04:00:00,0.0,0
M000,629,2026-06-27 05:00:00,0.0,0
M000,630,2026-06-27 06:00:00,0.0,0
M000,631,2026-06-27 07:00:00,0.0,0
M000,632,2026-06-27 08:00:00,0.0,0
M000,633,2026-06-27 09:00:00,0.0,0
M000,634,2026-06-27 10:00:00,0.0,0
M000,635,2026-06-27 11:00:00,0.0,0
M000,636,2026-06-27 12:00:00,0.0,0
M000,637,2026-06-27 13:00:00,0.0,0
M000,638,2026-06-27 14:00:00,0.0,0
M000,639,2026-06-27 15:00:00,0.0,0
M000,640,2026-06-27 16:00:00,0.0,0
M000,641,2026-06-27 17:00:00,0.0,0
M000,642,2026-06-27 18:00:00,0.0,0
M000,643,2026-06-27 19:00:00,0.0,0
M000,644,2026-06-27 20:00:00,0.0,0
M000,645,2026-06-27 21:00:00,0.0,0
M000,646,2026-06-27 22:00:00,0.0,0
M000,647,2026-06-27 23:00:00,0.0,0
M000,648,2026-06-28 00:00:00,0.0,0
M000,649,2026-06-28 01:00:00,0.0,0
M000,650,2026-06-28 02:00:00,0.0,0
M000,651,2026-06-28 03:00:00,0.0,0
M000,652,2026-06-28 04:00:00,0.0,0
M000,653,2026-06-28 05:00:00,0.0,0
M000,654,2026-06-28 06:00:00,0.0,0
M000,655,2026-06-28 07:00:00,0.0,0
M000,656,2026-06-28 08:00:00,0.0,0
M000,657,2026-06-28 09:00:00,0.0,0
M000,658,2026-06-28 10:00:00,0.0,0
M000,659,2026-06-28 11:00:00,0.0,0
M000,660,2026-06-28 12:00:00,0.0,0
M000,661,2026-06-28 13:00:00,0.0,0
M000,662,2026-06-28 14:00:00,0.0,0
M000,663,2026-06-28 15:00:00,0.0,0
M000,664,2026-06-28 16:00:00,0.0,0
M000,665,2026-06-28 17:00:00,0.0,0
M000,666,2026-06-28 18:00:00,0.0,0
M000,667,2026-06-28 19:00:00,0.0,0
M000,668,2026-06-28 20:00:00,0.0,0
M000,669,2026-06-28 21:00:00,0.0,0
M000,670,2026-06-28 22:00:00,0.0,0
M000,671,2026-06-28 23:00:00,0.0,0
M000,672,2026-06-29 00:00:00,0.0,0
M000,673,2026-06-29 01:00:00,0.0,0
M000,674,2026-06-29 02:00:00,0.0,0
M000,675,2026-06-29 03:00:00,0.0,0
M000,676,2026-06-29 04:00:00,0.0,0
M000,677,2026-06-29 05:00:00,0.0,0
M000,678,2026-06-29 06:00:00,0.0,0
M000,679,2026-06-29 07:00:00,0.0,0
M000,680,2026-06-29 08:00:00,0.0,0
M000,681,2026-06-29 09:00:00,0.0,0
M000,682,2026-06-29 10:00:00,0.0,0
M000,683,2026-06-29 11:00:00,0.0,0
M000,684,2026-06-29 12:00:00,0.0,0
M000,685,2026-06-29 13:00:00,0.0,0
M000,686,2026-06-29 14:00:00,0.0,0
M000,687,2026-06-29 15:00:00,0.0,0
M000,688,2026-06-29 16:00:00,0.0,0
M000,689,2026-06-29 17:00:00,0.0,0
M000,690,2026-06-29 18:00:00,0.0,0
M000,691,2026-06-29 19:00:00,0.0,0
M000,692,2026-06-29 20:00:00,0.0,0
M000,693,2026-06-29 21:00:00,0.0,0
M000,694,2026-06-29 22:00:00,0.0,0
M000,695,2026-06-29 23:00:00,0.0,0
M000,696,2026-06-30 00:00:00,0.0,0
M000,697,2026-06-30 01:00:00,0.0,0
M000,698,2026-06-30 02:00:00,0.0,0
M000,699,2026-06-30 03:00:00,0.0,0
M000,700,2026-06-30 04:00:00,0.0,0
M000,701,2026-06-30 05:00:00,0.0,0
M000,702,2026-06-30 06:00:00,0.0,0
M000,703,2026-06-30 07:00:00,0.0,0
M000,704,2026-06-30 08:00:00,0.0,0
M000,705,2026-06-30 09:00:00,0.0,0
M000,706,2026-06-30 10:00:00,0.0,0
M000,707,2026-06-30 11:00:00,0.0,0
M000,708,2026-06-30 12:00:00,0.0,0
M000,709,2026-06-30 13:00:00,0.0,0
M000,710,2026-06-30 14:00:00,0.0,0
M000,711,2026-06-30 15:00:00,0.0,0
M000,712,2026-06-30 16:00:00,0.0,0
M000,713,2026-06-30 17:00:00,0.0,0
M000,714,2026-06-30 18:00:00,0.0,0
M000,715,2026-06-30 19:00:00,0.0,0
M000,716,2026-06-30 20:00:00,0.0,0
M000,717,2026-06-30 21:00:00,0.0,0
M000,718,2026-06-30 22:00:00,0.0,0
M000,719,2026-06-30 23:00:00,0.0,0
M001,23,2026-06-01 23:00:00,0.0,0
M001,24,2026-06-02 00:00:00,0.0,0
M001,25,2026-06-02 01:00:00,0.0,0
M001,26,2026-06-02 02:00:00,0.0,0
M001,27,2026-06-02 03:00:00,0.0,0
M001,28,2026-06-02 04:00:00,0.0,0
M001,29,2026-06-02 05:00:00,0.0,0
M001,30,2026-06-02 06:00:00,0.0,0
M001,31,2026-06-02 07:00:00,0.0,0
M001,32,2026-06-02 08:00:00,0.0,0
M001,33,2026-06-02 09:00:00,0.0,0
M001,34,2026-06-02 10:00:00,0.0,0
M001,35,2026-06-02 11:00:00,0.0,0
M001,36,2026-06-02 12:00:00,0.0,0
M001,37,2026-06-02 13:00:00,0.0,0
M001,38,2026-06-02 14:00:00,0.0,0
M001,39,2026-06-02 15:00:00,0.0,0
M001,40,2026-06-02 16:00:00,0.0,0
M001,41,2026-06-02 17:00:00,0.0,0
M001,42,2026-06-02 18:00:00,0.0,0
M001,43,2026-06-02 19:00:00,0.0,0
M001,44,2026-06-02 20:00:00,0.0,0
M001,45,2026-06-02 21:00:00,0.0,0
M001,46,2026-06-02 22:00:00,0.0,0
M001,47,2026-06-02 23:00:00,0.0,0
M001,48,2026-06-03 00:00:00,0.0,0
M001,49,2026-06-03 01:00:00,0.0,0
M001,50,2026-06-03 02:00:00,0.0,0
M001,51,2026-06-03 03:00:00,0.0,0
M001,52,2026-06-03 04:00:00,0.0,0
M001,53,2026-06-03 05:00:00,0.0,0
M001,54,2026-06-03 06:00:00,0.0,0
M001,55,2026-06-03 07:00:00,0.0,0
M001,56,2026-06-03 08:00:00,0.0,0
M001,57,2026-06-03 09:00:00,0.0,0
M001,58,2026-06-03 10:00:00,0.0,0
M001,59,2026-06-03 11:00:00,0.0,0
M001,60,2026-06-03 12:00:00,0.0,0
M001,61,2026-06-03 13:00:00,0.0,0
M001,62,2026-06-03 14:00:00,0.0,0
M001,63,2026-06-03 15:00:00,0.0,0
M001,64,2026-06-03 16:00:00,0.0,0
M001,65,2026-06-03 17:00:00,0.0,0
M001,66,2026-06-03 18:00:00,0.0,0
M001,67,2026-06-03 19:00:00,0.0,0
M001,68,2026-06-03 20:00:00,0.0,0
M001,69,2026-06-03 21:00:00,0.0,0
M001,70,2026-06-03 22:00:00,0.0,0
M001,71,2026-06-03 23:00:00,0.0,0
M001,72,2026-06-04 00:00:00,0.0,0
M001,73,2026-06-04 01:00:00,0.0,0
M001,74,2026-06-04 02:00:00,0.0,0
M001,75,2026-06-04 03:00:00,0.0,0
M001,76,2026-06-04 04:00:00,0.0,0
M001,77,2026-06-04 05:00:00,0.0,0
M001,78,2026-06-04 06:00:00,0.0,0
M001,79,2026-06-04 07:00:00,0.0,0
M001,80,2026-06-04 08:00:00,0.0,0
M001,81,2026-06-04 09:00:00,0.0,0
M001,82,2026-06-04 10:00:00,0.0,0
M001,83,2026-06-04 11:00:00,0.0,0
M001,84,2026-06-04 12:00:00,0.0,0
M001,85,2026-06-04 13:00:00,0.0,0
M001,86,2026-06-04 14:00:00,0.0,0
M001,87,2026-06-04 15:00:00,0.0,0
M001,88,2026-06-04 16:00:00,0.0,0
M001,89,2026-06-04 17:00:00,0.0,0
M001,90,2026-06-04 18:00:00,0.0,0
M001,91,2026-06-04 19:00:00,0.0,0
M001,92,2026-06-04 20:00:00,0.0,0
M001,93,2026-06-04 21:00:00,0.0,0
M001,94,2026-06-04 22:00:00,0.0,0
M001,95,2026-06-04 23:00:00,0.0,0
M001,96,2026-06-05 00:00:00,0.0,0
M001,97,2026-06-05 01:00:00,0.0,0
M001,98,2026-06-05 02:00:00,0.0,0
M001,99,2026-06-05 03:00:00,0.0,0
M001,100,2026-06-05 04:00:00,0.0,0
M001,101,2026-06-05 05:00:00,0.0,0
M001,102,2026-06-05 06:00:00,0.0,0
M001,103,2026-06-05 07:00:00,0.0,0
M001,104,2026-06-05 08:00:00,0.0,0
M001,105,2026-06-05 09:00:00,0.0,0
M001,106,2026-06-05 10:00:00,0.0,0
M001,107,2026-06-05 11:00:00,0.0,0
M001,108,2026-06-05 12:00:00,0.0,0
M001,109,2026-06-05 13:00:00,0.0,0
M001,110,2026-06-05 14:00:00,0.0,0
M001,111,2026-06-05 15:00:00,0.0,0
M001,112,2026-06-05 16:00:00,0.0,0
M001,113,2026-06-05 17:00:00,0.0,0
M001,114,2026-06-05 18:00:00,0.0,0
M001,115,2026-06-05 19:00:00,0.0,0
M001,116,2026-06-05 20:00:00,0.0,0
M001,117,2026-06-05 21:00:00,0.0,0
M001,118,2026-06-05 22:00:00,0.0,0
M001,119,2026-06-05 23:00:00,0.0,0
M001,120,2026-06-06 00:00:00,0.0,0
M001,121,2026-06-06 01:00:00,0.0,0
M001,122,2026-06-06 02:00:00,0.0,0
M001,123,2026-06-06 03:00:00,0.0,0
M001,124,2026-06-06 04:00:00,0.0027606627983489864,0
M001,125,2026-06-06 05:00:00,0.0,0
M001,126,2026-06-06 06:00:00,0.0,0
M001,127,2026-06-06 07:00:00,0.0,0
M001,128,2026-06-06 08:00:00,0.0,0
M001,129,2026-06-06 09:00:00,0.002655779809479999,0
M001,130,2026-06-06 10:00:00,0.0,0
M001,131,2026-06-06 11:00:00,0.0,0
M001,132,2026-06-06 12:00:00,0.0,0
M001,133,2026-06-06 13:00:00,0.0,0
M001,134,2026-06-06 14:00:00,0.0,0
M001,135,2026-06-06 15:00:00,0.0,0
M001,136,2026-06-06 16:00:00,0.0,0
M001,137,2026-06-06 17:00:00,0.0,0
M001,138,2026-06-06 18:00:00,0.0,0
M001,139,2026-06-06 19:00:00,0.0,0
M001,140,2026-06-06 20:00:00,0.0,0
M001,141,2026-06-06 21:00:00,0.0,0
M001,142,2026-06-06 22:00:00,0.0,0
M001,143,2026-06-06 23:00:00,0.0,0
M001,144,2026-06-07 00:00:00,0.0,0
M001,145,2026-06-07 01:00:00,0.0,0
M001,146,2026-06-07 02:00:00,0.0,0
M001,147,2026-06-07 03:00:00,0.0,0
M001,148,2026-06-07 04:00:00,0.0,0
M001,149,2026-06-07 05:00:00,0.0,0
M001,150,2026-06-07 06:00:00,0.0049476810105864985,0
M001,151,2026-06-07 07:00:00,0.0023150197893607033,0
M001,152,2026-06-07 08:00:00,0.0049476810105864985,0
M001,153,2026-06-07 09:00:00,0.0023150197893607033,0
M001,154,2026-06-07 10:00:00,0.0,0
M001,155,2026-06-07 11:00:00,0.0,0
M001,156,2026-06-07 12:00:00,0.0,0
M001,157,2026-06-07 13:00:00,0.0,0
M001,158,2026-06-07 14:00:00,0.0,0
M001,159,2026-06-07 15:00:00,0.003164412094577583,0
M001,160,2026-06-07 16:00:00,0.006159819501190642,0
M001,161,2026-06-07 17:00:00,0.006159819501190642,0
M001,162,2026-06-07 18:00:00,0.0029993694692670627,0
M001,163,2026-06-07 19:00:00,0.005751712333231726,0
M001,164,2026-06-07 20:00:00,0.003023418232610926,0
M001,165,2026-06-07 21:00:00,0.008857076171645136,0
M001,166,2026-06-07 22:00:00,0.006335378737705995,0
M001,167,2026-06-07 23:00:00,0.00316045003192358,0
M001,168,2026-06-08 00:00:00,0.00316045003192358,0
M001,169,2026-06-08 01:00:00,0.0046597988385480545,0
M001,170,2026-06-08 02:00:00,0.004685086023650327,0
M001,171,2026-06-08 03:00:00,0.003186866613011842,0
M001,172,2026-06-08 04:00:00,0.032515393005993445,0
M001,173,2026-06-08 05:00:00,0.04295624183012577,0
M001,174,2026-06-08 06:00:00,0.04065127845385505,0
M001,175,2026-06-08 07:00:00,0.051171475963088756,0
M001,176,2026-06-08 08:00:00,0.04328649468854715,0
M001,177,2026-06-08 09:00:00,0.030537239437077843,0
M001,178,2026-06-08 10:00:00,0.023221287138707747,0
M001,179,2026-06-08 11:00:00,0.022600865035505357,0
M001,180,2026-06-08 12:00:00,0.05429157900510579,0
M001,181,2026-06-08 13:00:00,0.0232368504324099,0
M001,182,2026-06-08 14:00:00,0.1708382442045663,0
M001,183,2026-06-08 15:00:00,0.22931029033662104,0
M001,184,2026-06-08 16:00:00,0.22937362564550223,0
M001,185,2026-06-08 17:00:00,0.23663105194111025,0
M001,186,2026-06-08 18:00:00,0.18886104072111873,0
M001,187,2026-06-08 19:00:00,0.1830051566512149,0
M001,188,2026-06-08 20:00:00,0.1672009131942303,0
M001,189,2026-06-08 21:00:00,0.2064506379901488,0
M001,190,2026-06-08 22:00:00,0.1803697923192813,0
M001,191,2026-06-08 23:00:00,0.17707304351862738,0
M001,192,2026-06-09 00:00:00,0.18617557839088203,0
M001,193,2026-06-09 01:00:00,0.1745100840248486,0
M001,194,2026-06-09 02:00:00,0.17365339611077776,0
M001,195,2026-06-09 03:00:00,0.38535511748408585,0
M001,196,2026-06-09 04:00:00,0.3743476449179641,0
M001,197,2026-06-09 05:00:00,0.5235533931793255,0
M001,198,2026-06-09 06:00:00,0.6275359731292882,0
M001,199,2026-06-09 07:00:00,0.8579222166023159,0
M001,200,2026-06-09 08:00:00,0.7152249641799958,0
M001,201,2026-06-09 09:00:00,0.6389178869054802,0
M001,202,2026-06-09 10:00:00,0.7669990554311452,0
M001,203,2026-06-09 11:00:00,0.7292347414155003,0
M001,204,2026-06-09 12:00:00,0.7687025881899214,0
M001,205,2026-06-09 13:00:00,0.7912016880166671,0
M001,206,2026-06-09 14:00:00,0.7344152955193938,0
M001,207,2026-06-09 15:00:00,0.8303757141325144,0
M001,208,2026-06-09 16:00:00,0.8127133290178525,0
M001,209,2026-06-09 17:00:00,0.7693979665361005,0
M001,210,2026-06-09 18:00:00,0.8009464305227815,0
M001,211,2026-06-09 19:00:00,0.8274465110772757,0
M001,212,2026-06-09 20:00:00,0.9272344672591804,0
M001,213,2026-06-09 21:00:00,0.9214383088524472,0
M001,214,2026-06-09 22:00:00,0.9521822008493427,0
M001,215,2026-06-09 23:00:00,0.9459897834444685,0
M001,216,2026-06-10 00:00:00,0.9592844571088774,0
M001,217,2026-06-10 01:00:00,0.9580981965589581,0
M001,218,2026-06-10 02:00:00,0.9671354341221698,1
M001,219,2026-06-10 03:00:00,0.9811430098058341,1
M001,220,2026-06-10 04:00:00,0.9814298526368365,1
M001,221,2026-06-10 05:00:00,0.9862272485049196,1
M001,222,2026-06-10 06:00:00,0.9863187873683137,1
M001,223,2026-06-10 07:00:00,0.9863187873683137,1
M001,224,2026-06-10 08:00:00,0.9863187873683137,1
M001,225,2026-06-10 09:00:00,0.9863187873683137,1
M001,226,2026-06-10 10:00:00,0.9863187873683137,1
M001,227,2026-06-10 11:00:00,0.9863187873683137,1
M001,228,2026-06-10 12:00:00,0.9863187873683137,1
M001,229,2026-06-10 13:00:00,0.9863187873683137,1
M001,230,2026-06-10 14:00:00,0.9863187873683137,1
M001,231,2026-06-10 15:00:00,0.9863187873683137,1
M001,232,2026-06-10 16:00:00,0.9863187873683137,1
M001,233,2026-06-10 17:00:00,0.9764814860100017,1
M001,234,2026-06-10 18:00:00,0.9863187873683137,1
M001,235,2026-06-10 19:00:00,0.9863187873683137,1
M001,236,2026-06-10 20:00:00,0.9863187873683137,1
M001,237,2026-06-10 21:00:00,0.9863187873683137,1
M001,238,2026-06-10 22:00:00,0.9863187873683137,1
M001,239,2026-06-10 23:00:00,0.9863187873683137,1
M001,240,2026-06-11 00:00:00,0.982824096894009,1
M001,241,2026-06-11 01:00:00,0.973832730306387,1
M001,242,2026-06-11 02:00:00,0.9863187873683137,1
M001,243,2026-06-11 03:00:00,0.9863187873683137,1
M001,244,2026-06-11 04:00:00,0.9863187873683137,1
M001,245,2026-06-11 05:00:00,0.9863187873683137,1
M001,246,2026-06-11 06:00:00,0.9863187873683137,1
M001,247,2026-06-11 07:00:00,0.9863187873683137,1
M001,248,2026-06-11 08:00:00,0.9863187873683137,1
M001,249,2026-06-11 09:00:00,0.9863187873683137,1
M001,250,2026-06-11 10:00:00,0.9863187873683137,1
M001,251,2026-06-11 11:00:00,0.9863187873683137,1
M001,252,2026-06-11 12:00:00,0.9863187873683137,1
M001,253,2026-06-11 13:00:00,0.9863187873683137,1
M001,254,2026-06-11 14:00:00,0.9863187873683137,1
M001,255,2026-06-11 15:00:00,0.9863187873683137,1
M001,256,2026-06-11 16:00:00,0.9863187873683137,1
M001,257,2026-06-11 17:00:00,0.9863187873683137,1
M001,258,2026-06-11 18:00:00,0.9863187873683137,1
M001,259,2026-06-11 19:00:00,0.9784345231081164,1
M001,260,2026-06-11 20:00:00,0.9802002503673659,1
M001,261,2026-06-11 21:00:00,0.9839853707804798,1
M001,262,2026-06-11 22:00:00,0.977428096174782,1
M001,263,2026-06-11 23:00:00,0.9675769077390597,1
M001,264,2026-06-12 00:00:00,0.9153158691366461,1
M001,265,2026-06-12 01:00:00,0.8028123998284336,1
M001,266,2026-06-12 02:00:00,0.33811123339822546,0
M001,267,2026-06-12 03:00:00,0.12302778343074847,0
M001,268,2026-06-12 04:00:00,0.16435899520401076,0
M001,269,2026-06-12 05:00:00,0.15588254372054883,0
M001,270,2026-06-12 06:00:00,0.10686591708578928,0
M001,271,2026-06-12 07:00:00,0.061599852648274264,0
M001,272,2026-06-12 08:00:00,0.057180777856046985,0
M001,273,2026-06-12 09:00:00,0.03951930684207876,0
M001,274,2026-06-12 10:00:00,0.037167518843715816,0
M001,275,2026-06-12 11:00:00,0.04521654419721439,0
M001,276,2026-06-12 12:00:00,0.048840406746581064,0
M001,277,2026-06-12 13:00:00,0.05207370363615647,0
M001,278,2026-06-12 14:00:00,0.055907207494300074,0
M001,279,2026-06-12 15:00:00,0.046367677427220484,0
M001,280,2026-06-12 16:00:00,0.05983664013950656,0
M001,281,2026-06-12 17:00:00,0.05952930485406796,0
M002,23,2026-06-01 23:00:00,0.0,0
M002,24,2026-06-02 00:00:00,0.0,0
M002,25,2026-06-02 01:00:00,0.0,0
M002,26,2026-06-02 02:00:00,0.0,0
M002,27,2026-06-02 03:00:00,0.0,0
M002,28,2026-06-02 04:00:00,0.0,0
M002,29,2026-06-02 05:00:00,0.0,0
M002,30,2026-06-02 06:00:00,0.0,0
M002,31,2026-06-02 07:00:00,0.0,0
M002,32,2026-06-02 08:00:00,0.0,0
M002,33,2026-06-02 09:00:00,0.0,0
M002,34,2026-06-02 10:00:00,0.0,0
M002,35,2026-06-02 11:00:00,0.0,0
M002,36,2026-06-02 12:00:00,0.0,0
M002,37,2026-06-02 13:00:00,0.0,0
M002,38,2026-06-02 14:00:00,0.0,0
M002,39,2026-06-02 15:00:00,0.0,0
M002,40,2026-06-02 16:00:00,0.0,0
M002,41,2026-06-02 17:00:00,0.0,0
M002,42,2026-06-02 18:00:00,0.0,0
M002,43,2026-06-02 19:00:00,0.0,0
M002,44,2026-06-02 20:00:00,0.0,0
M002,45,2026-06-02 21:00:00,0.0,0
M002,46,2026-06-02 22:00:00,0.0,0
M002,47,2026-06-02 23:00:00,0.0,0
M002,48,2026-06-03 00:00:00,0.0,0
M002,49,2026-06-03 01:00:00,0.0,0
M002,50,2026-06-03 02:00:00,0.0,0
M002,51,2026-06-03 03:00:00,0.0,0
M002,52,2026-06-03 04:00:00,0.0,0
M002,53,2026-06-03 05:00:00,0.0,0
M002,54,2026-06-03 06:00:00,0.0,0
M002,55,2026-06-03 07:00:00,0.0,0
M002,56,2026-06-03 08:00:00,0.0,0
M002,57,2026-06-03 09:00:00,0.0,0
M002,58,2026-06-03 10:00:00,0.0,0
M002,59,2026-06-03 11:00:00,0.0,0
M002,60,2026-06-03 12:00:00,0.0,0
M002,61,2026-06-03 13:00:00,0.0,0
M002,62,2026-06-03 14:00:00,0.0,0
M002,63,2026-06-03 15:00:00,0.0,0
M002,64,2026-06-03 16:00:00,0.0,0
M002,65,2026-06-03 17:00:00,0.0,0
M002,66,2026-06-03 18:00:00,0.0,0
M002,67,2026-06-03 19:00:00,0.0,0
M002,68,2026-06-03 20:00:00,0.0,0
M002,69,2026-06-03 21:00:00,0.0,0
M002,70,2026-06-03 22:00:00,0.0,0
M002,71,2026-06-03 23:00:00,0.0,0
M002,72,2026-06-04 00:00:00,0.0,0
M002,73,2026-06-04 01:00:00,0.0,0
M002,74,2026-06-04 02:00:00,0.0,0
M002,75,2026-06-04 03:00:00,0.0,0
M002,76,2026-06-04 04:00:00,0.0,0
M002,77,2026-06-04 05:00:00,0.0,0
M002,78,2026-06-04 06:00:00,0.0,0
M002,79,2026-06-04 07:00:00,0.0,0
M002,80,2026-06-04 08:00:00,0.0,0
M002,81,2026-06-04 09:00:00,0.0,0
M002,82,2026-06-04 10:00:00,0.0,0
M002,83,2026-06-04 11:00:00,0.0,0
M002,84,2026-06-04 12:00:00,0.0,0
M002,85,2026-06-04 13:00:00,0.0,0
M002,86,2026-06-04 14:00:00,0.0,0
M002,87,2026-06-04 15:00:00,0.0,0
M002,88,2026-06-04 16:00:00,0.0,0
M002,89,2026-06-04 17:00:00,0.0,0
M002,90,2026-06-04 18:00:00,0.0,0
M002,91,2026-06-04 19:00:00,0.0,0
M002,92,2026-06-04 20:00:00,0.0,0
M002,93,2026-06-04 21:00:00,0.0,0
M002,94,2026-06-04 22:00:00,0.0,0
M002,95,2026-06-04 23:00:00,0.0,0
M002,96,2026-06-05 00:00:00,0.0,0
M002,97,2026-06-05 01:00:00,0.0,0
M002,98,2026-06-05 02:00:00,0.0,0
M002,99,2026-06-05 03:00:00,0.0,0
M002,100,2026-06-05 04:00:00,0.0,0
M002,101,2026-06-05 05:00:00,0.0,0
M002,102,2026-06-05 06:00:00,0.0,0
M002,103,2026-06-05 07:00:00,0.0,0
M002,104,2026-06-05 08:00:00,0.0,0
M002,105,2026-06-05 09:00:00,0.0,0
M002,106,2026-06-05 10:00:00,0.0,0
M002,107,2026-06-05 11:00:00,0.0,0
M002,108,2026-06-05 12:00:00,0.0,0
M002,109,2026-06-05 13:00:00,0.0,0
M002,110,2026-06-05 14:00:00,0.0,0
M002,111,2026-06-05 15:00:00,0.0,0
M002,112,2026-06-05 16:00:00,0.0,0
M002,113,2026-06-05 17:00:00,0.0,0
M002,114,2026-06-05 18:00:00,0.0,0
M002,115,2026-06-05 19:00:00,0.0,0
M002,116,2026-06-05 20:00:00,0.0,0
M002,117,2026-06-05 21:00:00,0.0,0
M002,118,2026-06-05 22:00:00,0.0,0
M002,119,2026-06-05 23:00:00,0.0,0
M002,120,2026-06-06 00:00:00,0.0,0
M002,121,2026-06-06 01:00:00,0.0,0
M002,122,2026-06-06 02:00:00,0.0,0
M002,123,2026-06-06 03:00:00,0.0,0
M002,124,2026-06-06 04:00:00,0.0,0
M002,125,2026-06-06 05:00:00,0.0,0
M002,126,2026-06-06 06:00:00,0.0,0
M002,127,2026-06-06 07:00:00,0.0,0
M002,128,2026-06-06 08:00:00,0.0,0
M002,129,2026-06-06 09:00:00,0.0,0
M002,130,2026-06-06 10:00:00,0.0,0
M002,131,2026-06-06 11:00:00,0.0,0
M002,132,2026-06-06 12:00:00,0.0,0
M002,133,2026-06-06 13:00:00,0.003164412094577583,0
M002,134,2026-06-06 14:00:00,0.0,0
M002,135,2026-06-06 15:00:00,0.0,0
M002,136,2026-06-06 16:00:00,0.0,0
M002,137,2026-06-06 17:00:00,0.0,0
M002,138,2026-06-06 18:00:00,0.0,0
M002,139,2026-06-06 19:00:00,0.0,0
M002,140,2026-06-06 20:00:00,0.005399925292296818,0
M002,141,2026-06-06 21:00:00,0.0024069327474673502,0
M002,142,2026-06-06 22:00:00,0.0,0
M002,143,2026-06-06 23:00:00,0.0,0
M002,144,2026-06-07 00:00:00,0.003090133547724329,0
M002,145,2026-06-07 01:00:00,0.003090133547724329,0
M002,146,2026-06-07 02:00:00,0.0,0
M002,147,2026-06-07 03:00:00,0.0,0
M002,148,2026-06-07 04:00:00,0.0026366253026057452,0
M002,149,2026-06-07 05:00:00,0.0,0
M002,150,2026-06-07 06:00:00,0.027097911537639185,0
M002,151,2026-06-07 07:00:00,0.014422040054303118,0
M002,152,2026-06-07 08:00:00,0.020286797299323943,0
M002,153,2026-06-07 09:00:00,0.017344395362533783,0
M002,154,2026-06-07 10:00:00,0.014163478753525844,0
M002,155,2026-06-07 11:00:00,0.011328371294024435,0
M002,156,2026-06-07 12:00:00,0.0029011145264830726,0
M002,157,2026-06-07 13:00:00,0.010905734049167752,0
M002,158,2026-06-07 14:00:00,0.0,0
M002,159,2026-06-07 15:00:00,0.0,0
M002,160,2026-06-07 16:00:00,0.010839726982186087,0
M002,161,2026-06-07 17:00:00,0.03413331417012907,0
M002,162,2026-06-07 18:00:00,0.011515095785821602,0
M002,163,2026-06-07 19:00:00,0.006000727591912222,0
M002,164,2026-06-07 20:00:00,0.012279337769303024,0
M002,165,2026-06-07 21:00:00,0.018139767477610882,0
M002,166,2026-06-07 22:00:00,0.014706268702166743,0
M002,167,2026-06-07 23:00:00,0.024560696935326077,0
M002,168,2026-06-08 00:00:00,0.014490251270118921,0
M002,169,2026-06-08 01:00:00,0.02345739758587501,0
M002,170,2026-06-08 02:00:00,0.014783296032802698,0
M002,171,2026-06-08 03:00:00,0.01787301026681563,0
M002,172,2026-06-08 04:00:00,0.012727660923142758,0
M002,173,2026-06-08 05:00:00,0.021190323499556386,0
M002,174,2026-06-08 06:00:00,0.005644918634858877,0
M002,175,2026-06-08 07:00:00,0.02385936485764162,0
M002,176,2026-06-08 08:00:00,0.015216593941379393,0
M002,177,2026-06-08 09:00:00,0.02329096941343169,0
M002,178,2026-06-08 10:00:00,0.023232349906213277,0
M002,179,2026-06-08 11:00:00,0.03607999457208433,0
M002,180,2026-06-08 12:00:00,0.03802261685826459,0
M002,181,2026-06-08 13:00:00,0.04696903391011681,0
M002,182,2026-06-08 14:00:00,0.06406088174989302,0
M002,183,2026-06-08 15:00:00,0.06480142801848643,0
M002,184,2026-06-08 16:00:00,0.06389505399235147,0
M002,185,2026-06-08 17:00:00,0.07522960972630924,0
M002,186,2026-06-08 18:00:00,0.09954860508764352,0
M002,187,2026-06-08 19:00:00,0.12064232171571909,0
M002,188,2026-06-08 20:00:00,0.3093801991071467,0
M002,189,2026-06-08 21:00:00,0.2825506395001222,0
M002,190,2026-06-08 22:00:00,0.3333282768798171,0
M002,191,2026-06-08 23:00:00,0.45296193126536205,0
M002,192,2026-06-09 00:00:00,0.2952741943897561,0
M002,193,2026-06-09 01:00:00,0.4368155909786853,0
M002,194,2026-06-09 02:00:00,0.3040231862831492,0
M002,195,2026-06-09 03:00:00,0.4831073360289534,0
M002,196,2026-06-09 04:00:00,0.4447239391001311,0
M002,197,2026-06-09 05:00:00,0.5107899235078344,0
M002,198,2026-06-09 06:00:00,0.7285559040800037,0
M002,199,2026-06-09 07:00:00,0.7790733986885028,0
M002,200,2026-06-09 08:00:00,0.787565064716815,0
M002,201,2026-06-09 09:00:00,0.7447753027418588,0
M002,202,2026-06-09 10:00:00,0.6935456958520286,0
M002,203,2026-06-09 11:00:00,0.669181836451538,0
M002,204,2026-06-09 12:00:00,0.6706314389588238,0
M002,205,2026-06-09 13:00:00,0.6956201707680906,0
M002,206,2026-06-09 14:00:00,0.6720010618058047,0
M002,207,2026-06-09 15:00:00,0.6732032358228037,0
M002,208,2026-06-09 16:00:00,0.7593089521211598,0
M002,209,2026-06-09 17:00:00,0.7967915049693977,0
M002,210,2026-06-09 18:00:00,0.9491446619100308,1
M002,211,2026-06-09 19:00:00,0.960134508120337,1
M002,212,2026-06-09 20:00:00,0.9640034072593094,1
M002,213,2026-06-09 21:00:00,0.9655347021957135,1
M002,214,2026-06-09 22:00:00,0.9787697598196212,1
M002,215,2026-06-09 23:00:00,0.9806571305066043,1
M002,216,2026-06-10 00:00:00,0.9672484668275515,1
M002,217,2026-06-10 01:00:00,0.9535955937230034,1
M002,218,2026-06-10 02:00:00,0.9838135216414581,1
M002,219,2026-06-10 03:00:00,0.9819732181477595,1
M002,220,2026-06-10 04:00:00,0.9827422520462928,1
M002,221,2026-06-10 05:00:00,0.9811666810888598,1
M002,222,2026-06-10 06:00:00,0.9812456172711601,1
M002,223,2026-06-10 07:00:00,0.9776020548830977,1
M002,224,2026-06-10 08:00:00,0.9808849604843183,1
M002,225,2026-06-10 09:00:00,0.9837154918543131,1
M002,226,2026-06-10 10:00:00,0.9696040686258971,1
M002,227,2026-06-10 11:00:00,0.9810390259306327,1
M002,228,2026-06-10 12:00:00,0.982722451426493,1
M002,229,2026-06-10 13:00:00,0.9858365552714955,1
M002,230,2026-06-10 14:00:00,0.9858365552714955,1
M002,231,2026-06-10 15:00:00,0.9858365552714955,1
M002,232,2026-06-10 16:00:00,0.9828441812229312,1
M002,233,2026-06-10 17:00:00,0.9818393914681186,1
M002,234,2026-06-10 18:00:00,0.9694478564244097,1
M002,235,2026-06-10 19:00:00,0.9792847671969448,1
M002,236,2026-06-10 20:00:00,0.9858365552714955,1
M002,237,2026-06-10 21:00:00,0.9861153924264001,1
M002,238,2026-06-10 22:00:00,0.9862069312897942,1
M002,239,2026-06-10 23:00:00,0.9862069312897942,1
M002,240,2026-06-11 00:00:00,0.9862575784318085,1
M002,241,2026-06-11 01:00:00,0.9859381049311111,1
M002,242,2026-06-11 02:00:00,0.9862575784318085,1
M002,243,2026-06-11 03:00:00,0.986369434510328,1
M002,244,2026-06-11 04:00:00,0.9129511866915887,1
M002,245,2026-06-11 05:00:00,0.9864212347615315,1
M002,246,2026-06-11 06:00:00,0.986101761260834,1
M002,247,2026-06-11 07:00:00,0.9864212347615315,1
M002,248,2026-06-11 08:00:00,0.9864212347615315,1
M002,249,2026-06-11 09:00:00,0.9864212347615315,1
M002,250,2026-06-11 10:00:00,0.9864212347615315,1
M002,251,2026-06-11 11:00:00,0.9815840953943642,1
M002,252,2026-06-11 12:00:00,0.9815840953943642,1
M002,253,2026-06-11 13:00:00,0.9815840953943642,1
M002,254,2026-06-11 14:00:00,0.9782825072057333,1
M002,255,2026-06-11 15:00:00,0.9782825072057333,1
M002,256,2026-06-11 16:00:00,0.9694403125567604,1
M002,257,2026-06-11 17:00:00,0.9365697049956521,1
M002,258,2026-06-11 18:00:00,0.34673472411742906,0
M002,259,2026-06-11 19:00:00,0.3214813325584545,0
M002,260,2026-06-11 20:00:00,0.3127262744627832,0
M002,261,2026-06-11 21:00:00,0.3126354566832024,0
M002,262,2026-06-11 22:00:00,0.39815495685220836,0
M002,263,2026-06-11 23:00:00,0.32067532587331127,0
M002,264,2026-06-12 00:00:00,0.32470509923570123,0
M002,265,2026-06-12 01:00:00,0.5250763754890816,0
M002,266,2026-06-12 02:00:00,0.5219167700964198,0
M002,267,2026-06-12 03:00:00,0.5106046677563293,0
M002,268,2026-06-12 04:00:00,0.5383886856481828,0
M002,269,2026-06-12 05:00:00,0.5667398156639095,0
M002,270,2026-06-12 06:00:00,0.5636917189170815,0
M002,271,2026-06-12 07:00:00,0.2764729003766199,0
M002,272,2026-06-12 08:00:00,0.25955962043347186,0
M002,273,2026-06-12 09:00:00,0.2543497193880251,0
M003,23,2026-06-01 23:00:00,0.0,0
M003,24,2026-06-02 00:00:00,0.0,0
M003,25,2026-06-02 01:00:00,0.0,0
M003,26,2026-06-02 02:00:00,0.0,0
M003,27,2026-06-02 03:00:00,0.0,0
M003,28,2026-06-02 04:00:00,0.0,0
M003,29,2026-06-02 05:00:00,0.0,0
M003,30,2026-06-02 06:00:00,0.0,0
M003,31,2026-06-02 07:00:00,0.0,0
M003,32,2026-06-02 08:00:00,0.0,0
M003,33,2026-06-02 09:00:00,0.0,0
M003,34,2026-06-02 10:00:00,0.0,0
M003,35,2026-06-02 11:00:00,0.0,0
M003,36,2026-06-02 12:00:00,0.0,0
M003,37,2026-06-02 13:00:00,0.0,0
M003,38,2026-06-02 14:00:00,0.0,0
M003,39,2026-06-02 15:00:00,0.0,0
M003,40,2026-06-02 16:00:00,0.0,0
M003,41,2026-06-02 17:00:00,0.0,0
M003,42,2026-06-02 18:00:00,0.0,0
M003,43,2026-06-02 19:00:00,0.0,0
M003,44,2026-06-02 20:00:00,0.0,0
M003,45,2026-06-02 21:00:00,0.0,0
M003,46,2026-06-02 22:00:00,0.0,0
M003,47,2026-06-02 23:00:00,0.0,0
M003,48,2026-06-03 00:00:00,0.0,0
M003,49,2026-06-03 01:00:00,0.0,0
M003,50,2026-06-03 02:00:00,0.0,0
M003,51,2026-06-03 03:00:00,0.0,0
M003,52,2026-06-03 04:00:00,0.0,0
M003,53,2026-06-03 05:00:00,0.0,0
M003,54,2026-06-03 06:00:00,0.0,0
M003,55,2026-06-03 07:00:00,0.0,0
M003,56,2026-06-03 08:00:00,0.0,0
M003,57,2026-06-03 09:00:00,0.0,0
M003,58,2026-06-03 10:00:00,0.0,0
M003,59,2026-06-03 11:00:00,0.0,0
M003,60,2026-06-03 12:00:00,0.0,0
M003,61,2026-06-03 13:00:00,0.0,0
M003,62,2026-06-03 14:00:00,0.0,0
M003,63,2026-06-03 15:00:00,0.0,0
M003,64,2026-06-03 16:00:00,0.0,0
M003,65,2026-06-03 17:00:00,0.0,0
M003,66,2026-06-03 18:00:00,0.0,0
M003,67,2026-06-03 19:00:00,0.0,0
M003,68,2026-06-03 20:00:00,0.0,0
M003,69,2026-06-03 21:00:00,0.0,0
M003,70,2026-06-03 22:00:00,0.0,0
M003,71,2026-06-03 23:00:00,0.0,0
M003,72,2026-06-04 00:00:00,0.0,0
M003,73,2026-06-04 01:00:00,0.0,0
M003,74,2026-06-04 02:00:00,0.0,0
M003,75,2026-06-04 03:00:00,0.0,0
M003,76,2026-06-04 04:00:00,0.0,0
M003,77,2026-06-04 05:00:00,0.0,0
M003,78,2026-06-04 06:00:00,0.0,0
M003,79,2026-06-04 07:00:00,0.0,0
M003,80,2026-06-04 08:00:00,0.0,0
M003,81,2026-06-04 09:00:00,0.0,0
M003,82,2026-06-04 10:00:00,0.0,0
M003,83,2026-06-04 11:00:00,0.0,0
M003,84,2026-06-04 12:00:00,0.0,0
M003,85,2026-06-04 13:00:00,0.0,0
M003,86,2026-06-04 14:00:00,0.0,0
M003,87,2026-06-04 15:00:00,0.0,0
M003,88,2026-06-04 16:00:00,0.0,0
M003,89,2026-06-04 17:00:00,0.0,0
M003,90,2026-06-04 18:00:00,0.0,0
M003,91,2026-06-04 19:00:00,0.0,0
M003,92,2026-06-04 20:00:00,0.0,0
M003,93,2026-06-04 21:00:00,0.0,0
M003,94,2026-06-04 22:00:00,0.0,0
M003,95,2026-06-04 23:00:00,0.0,0
M003,96,2026-06-05 00:00:00,0.0,0
M003,97,2026-06-05 01:00:00,0.0,0
M003,98,2026-06-05 02:00:00,0.0,0
M003,99,2026-06-05 03:00:00,0.0,0
M003,100,2026-06-05 04:00:00,0.0,0
M003,101,2026-06-05 05:00:00,0.0,0
M003,102,2026-06-05 06:00:00,0.0,0
M003,103,2026-06-05 07:00:00,0.0,0
M003,104,2026-06-05 08:00:00,0.0,0
M003,105,2026-06-05 09:00:00,0.0,0
M003,106,2026-06-05 10:00:00,0.0,0
M003,107,2026-06-05 11:00:00,0.0,0
M003,108,2026-06-05 12:00:00,0.0,0
M003,109,2026-06-05 13:00:00,0.0,0
M003,110,2026-06-05 14:00:00,0.0,0
M003,111,2026-06-05 15:00:00,0.0,0
M003,112,2026-06-05 16:00:00,0.0,0
M003,113,2026-06-05 17:00:00,0.0,0
M003,114,2026-06-05 18:00:00,0.0,0
M003,115,2026-06-05 19:00:00,0.0,0
M003,116,2026-06-05 20:00:00,0.0,0
M003,117,2026-06-05 21:00:00,0.0,0
M003,118,2026-06-05 22:00:00,0.0,0
M003,119,2026-06-05 23:00:00,0.0,0
M003,120,2026-06-06 00:00:00,0.0,0
M003,121,2026-06-06 01:00:00,0.0,0
M003,122,2026-06-06 02:00:00,0.0,0
M003,123,2026-06-06 03:00:00,0.0,0
M003,124,2026-06-06 04:00:00,0.0,0
M003,125,2026-06-06 05:00:00,0.0,0
M003,126,2026-06-06 06:00:00,0.0,0
M003,127,2026-06-06 07:00:00,0.0,0
M003,128,2026-06-06 08:00:00,0.0,0
M003,129,2026-06-06 09:00:00,0.0,0
M003,130,2026-06-06 10:00:00,0.0,0
M003,131,2026-06-06 11:00:00,0.0,0
M003,132,2026-06-06 12:00:00,0.0,0
M003,133,2026-06-06 13:00:00,0.0,0
M003,134,2026-06-06 14:00:00,0.0,0
M003,135,2026-06-06 15:00:00,0.0,0
M003,136,2026-06-06 16:00:00,0.0,0
M003,137,2026-06-06 17:00:00,0.0,0
M003,138,2026-06-06 18:00:00,0.0,0
M003,139,2026-06-06 19:00:00,0.0,0
M003,140,2026-06-06 20:00:00,0.0,0
M003,141,2026-06-06 21:00:00,0.0,0
M003,142,2026-06-06 22:00:00,0.0,0
M003,143,2026-06-06 23:00:00,0.0,0
M003,144,2026-06-07 00:00:00,0.0,0
M003,145,2026-06-07 01:00:00,0.0,0
M003,146,2026-06-07 02:00:00,0.0,0
M003,147,2026-06-07 03:00:00,0.0,0
M003,148,2026-06-07 04:00:00,0.0,0
M003,149,2026-06-07 05:00:00,0.0,0
M003,150,2026-06-07 06:00:00,0.0,0
M003,151,2026-06-07 07:00:00,0.0,0
M003,152,2026-06-07 08:00:00,0.0,0
M003,153,2026-06-07 09:00:00,0.0,0
M003,154,2026-06-07 10:00:00,0.0,0
M003,155,2026-06-07 11:00:00,0.0,0
M003,156,2026-06-07 12:00:00,0.0,0
M003,157,2026-06-07 13:00:00,0.0,0
M003,158,2026-06-07 14:00:00,0.0,0
M003,159,2026-06-07 15:00:00,0.0,0
M003,160,2026-06-07 16:00:00,0.0,0
M003,161,2026-06-07 17:00:00,0.0,0
M003,162,2026-06-07 18:00:00,0.0,0
M003,163,2026-06-07 19:00:00,0.0,0
M003,164,2026-06-07 20:00:00,0.0,0
M003,165,2026-06-07 21:00:00,0.0,0
M003,166,2026-06-07 22:00:00,0.0,0
M003,167,2026-06-07 23:00:00,0.0,0
M003,168,2026-06-08 00:00:00,0.0,0
M003,169,2026-06-08 01:00:00,0.0,0
M003,170,2026-06-08 02:00:00,0.0,0
M003,171,2026-06-08 03:00:00,0.0,0
M003,172,2026-06-08 04:00:00,0.0,0
M003,173,2026-06-08 05:00:00,0.0,0
M003,174,2026-06-08 06:00:00,0.0,0
M003,175,2026-06-08 07:00:00,0.0,0
M003,176,2026-06-08 08:00:00,0.0,0
M003,177,2026-06-08 09:00:00,0.0,0
M003,178,2026-06-08 10:00:00,0.0,0
M003,179,2026-06-08 11:00:00,0.0,0
M003,180,2026-06-08 12:00:00,0.0,0
M003,181,2026-06-08 13:00:00,0.0,0
M003,182,2026-06-08 14:00:00,0.0,0
M003,183,2026-06-08 15:00:00,0.0,0
M003,184,2026-06-08 16:00:00,0.0,0
M003,185,2026-06-08 17:00:00,0.0,0
M003,186,2026-06-08 18:00:00,0.0,0
M003,187,2026-06-08 19:00:00,0.0,0
M003,188,2026-06-08 20:00:00,0.0,0
M003,189,2026-06-08 21:00:00,0.0,0
M003,190,2026-06-08 22:00:00,0.0,0
M003,191,2026-06-08 23:00:00,0.0,0
M003,192,2026-06-09 00:00:00,0.0,0
M003,193,2026-06-09 01:00:00,0.0,0
M003,194,2026-06-09 02:00:00,0.0,0
M003,195,2026-06-09 03:00:00,0.0,0
M003,196,2026-06-09 04:00:00,0.0,0
M003,197,2026-06-09 05:00:00,0.0,0
M003,198,2026-06-09 06:00:00,0.0,0
M003,199,2026-06-09 07:00:00,0.0,0
M003,200,2026-06-09 08:00:00,0.0,0
M003,201,2026-06-09 09:00:00,0.0,0
M003,202,2026-06-09 10:00:00,0.0,0
M003,203,2026-06-09 11:00:00,0.0,0
M003,204,2026-06-09 12:00:00,0.0,0
M003,205,2026-06-09 13:00:00,0.0,0
M003,206,2026-06-09 14:00:00,0.0030122004357298476,0
M003,207,2026-06-09 15:00:00,0.0,0
M003,208,2026-06-09 16:00:00,0.0,0
M003,209,2026-06-09 17:00:00,0.0,0
M003,210,2026-06-09 18:00:00,0.0,0
M003,211,2026-06-09 19:00:00,0.0,0
M003,212,2026-06-09 20:00:00,0.0,0
M003,213,2026-06-09 21:00:00,0.0,0
M003,214,2026-06-09 22:00:00,0.0,0
M003,215,2026-06-09 23:00:00,0.0,0
M003,216,2026-06-10 00:00:00,0.003163038751173064,0
M003,217,2026-06-10 01:00:00,0.006336606468447434,0
M003,218,2026-06-10 02:00:00,0.009441469979255858,0
M003,219,2026-06-10 03:00:00,0.006336606468447434,0
M003,220,2026-06-10 04:00:00,0.003163038751173064,0
M003,221,2026-06-10 05:00:00,0.006336606468447434,0
M003,222,2026-06-10 06:00:00,0.0031735677172743705,0
M003,223,2026-06-10 07:00:00,0.0,0
M003,224,2026-06-10 08:00:00,0.0031735677172743705,0
M003,225,2026-06-10 09:00:00,0.006351026574194877,0
M003,226,2026-06-10 10:00:00,0.012864379979196245,0
M003,227,2026-06-10 11:00:00,0.00638778993547233,0
M003,228,2026-06-10 12:00:00,0.003168532124791137,0
M003,229,2026-06-10 13:00:00,0.0,0
M003,230,2026-06-10 14:00:00,0.0032192578106811933,0
M003,231,2026-06-10 15:00:00,0.0,0
M003,232,2026-06-10 16:00:00,0.0,0
M003,233,2026-06-10 17:00:00,0.003006399373122633,0
M003,234,2026-06-10 18:00:00,0.003006399373122633,0
M003,235,2026-06-10 19:00:00,0.003006399373122633,0
M003,236,2026-06-10 20:00:00,0.006335690906177757,0
M003,237,2026-06-10 21:00:00,0.00903060174932765,0
M003,238,2026-06-10 22:00:00,0.005877947207981145,0
M003,239,2026-06-10 23:00:00,0.0027634440786191757,0
M003,240,2026-06-11 00:00:00,0.0,0
M003,241,2026-06-11 01:00:00,0.0,0
M003,242,2026-06-11 02:00:00,0.0,0
M003,243,2026-06-11 03:00:00,0.0,0
M003,244,2026-06-11 04:00:00,0.0,0
M003,245,2026-06-11 05:00:00,0.0,0
M003,246,2026-06-11 06:00:00,0.0,0
M003,247,2026-06-11 07:00:00,0.003170134358763075,0
M003,248,2026-06-11 08:00:00,0.003170134358763075,0
M003,249,2026-06-11 09:00:00,0.003170134358763075,0
M003,250,2026-06-11 10:00:00,0.0,0
M003,251,2026-06-11 11:00:00,0.0,0
M003,252,2026-06-11 12:00:00,0.0,0
M003,253,2026-06-11 13:00:00,0.002536104391173668,0
M003,254,2026-06-11 14:00:00,0.0,0
M003,255,2026-06-11 15:00:00,0.005928713815895682,0
M003,256,2026-06-11 16:00:00,0.005873082586494577,0
M003,257,2026-06-11 17:00:00,0.005936038314053113,0
M003,258,2026-06-11 18:00:00,0.0032283092857710413,0
M003,259,2026-06-11 19:00:00,0.0,0
M003,260,2026-06-11 20:00:00,0.0,0
M003,261,2026-06-11 21:00:00,0.005654971512140632,0
M003,262,2026-06-11 22:00:00,0.005654971512140632,0
M003,263,2026-06-11 23:00:00,0.003006399373122633,0
M003,264,2026-06-12 00:00:00,0.003006399373122633,0
M003,265,2026-06-12 01:00:00,0.005930602860005795,0
M003,266,2026-06-12 02:00:00,0.005522023535751783,0
M003,267,2026-06-12 03:00:00,0.0027634440786191757,0
M003,268,2026-06-12 04:00:00,0.005778964176273723,0
M003,269,2026-06-12 05:00:00,0.005778964176273723,0
M003,270,2026-06-12 06:00:00,0.005778964176273723,0
M003,271,2026-06-12 07:00:00,0.0,0
M003,272,2026-06-12 08:00:00,0.005782252763451268,0
M003,273,2026-06-12 09:00:00,0.006358889607560003,0
M003,274,2026-06-12 10:00:00,0.0032443864781980325,0
M003,275,2026-06-12 11:00:00,0.006358889607560003,0
M003,276,2026-06-12 12:00:00,0.03814959381016111,0
M003,277,2026-06-12 13:00:00,0.027305009403888518,0
M003,278,2026-06-12 14:00:00,0.035416294103459346,0
M003,279,2026-06-12 15:00:00,0.0704672575549707,0
M003,280,2026-06-12 16:00:00,0.09855980184844917,0
M003,281,2026-06-12 17:00:00,0.08554326672092748,0
M003,282,2026-06-12 18:00:00,0.6980342766963953,1
M003,283,2026-06-12 19:00:00,0.8102724997359371,1
M003,284,2026-06-12 20:00:00,0.8395467418546092,1
M003,285,2026-06-12 21:00:00,0.8785388853697109,1
M003,286,2026-06-12 22:00:00,0.9111073597886065,1
M003,287,2026-06-12 23:00:00,0.9082983142242655,1
M003,288,2026-06-13 00:00:00,0.8979281320884758,1
M003,289,2026-06-13 01:00:00,0.8959472353936643,1
M003,290,2026-06-13 02:00:00,0.8871518345741644,1
M003,291,2026-06-13 03:00:00,0.9343462716356504,1
M003,292,2026-06-13 04:00:00,0.8717924506837725,1
M003,293,2026-06-13 05:00:00,0.9434184676938495,1
M003,294,2026-06-13 06:00:00,0.901193355039159,1
M003,295,2026-06-13 07:00:00,0.9169548417600506,1
M003,296,2026-06-13 08:00:00,0.8883128601321901,1
M003,297,2026-06-13 09:00:00,0.8721526806064257,1
M003,298,2026-06-13 10:00:00,0.9366429718359368,1
M003,299,2026-06-13 11:00:00,0.9204154213113874,1
M003,300,2026-06-13 12:00:00,0.910375249816721,1
M003,301,2026-06-13 13:00:00,0.9188039353453341,1
M003,302,2026-06-13 14:00:00,0.9423170409100576,1
M003,303,2026-06-13 15:00:00,0.9458956582646649,1
M003,304,2026-06-13 16:00:00,0.9598037362213167,1
M003,305,2026-06-13 17:00:00,0.9795889481422224,1
M003,306,2026-06-13 18:00:00,0.9805578610495889,1
M003,307,2026-06-13 19:00:00,0.9847194786492786,1
M003,308,2026-06-13 20:00:00,0.9802397953608676,1
M003,309,2026-06-13 21:00:00,0.9725515267353058,1
M003,310,2026-06-13 22:00:00,0.9839337456676833,1
M003,311,2026-06-13 23:00:00,0.982444562756958,1
M003,312,2026-06-14 00:00:00,0.9826063056434695,1
M003,313,2026-06-14 01:00:00,0.9826063056434695,1
M003,314,2026-06-14 02:00:00,0.986106536794472,1
M003,315,2026-06-14 03:00:00,0.9863187873683137,1
M003,316,2026-06-14 04:00:00,0.986106536794472,1
M003,317,2026-06-14 05:00:00,0.9863187873683137,1
M003,318,2026-06-14 06:00:00,0.9863187873683137,1
M003,319,2026-06-14 07:00:00,0.9863187873683137,1
M003,320,2026-06-14 08:00:00,0.9863187873683137,1
M003,321,2026-06-14 09:00:00,0.9863187873683137,1
M003,322,2026-06-14 10:00:00,0.9797540390709615,1
M003,323,2026-06-14 11:00:00,0.9797540390709615,1
M003,324,2026-06-14 12:00:00,0.9863187873683137,1
M003,325,2026-06-14 13:00:00,0.9731996720803738,1
M003,326,2026-06-14 14:00:00,0.9863187873683137,1
M003,327,2026-06-14 15:00:00,0.9567430612232575,1
M003,328,2026-06-14 16:00:00,0.9699169846373502,1
M003,329,2026-06-14 17:00:00,0.978158290459776,1
M003,330,2026-06-14 18:00:00,0.756273661587889,0
M003,331,2026-06-14 19:00:00,0.5359167925383672,0
M003,332,2026-06-14 20:00:00,0.6303330724665719,0
M003,333,2026-06-14 21:00:00,0.5153851396127374,0
M003,334,2026-06-14 22:00:00,0.6601555895299961,0
M003,335,2026-06-14 23:00:00,0.5418910190319278,0
M003,336,2026-06-15 00:00:00,0.6818314497208882,0
M003,337,2026-06-15 01:00:00,0.7222881805074095,0
M003,338,2026-06-15 02:00:00,0.7298675904612622,0
M003,339,2026-06-15 03:00:00,0.6824205475868094,0
M003,340,2026-06-15 04:00:00,0.47852341359035117,0
M003,341,2026-06-15 05:00:00,0.6042546108619213,0
M003,342,2026-06-15 06:00:00,0.5439363369039325,0
M003,343,2026-06-15 07:00:00,0.5427846446862842,0
M003,344,2026-06-15 08:00:00,0.6013159536376323,0
M003,345,2026-06-15 09:00:00,0.5085680594275839,0
M004,23,2026-06-01 23:00:00,0.0,0
M004,24,2026-06-02 00:00:00,0.0,0
M004,25,2026-06-02 01:00:00,0.0,0
M004,26,2026-06-02 02:00:00,0.0,0
M004,27,2026-06-02 03:00:00,0.0,0
M004,28,2026-06-02 04:00:00,0.0,0
M004,29,2026-06-02 05:00:00,0.0,0
M004,30,2026-06-02 06:00:00,0.0,0
M004,31,2026-06-02 07:00:00,0.0,0
M004,32,2026-06-02 08:00:00,0.0,0
M004,33,2026-06-02 09:00:00,0.0,0
M004,34,2026-06-02 10:00:00,0.0,0
M004,35,2026-06-02 11:00:00,0.0,0
M004,36,2026-06-02 12:00:00,0.0,0
M004,37,2026-06-02 13:00:00,0.0,0
M004,38,2026-06-02 14:00:00,0.0,0
M004,39,2026-06-02 15:00:00,0.0,0
M004,40,2026-06-02 16:00:00,0.0,0
M004,41,2026-06-02 17:00:00,0.0,0
M004,42,2026-06-02 18:00:00,0.0,0
M004,43,2026-06-02 19:00:00,0.0,0
M004,44,2026-06-02 20:00:00,0.0,0
M004,45,2026-06-02 21:00:00,0.0,0
M004,46,2026-06-02 22:00:00,0.0,0
M004,47,2026-06-02 23:00:00,0.0,0
M004,48,2026-06-03 00:00:00,0.0,0
M004,49,2026-06-03 01:00:00,0.0,0
M004,50,2026-06-03 02:00:00,0.0,0
M004,51,2026-06-03 03:00:00,0.0,0
M004,52,2026-06-03 04:00:00,0.0,0
M004,53,2026-06-03 05:00:00,0.0,0
M004,54,2026-06-03 06:00:00,0.0,0
M004,55,2026-06-03 07:00:00,0.0,0
M004,56,2026-06-03 08:00:00,0.0,0
M004,57,2026-06-03 09:00:00,0.0,0
M004,58,2026-06-03 10:00:00,0.0,0
M004,59,2026-06-03 11:00:00,0.0,0
M004,60,2026-06-03 12:00:00,0.0,0
M004,61,2026-06-03 13:00:00,0.0,0
M004,62,2026-06-03 14:00:00,0.0,0
M004,63,2026-06-03 15:00:00,0.0,0
M004,64,2026-06-03 16:00:00,0.0,0
M004,65,2026-06-03 17:00:00,0.0,0
M004,66,2026-06-03 18:00:00,0.0,0
M004,67,2026-06-03 19:00:00,0.0,0
M004,68,2026-06-03 20:00:00,0.0,0
M004,69,2026-06-03 21:00:00,0.0,0
M004,70,2026-06-03 22:00:00,0.0,0
M004,71,2026-06-03 23:00:00,0.0,0
M004,72,2026-06-04 00:00:00,0.0,0
M004,73,2026-06-04 01:00:00,0.0,0
M004,74,2026-06-04 02:00:00,0.0,0
M004,75,2026-06-04 03:00:00,0.0,0
M004,76,2026-06-04 04:00:00,0.0,0
M004,77,2026-06-04 05:00:00,0.0,0
M004,78,2026-06-04 06:00:00,0.0,0
M004,79,2026-06-04 07:00:00,0.0,0
M004,80,2026-06-04 08:00:00,0.0,0
M004,81,2026-06-04 09:00:00,0.0,0
M004,82,2026-06-04 10:00:00,0.0,0
M004,83,2026-06-04 11:00:00,0.0,0
M004,84,2026-06-04 12:00:00,0.0,0
M004,85,2026-06-04 13:00:00,0.0,0
M004,86,2026-06-04 14:00:00,0.0,0
M004,87,2026-06-04 15:00:00,0.0,0
M004,88,2026-06-04 16:00:00,0.0,0
M004,89,2026-06-04 17:00:00,0.0,0
M004,90,2026-06-04 18:00:00,0.0,0
M004,91,2026-06-04 19:00:00,0.0,0
M004,92,2026-06-04 20:00:00,0.0,0
M004,93,2026-06-04 21:00:00,0.0,0
M004,94,2026-06-04 22:00:00,0.0,0
M004,95,2026-06-04 23:00:00,0.0,0
M004,96,2026-06-05 00:00:00,0.0,0
M004,97,2026-06-05 01:00:00,0.0,0
M004,98,2026-06-05 02:00:00,0.0,0
M004,99,2026-06-05 03:00:00,0.0,0
M004,100,2026-06-05 04:00:00,0.0,0
M004,101,2026-06-05 05:00:00,0.0,0
M004,102,2026-06-05 06:00:00,0.0,0
M004,103,2026-06-05 07:00:00,0.0,0
M004,104,2026-06-05 08:00:00,0.0,0
M004,105,2026-06-05 09:00:00,0.0,0
M004,106,2026-06-05 10:00:00,0.0,0
M004,107,2026-06-05 11:00:00,0.0,0
M004,108,2026-06-05 12:00:00,0.0,0
M004,109,2026-06-05 13:00:00,0.0,0
M004,110,2026-06-05 14:00:00,0.0,0
M004,111,2026-06-05 15:00:00,0.0,0
M004,112,2026-06-05 16:00:00,0.0,0
M004,113,2026-06-05 17:00:00,0.0,0
M004,114,2026-06-05 18:00:00,0.0,0
M004,115,2026-06-05 19:00:00,0.0,0
M004,116,2026-06-05 20:00:00,0.0,0
M004,117,2026-06-05 21:00:00,0.0,0
M004,118,2026-06-05 22:00:00,0.0,0
M004,119,2026-06-05 23:00:00,0.0,0
M004,120,2026-06-06 00:00:00,0.0,0
M004,121,2026-06-06 01:00:00,0.0,0
M004,122,2026-06-06 02:00:00,0.0,0
M004,123,2026-06-06 03:00:00,0.0,0
M004,124,2026-06-06 04:00:00,0.0,0
M004,125,2026-06-06 05:00:00,0.0,0
M004,126,2026-06-06 06:00:00,0.0,0
M004,127,2026-06-06 07:00:00,0.0,0
M004,128,2026-06-06 08:00:00,0.0,0
M004,129,2026-06-06 09:00:00,0.0,0
M004,130,2026-06-06 10:00:00,0.0,0
M004,131,2026-06-06 11:00:00,0.0,0
M004,132,2026-06-06 12:00:00,0.0,0
M004,133,2026-06-06 13:00:00,0.0,0
M004,134,2026-06-06 14:00:00,0.0,0
M004,135,2026-06-06 15:00:00,0.0,0
M004,136,2026-06-06 16:00:00,0.0,0
M004,137,2026-06-06 17:00:00,0.0,0
M004,138,2026-06-06 18:00:00,0.0,0
M004,139,2026-06-06 19:00:00,0.0,0
M004,140,2026-06-06 20:00:00,0.0,0
M004,141,2026-06-06 21:00:00,0.0,0
M004,142,2026-06-06 22:00:00,0.0,0
M004,143,2026-06-06 23:00:00,0.0,0
M004,144,2026-06-07 00:00:00,0.0,0
M004,145,2026-06-07 01:00:00,0.0,0
M004,146,2026-06-07 02:00:00,0.0,0
M004,147,2026-06-07 03:00:00,0.0,0
M004,148,2026-06-07 04:00:00,0.0,0
M004,149,2026-06-07 05:00:00,0.0,0
M004,150,2026-06-07 06:00:00,0.0,0
M004,151,2026-06-07 07:00:00,0.0,0
M004,152,2026-06-07 08:00:00,0.0,0
M004,153,2026-06-07 09:00:00,0.0,0
M004,154,2026-06-07 10:00:00,0.0,0
M004,155,2026-06-07 11:00:00,0.0,0
M004,156,2026-06-07 12:00:00,0.0,0
M004,157,2026-06-07 13:00:00,0.0,0
M004,158,2026-06-07 14:00:00,0.0,0
M004,159,2026-06-07 15:00:00,0.0,0
M004,160,2026-06-07 16:00:00,0.0,0
M004,161,2026-06-07 17:00:00,0.0,0
M004,162,2026-06-07 18:00:00,0.0,0
M004,163,2026-06-07 19:00:00,0.0,0
M004,164,2026-06-07 20:00:00,0.0,0
M004,165,2026-06-07 21:00:00,0.0,0
M004,166,2026-06-07 22:00:00,0.0,0
M004,167,2026-06-07 23:00:00,0.0,0
M004,168,2026-06-08 00:00:00,0.0,0
M004,169,2026-06-08 01:00:00,0.0,0
M004,170,2026-06-08 02:00:00,0.0,0
M004,171,2026-06-08 03:00:00,0.0,0
M004,172,2026-06-08 04:00:00,0.0,0
M004,173,2026-06-08 05:00:00,0.0,0
M004,174,2026-06-08 06:00:00,0.0,0
M004,175,2026-06-08 07:00:00,0.0,0
M004,176,2026-06-08 08:00:00,0.0,0
M004,177,2026-06-08 09:00:00,0.0,0
M004,178,2026-06-08 10:00:00,0.0,0
M004,179,2026-06-08 11:00:00,0.0,0
M004,180,2026-06-08 12:00:00,0.0,0
M004,181,2026-06-08 13:00:00,0.0,0
M004,182,2026-06-08 14:00:00,0.0,0
M004,183,2026-06-08 15:00:00,0.0,0
M004,184,2026-06-08 16:00:00,0.0,0
M004,185,2026-06-08 17:00:00,0.0,0
M004,186,2026-06-08 18:00:00,0.0,0
M004,187,2026-06-08 19:00:00,0.0,0
M004,188,2026-06-08 20:00:00,0.0,0
M004,189,2026-06-08 21:00:00,0.0,0
M004,190,2026-06-08 22:00:00,0.0,0
M004,191,2026-06-08 23:00:00,0.0,0
M004,192,2026-06-09 00:00:00,0.0,0
M004,193,2026-06-09 01:00:00,0.0,0
M004,194,2026-06-09 02:00:00,0.0,0
M004,195,2026-06-09 03:00:00,0.0,0
M004,196,2026-06-09 04:00:00,0.0,0
M004,197,2026-06-09 05:00:00,0.0,0
M004,198,2026-06-09 06:00:00,0.0,0
M004,199,2026-06-09 07:00:00,0.0,0
M004,200,2026-06-09 08:00:00,0.0,0
M004,201,2026-06-09 09:00:00,0.0,0
M004,202,2026-06-09 10:00:00,0.0,0
M004,203,2026-06-09 11:00:00,0.0,0
M004,204,2026-06-09 12:00:00,0.0,0
M004,205,2026-06-09 13:00:00,0.0,0
M004,206,2026-06-09 14:00:00,0.0,0
M004,207,2026-06-09 15:00:00,0.0,0
M004,208,2026-06-09 16:00:00,0.0,0
M004,209,2026-06-09 17:00:00,0.0,0
M004,210,2026-06-09 18:00:00,0.0,0
M004,211,2026-06-09 19:00:00,0.0,0
M004,212,2026-06-09 20:00:00,0.0,0
M004,213,2026-06-09 21:00:00,0.0,0
M004,214,2026-06-09 22:00:00,0.0,0
M004,215,2026-06-09 23:00:00,0.0,0
M004,216,2026-06-10 00:00:00,0.0,0
M004,217,2026-06-10 01:00:00,0.0,0
M004,218,2026-06-10 02:00:00,0.0,0
M004,219,2026-06-10 03:00:00,0.0,0
M004,220,2026-06-10 04:00:00,0.0,0
M004,221,2026-06-10 05:00:00,0.0,0
M004,222,2026-06-10 06:00:00,0.0,0
M004,223,2026-06-10 07:00:00,0.0,0
M004,224,2026-06-10 08:00:00,0.0,0
M004,225,2026-06-10 09:00:00,0.0,0
M004,226,2026-06-10 10:00:00,0.0,0
M004,227,2026-06-10 11:00:00,0.0,0
M004,228,2026-06-10 12:00:00,0.0,0
M004,229,2026-06-10 13:00:00,0.0,0
M004,230,2026-06-10 14:00:00,0.0,0
M004,231,2026-06-10 15:00:00,0.0,0
M004,232,2026-06-10 16:00:00,0.0,0
M004,233,2026-06-10 17:00:00,0.0,0
M004,234,2026-06-10 18:00:00,0.0,0
M004,235,2026-06-10 19:00:00,0.0,0
M004,236,2026-06-10 20:00:00,0.0,0
M004,237,2026-06-10 21:00:00,0.0,0
M004,238,2026-06-10 22:00:00,0.0,0
M004,239,2026-06-10 23:00:00,0.0,0
M004,240,2026-06-11 00:00:00,0.0,0
M004,241,2026-06-11 01:00:00,0.0,0
M004,242,2026-06-11 02:00:00,0.0,0
M004,243,2026-06-11 03:00:00,0.0,0
M004,244,2026-06-11 04:00:00,0.0,0
M004,245,2026-06-11 05:00:00,0.0,0
M004,246,2026-06-11 06:00:00,0.0,0
M004,247,2026-06-11 07:00:00,0.0,0
M004,248,2026-06-11 08:00:00,0.0,0
M004,249,2026-06-11 09:00:00,0.0,0
M004,250,2026-06-11 10:00:00,0.0,0
M004,251,2026-06-11 11:00:00,0.0,0
M004,252,2026-06-11 12:00:00,0.0,0
M004,253,2026-06-11 13:00:00,0.0,0
M004,254,2026-06-11 14:00:00,0.0,0
M004,255,2026-06-11 15:00:00,0.0,0
M004,256,2026-06-11 16:00:00,0.0,0
M004,257,2026-06-11 17:00:00,0.0,0
M004,258,2026-06-11 18:00:00,0.0,0
M004,259,2026-06-11 19:00:00,0.0,0
M004,260,2026-06-11 20:00:00,0.0,0
M004,261,2026-06-11 21:00:00,0.0,0
M004,262,2026-06-11 22:00:00,0.0,0
M004,263,2026-06-11 23:00:00,0.0,0
M004,264,2026-06-12 00:00:00,0.0,0
M004,265,2026-06-12 01:00:00,0.0,0
M004,266,2026-06-12 02:00:00,0.0,0
M004,267,2026-06-12 03:00:00,0.0,0
M004,268,2026-06-12 04:00:00,0.0,0
M004,269,2026-06-12 05:00:00,0.0,0
M004,270,2026-06-12 06:00:00,0.0,0
M004,271,2026-06-12 07:00:00,0.0,0
M004,272,2026-06-12 08:00:00,0.0,0
M004,273,2026-06-12 09:00:00,0.0,0
M004,274,2026-06-12 10:00:00,0.0,0
M004,275,2026-06-12 11:00:00,0.0,0
M004,276,2026-06-12 12:00:00,0.0,0
M004,277,2026-06-12 13:00:00,0.0,0
M004,278,2026-06-12 14:00:00,0.0,0
M004,279,2026-06-12 15:00:00,0.0,0
M004,280,2026-06-12 16:00:00,0.0,0
M004,281,2026-06-12 17:00:00,0.0,0
M004,282,2026-06-12 18:00:00,0.0,0
M004,283,2026-06-12 19:00:00,0.0,0
M004,284,2026-06-12 20:00:00,0.0,0
M004,285,2026-06-12 21:00:00,0.0,0
M004,286,2026-06-12 22:00:00,0.0,0
M004,287,2026-06-12 23:00:00,0.0,0
M004,288,2026-06-13 00:00:00,0.0,0
M004,289,2026-06-13 01:00:00,0.0,0
M004,290,2026-06-13 02:00:00,0.0,0
M004,291,2026-06-13 03:00:00,0.0,0
M004,292,2026-06-13 04:00:00,0.0,0
M004,293,2026-06-13 05:00:00,0.0,0
M004,294,2026-06-13 06:00:00,0.0,0
M004,295,2026-06-13 07:00:00,0.0,0
M004,296,2026-06-13 08:00:00,0.0,0
M004,297,2026-06-13 09:00:00,0.0,0
M004,298,2026-06-13 10:00:00,0.0,0
M004,299,2026-06-13 11:00:00,0.005453552157067957,0
M004,300,2026-06-13 12:00:00,0.0,0
M004,301,2026-06-13 13:00:00,0.0,0
M004,302,2026-06-13 14:00:00,0.0,0
M004,303,2026-06-13 15:00:00,0.0,0
M004,304,2026-06-13 16:00:00,0.0,0
M004,305,2026-06-13 17:00:00,0.0,0
M004,306,2026-06-13 18:00:00,0.0,0
M004,307,2026-06-13 19:00:00,0.0,0
M004,308,2026-06-13 20:00:00,0.0,0
M004,309,2026-06-13 21:00:00,0.0,0
M004,310,2026-06-13 22:00:00,0.003105519208186546,0
M004,311,2026-06-13 23:00:00,0.003105519208186546,0
M004,312,2026-06-14 00:00:00,0.003105519208186546,0
M004,313,2026-06-14 01:00:00,0.006414730834371734,0
M004,314,2026-06-14 02:00:00,0.006414730834371734,0
M004,315,2026-06-14 03:00:00,0.0,0
M004,316,2026-06-14 04:00:00,0.0,0
M004,317,2026-06-14 05:00:00,0.0,0
M004,318,2026-06-14 06:00:00,0.0,0
M004,319,2026-06-14 07:00:00,0.0,0
M004,320,2026-06-14 08:00:00,0.0,0
M004,321,2026-06-14 09:00:00,0.0,0
M004,322,2026-06-14 10:00:00,0.0,0
M004,323,2026-06-14 11:00:00,0.0,0
M004,324,2026-06-14 12:00:00,0.0,0
M004,325,2026-06-14 13:00:00,0.0,0
M004,326,2026-06-14 14:00:00,0.0,0
M004,327,2026-06-14 15:00:00,0.0,0
M004,328,2026-06-14 16:00:00,0.0,0
M004,329,2026-06-14 17:00:00,0.0,0
M004,330,2026-06-14 18:00:00,0.0,0
M004,331,2026-06-14 19:00:00,0.0,0
M004,332,2026-06-14 20:00:00,0.0,0
M004,333,2026-06-14 21:00:00,0.0,0
M004,334,2026-06-14 22:00:00,0.0,0
M004,335,2026-06-14 23:00:00,0.0025997171145686,0
M004,336,2026-06-15 00:00:00,0.0,0
M004,337,2026-06-15 01:00:00,0.0,0
M004,338,2026-06-15 02:00:00,0.0,0
M004,339,2026-06-15 03:00:00,0.0,0
M004,340,2026-06-15 04:00:00,0.0,0
M004,341,2026-06-15 05:00:00,0.0,0
M004,342,2026-06-15 06:00:00,0.0,0
M004,343,2026-06-15 07:00:00,0.0,0
M004,344,2026-06-15 08:00:00,0.0,0
M004,345,2026-06-15 09:00:00,0.0,0
M004,346,2026-06-15 10:00:00,0.0,0
M004,347,2026-06-15 11:00:00,0.0,0
M004,348,2026-06-15 12:00:00,0.0,0
M004,349,2026-06-15 13:00:00,0.0,0
M004,350,2026-06-15 14:00:00,0.0,0
M004,351,2026-06-15 15:00:00,0.0,0
M004,352,2026-06-15 16:00:00,0.0,0
M004,353,2026-06-15 17:00:00,0.0,0
M004,354,2026-06-15 18:00:00,0.0,0
M004,355,2026-06-15 19:00:00,0.0,0
M004,356,2026-06-15 20:00:00,0.0,0
M004,357,2026-06-15 21:00:00,0.0,0
M004,358,2026-06-15 22:00:00,0.0,0
M004,359,2026-06-15 23:00:00,0.0,0
M004,360,2026-06-16 00:00:00,0.0,0
M004,361,2026-06-16 01:00:00,0.0,0
M004,362,2026-06-16 02:00:00,0.0,0
M004,363,2026-06-16 03:00:00,0.0,0
M004,364,2026-06-16 04:00:00,0.0,0
M004,365,2026-06-16 05:00:00,0.0,0
M004,366,2026-06-16 06:00:00,0.0,0
M004,367,2026-06-16 07:00:00,0.0,0
M004,368,2026-06-16 08:00:00,0.0,0
M004,369,2026-06-16 09:00:00,0.0,0
M004,370,2026-06-16 10:00:00,0.0,0
M004,371,2026-06-16 11:00:00,0.0,0
M004,372,2026-06-16 12:00:00,0.0,0
M004,373,2026-06-16 13:00:00,0.0,0
M004,374,2026-06-16 14:00:00,0.0,0
M004,375,2026-06-16 15:00:00,0.0,0
M004,376,2026-06-16 16:00:00,0.0,0
M004,377,2026-06-16 17:00:00,0.0,0
M004,378,2026-06-16 18:00:00,0.0,0
M004,379,2026-06-16 19:00:00,0.0,0
M004,380,2026-06-16 20:00:00,0.0,0
M004,381,2026-06-16 21:00:00,0.0,0
M004,382,2026-06-16 22:00:00,0.0,0
M004,383,2026-06-16 23:00:00,0.0,0
M004,384,2026-06-17 00:00:00,0.0,0
M004,385,2026-06-17 01:00:00,0.0,0
M004,386,2026-06-17 02:00:00,0.0,0
M004,387,2026-06-17 03:00:00,0.0,0
M004,388,2026-06-17 04:00:00,0.0,0
M004,389,2026-06-17 05:00:00,0.0,0
M004,390,2026-06-17 06:00:00,0.0,0
M004,391,2026-06-17 07:00:00,0.0,0
M004,392,2026-06-17 08:00:00,0.0,0
M004,393,2026-06-17 09:00:00,0.0,0
M004,394,2026-06-17 10:00:00,0.0,0
M004,395,2026-06-17 11:00:00,0.0,0
M004,396,2026-06-17 12:00:00,0.0,0
M004,397,2026-06-17 13:00:00,0.0,0
M004,398,2026-06-17 14:00:00,0.0,0
M004,399,2026-06-17 15:00:00,0.0,0
M004,400,2026-06-17 16:00:00,0.0,0
M004,401,2026-06-17 17:00:00,0.0,0
M004,402,2026-06-17 18:00:00,0.0,0
M004,403,2026-06-17 19:00:00,0.0,0
M004,404,2026-06-17 20:00:00,0.0,0
M004,405,2026-06-17 21:00:00,0.0,0
M004,406,2026-06-17 22:00:00,0.0,0
M004,407,2026-06-17 23:00:00,0.0,0
M004,408,2026-06-18 00:00:00,0.0,0
M004,409,2026-06-18 01:00:00,0.0,0
M004,410,2026-06-18 02:00:00,0.0,0
M004,411,2026-06-18 03:00:00,0.0,0
M004,412,2026-06-18 04:00:00,0.0,0
M004,413,2026-06-18 05:00:00,0.0,0
M004,414,2026-06-18 06:00:00,0.0,0
M004,415,2026-06-18 07:00:00,0.0,0
M004,416,2026-06-18 08:00:00,0.0,0
M004,417,2026-06-18 09:00:00,0.0,0
M004,418,2026-06-18 10:00:00,0.0,0
M004,419,2026-06-18 11:00:00,0.0,0
M004,420,2026-06-18 12:00:00,0.0,0
M004,421,2026-06-18 13:00:00,0.0,0
M004,422,2026-06-18 14:00:00,0.0,0
M004,423,2026-06-18 15:00:00,0.0,0
M004,424,2026-06-18 16:00:00,0.0,0
M004,425,2026-06-18 17:00:00,0.0,0
M004,426,2026-06-18 18:00:00,0.0,0
M004,427,2026-06-18 19:00:00,0.0,0
M004,428,2026-06-18 20:00:00,0.0,0
M004,429,2026-06-18 21:00:00,0.0,0
M004,430,2026-06-18 22:00:00,0.0,0
M004,431,2026-06-18 23:00:00,0.0,0
M004,432,2026-06-19 00:00:00,0.0,0
M004,433,2026-06-19 01:00:00,0.0,0
M004,434,2026-06-19 02:00:00,0.0,0
M004,435,2026-06-19 03:00:00,0.0,0
M004,436,2026-06-19 04:00:00,0.0,0
M004,437,2026-06-19 05:00:00,0.0,0
M004,438,2026-06-19 06:00:00,0.0,0
M004,439,2026-06-19 07:00:00,0.0,0
M004,440,2026-06-19 08:00:00,0.0,0
M004,441,2026-06-19 09:00:00,0.0,0
M004,442,2026-06-19 10:00:00,0.0,0
M004,443,2026-06-19 11:00:00,0.0,0
M004,444,2026-06-19 12:00:00,0.0,0
M004,445,2026-06-19 13:00:00,0.0,0
M004,446,2026-06-19 14:00:00,0.0,0
M004,447,2026-06-19 15:00:00,0.0,0
M004,448,2026-06-19 16:00:00,0.0,0
M004,449,2026-06-19 17:00:00,0.0,0
M004,450,2026-06-19 18:00:00,0.0,0
M004,451,2026-06-19 19:00:00,0.0,0
M004,452,2026-06-19 20:00:00,0.0,0
M004,453,2026-06-19 21:00:00,0.0,0
M004,454,2026-06-19 22:00:00,0.0,0
M004,455,2026-06-19 23:00:00,0.0,0
M004,456,2026-06-20 00:00:00,0.0,0
M004,457,2026-06-20 01:00:00,0.0,0
M004,458,2026-06-20 02:00:00,0.0,0
M004,459,2026-06-20 03:00:00,0.0,0
M004,460,2026-06-20 04:00:00,0.0,0
M004,461,2026-06-20 05:00:00,0.0,0
M004,462,2026-06-20 06:00:00,0.0,0
M004,463,2026-06-20 07:00:00,0.0,0
M004,464,2026-06-20 08:00:00,0.0,0
M004,465,2026-06-20 09:00:00,0.0,0
M004,466,2026-06-20 10:00:00,0.0,0
M004,467,2026-06-20 11:00:00,0.0,0
M004,468,2026-06-20 12:00:00,0.0,0
M004,469,2026-06-20 13:00:00,0.0,0
M004,470,2026-06-20 14:00:00,0.0,0
M004,471,2026-06-20 15:00:00,0.0,0
M004,472,2026-06-20 16:00:00,0.0,0
M004,473,2026-06-20 17:00:00,0.0,0
M004,474,2026-06-20 18:00:00,0.0,0
M004,475,2026-06-20 19:00:00,0.0,0
M004,476,2026-06-20 20:00:00,0.0,0
M004,477,2026-06-20 21:00:00,0.0026493715204040633,0
M004,478,2026-06-20 22:00:00,0.0,0
M004,479,2026-06-20 23:00:00,0.0,0
M004,480,2026-06-21 00:00:00,0.0,0
M004,481,2026-06-21 01:00:00,0.0,0
M004,482,2026-06-21 02:00:00,0.0,0
M004,483,2026-06-21 03:00:00,0.0,0
M004,484,2026-06-21 04:00:00,0.006221449425444405,0
M004,485,2026-06-21 05:00:00,0.0,0
M004,486,2026-06-21 06:00:00,0.0,0
M004,487,2026-06-21 07:00:00,0.0,0
M004,488,2026-06-21 08:00:00,0.0,0
M004,489,2026-06-21 09:00:00,0.0,0
M004,490,2026-06-21 10:00:00,0.0,0
M004,491,2026-06-21 11:00:00,0.0,0
M004,492,2026-06-21 12:00:00,0.0030205061082024423,0
M004,493,2026-06-21 13:00:00,0.0,0
M004,494,2026-06-21 14:00:00,0.0,0
M004,495,2026-06-21 15:00:00,0.0,0
M004,496,2026-06-21 16:00:00,0.0,0
M004,497,2026-06-21 17:00:00,0.0,0
M004,498,2026-06-21 18:00:00,0.0,0
M004,499,2026-06-21 19:00:00,0.0,0
M004,500,2026-06-21 20:00:00,0.0,0
M004,501,2026-06-21 21:00:00,0.0,0
M004,502,2026-06-21 22:00:00,0.0,0
M004,503,2026-06-21 23:00:00,0.0,0
M004,504,2026-06-22 00:00:00,0.0,0
M004,505,2026-06-22 01:00:00,0.0,0
M004,506,2026-06-22 02:00:00,0.0,0
M004,507,2026-06-22 03:00:00,0.0,0
M004,508,2026-06-22 04:00:00,0.0,0
M004,509,2026-06-22 05:00:00,0.0,0
M004,510,2026-06-22 06:00:00,0.0,0
M004,511,2026-06-22 07:00:00,0.0,0
M004,512,2026-06-22 08:00:00,0.0,0
M004,513,2026-06-22 09:00:00,0.0,0
M004,514,2026-06-22 10:00:00,0.0,0
M004,515,2026-06-22 11:00:00,0.0,0
M004,516,2026-06-22 12:00:00,0.0,0
M004,517,2026-06-22 13:00:00,0.0,0
M004,518,2026-06-22 14:00:00,0.0,0
M004,519,2026-06-22 15:00:00,0.0,0
M004,520,2026-06-22 16:00:00,0.0,0
M004,521,2026-06-22 17:00:00,0.0,0
M004,522,2026-06-22 18:00:00,0.0,0
M004,523,2026-06-22 19:00:00,0.0,0
M004,524,2026-06-22 20:00:00,0.0,0
M004,525,2026-06-22 21:00:00,0.0,0
M004,526,2026-06-22 22:00:00,0.0,0
M004,527,2026-06-22 23:00:00,0.0,0
M004,528,2026-06-23 00:00:00,0.0,0
M004,529,2026-06-23 01:00:00,0.0,0
M004,530,2026-06-23 02:00:00,0.0,0
M004,531,2026-06-23 03:00:00,0.0,0
M004,532,2026-06-23 04:00:00,0.0,0
M004,533,2026-06-23 05:00:00,0.0,0
M004,534,2026-06-23 06:00:00,0.0,0
M004,535,2026-06-23 07:00:00,0.0,0
M004,536,2026-06-23 08:00:00,0.0,0
M004,537,2026-06-23 09:00:00,0.0,0
M004,538,2026-06-23 10:00:00,0.0,0
M004,539,2026-06-23 11:00:00,0.0,0
M004,540,2026-06-23 12:00:00,0.0,0
M004,541,2026-06-23 13:00:00,0.0,0
M004,542,2026-06-23 14:00:00,0.0,0
M004,543,2026-06-23 15:00:00,0.0,0
M004,544,2026-06-23 16:00:00,0.0,0
M004,545,2026-06-23 17:00:00,0.0,0
M004,546,2026-06-23 18:00:00,0.0,0
M004,547,2026-06-23 19:00:00,0.0,0
M004,548,2026-06-23 20:00:00,0.0,0
M004,549,2026-06-23 21:00:00,0.0,0
M004,550,2026-06-23 22:00:00,0.0,0
M004,551,2026-06-23 23:00:00,0.0,0
M004,552,2026-06-24 00:00:00,0.0,0
M004,553,2026-06-24 01:00:00,0.0,0
M004,554,2026-06-24 02:00:00,0.0,0
M004,555,2026-06-24 03:00:00,0.0,0
M004,556,2026-06-24 04:00:00,0.0,0
M004,557,2026-06-24 05:00:00,0.0,0
M004,558,2026-06-24 06:00:00,0.0,0
M004,559,2026-06-24 07:00:00,0.0,0
M004,560,2026-06-24 08:00:00,0.0,0
M004,561,2026-06-24 09:00:00,0.005453552157067957,0
M004,562,2026-06-24 10:00:00,0.0,0
M004,563,2026-06-24 11:00:00,0.0,0
M004,564,2026-06-24 12:00:00,0.0,0
M004,565,2026-06-24 13:00:00,0.0,0
M004,566,2026-06-24 14:00:00,0.0,0
M004,567,2026-06-24 15:00:00,0.0,0
M004,568,2026-06-24 16:00:00,0.0,0
M004,569,2026-06-24 17:00:00,0.0,0
M004,570,2026-06-24 18:00:00,0.0,0
M004,571,2026-06-24 19:00:00,0.0,0
M004,572,2026-06-24 20:00:00,0.0,0
M004,573,2026-06-24 21:00:00,0.0,0
M004,574,2026-06-24 22:00:00,0.0,0
M004,575,2026-06-24 23:00:00,0.0,0
M004,576,2026-06-25 00:00:00,0.0,0
M004,577,2026-06-25 01:00:00,0.0,0
M004,578,2026-06-25 02:00:00,0.0,0
M004,579,2026-06-25 03:00:00,0.0,0
M004,580,2026-06-25 04:00:00,0.0,0
M004,581,2026-06-25 05:00:00,0.0,0
M004,582,2026-06-25 06:00:00,0.0,0
M004,583,2026-06-25 07:00:00,0.0,0
M004,584,2026-06-25 08:00:00,0.0,0
M004,585,2026-06-25 09:00:00,0.0,0
M004,586,2026-06-25 10:00:00,0.0,0
M004,587,2026-06-25 11:00:00,0.0030267496451577684,0
M004,588,2026-06-25 12:00:00,0.011789513428410914,0
M004,589,2026-06-25 13:00:00,0.009441480479529503,0
M004,590,2026-06-25 14:00:00,0.006335961271342957,0
M004,591,2026-06-25 15:00:00,0.0030267496451577684,0
M004,592,2026-06-25 16:00:00,0.0030267496451577684,0
M004,593,2026-06-25 17:00:00,0.0,0
M004,594,2026-06-25 18:00:00,0.0,0
M004,595,2026-06-25 19:00:00,0.0,0
M004,596,2026-06-25 20:00:00,0.0,0
M004,597,2026-06-25 21:00:00,0.0049476810105864985,0
M004,598,2026-06-25 22:00:00,0.0049476810105864985,0
M004,599,2026-06-25 23:00:00,0.0023150197893607033,0
M004,600,2026-06-26 00:00:00,0.0023150197893607033,0
M004,601,2026-06-26 01:00:00,0.0023150197893607033,0
M004,602,2026-06-26 02:00:00,0.0049476810105864985,0
M004,603,2026-06-26 03:00:00,0.0023150197893607033,0
M004,604,2026-06-26 04:00:00,0.0023150197893607033,0
M004,605,2026-06-26 05:00:00,0.0023150197893607033,0
M004,606,2026-06-26 06:00:00,0.0023150197893607033,0
M004,607,2026-06-26 07:00:00,0.0049476810105864985,0
M004,608,2026-06-26 08:00:00,0.0023150197893607033,0
M004,609,2026-06-26 09:00:00,0.0023150197893607033,0
M004,610,2026-06-26 10:00:00,0.0023150197893607033,0
M004,611,2026-06-26 11:00:00,0.0023150197893607033,0
M004,612,2026-06-26 12:00:00,0.0023150197893607033,0
M004,613,2026-06-26 13:00:00,0.0,0
M004,614,2026-06-26 14:00:00,0.0,0
M004,615,2026-06-26 15:00:00,0.0,0
M004,616,2026-06-26 16:00:00,0.0,0
M004,617,2026-06-26 17:00:00,0.0,0
M004,618,2026-06-26 18:00:00,0.0,0
M004,619,2026-06-26 19:00:00,0.0,0
M004,620,2026-06-26 20:00:00,0.002632661221225795,0
M004,621,2026-06-26 21:00:00,0.0,0
M004,622,2026-06-26 22:00:00,0.0,0
M004,623,2026-06-26 23:00:00,0.0,0
M004,624,2026-06-27 00:00:00,0.0,0
M004,625,2026-06-27 01:00:00,0.0,0
M004,626,2026-06-27 02:00:00,0.0,0
M004,627,2026-06-27 03:00:00,0.0049476810105864985,0
M004,628,2026-06-27 04:00:00,0.0049476810105864985,0
M004,629,2026-06-27 05:00:00,0.0023150197893607033,0
M004,630,2026-06-27 06:00:00,0.0023150197893607033,0
M004,631,2026-06-27 07:00:00,0.0023150197893607033,0
M004,632,2026-06-27 08:00:00,0.0023150197893607033,0
M004,633,2026-06-27 09:00:00,0.0049476810105864985,0
M004,634,2026-06-27 10:00:00,0.002632661221225795,0
M004,635,2026-06-27 11:00:00,0.0,0
M004,636,2026-06-27 12:00:00,0.0,0
M004,637,2026-06-27 13:00:00,0.0,0
M004,638,2026-06-27 14:00:00,0.0,0
M004,639,2026-06-27 15:00:00,0.0,0
M004,640,2026-06-27 16:00:00,0.0,0
M004,641,2026-06-27 17:00:00,0.0,0
M004,642,2026-06-27 18:00:00,0.0,0
M004,643,2026-06-27 19:00:00,0.0,0
M004,644,2026-06-27 20:00:00,0.0,0
M004,645,2026-06-27 21:00:00,0.0,0
M004,646,2026-06-27 22:00:00,0.0,0
M004,647,2026-06-27 23:00:00,0.0,0
M004,648,2026-06-28 00:00:00,0.002632661221225795,0
M004,649,2026-06-28 01:00:00,0.0,0
M004,650,2026-06-28 02:00:00,0.0049476810105864985,0
M004,651,2026-06-28 03:00:00,0.0023150197893607033,0
M004,652,2026-06-28 04:00:00,0.0023150197893607033,0
M004,653,2026-06-28 05:00:00,0.0049476810105864985,0
M004,654,2026-06-28 06:00:00,0.0023150197893607033,0
M004,655,2026-06-28 07:00:00,0.0049476810105864985,0
M004,656,2026-06-28 08:00:00,0.0023150197893607033,0
M004,657,2026-06-28 09:00:00,0.0023150197893607033,0
M004,658,2026-06-28 10:00:00,0.0023150197893607033,0
M004,659,2026-06-28 11:00:00,0.0023150197893607033,0
M004,660,2026-06-28 12:00:00,0.0023150197893607033,0
M004,661,2026-06-28 13:00:00,0.0,0
M004,662,2026-06-28 14:00:00,0.0,0
M004,663,2026-06-28 15:00:00,0.0049476810105864985,0
M004,664,2026-06-28 16:00:00,0.0023150197893607033,0
M004,665,2026-06-28 17:00:00,0.0049476810105864985,0
M004,666,2026-06-28 18:00:00,0.0049476810105864985,0
M004,667,2026-06-28 19:00:00,0.0049476810105864985,0
M004,668,2026-06-28 20:00:00,0.0023150197893607033,0
M004,669,2026-06-28 21:00:00,0.0049476810105864985,0
M004,670,2026-06-28 22:00:00,0.0049476810105864985,0
M004,671,2026-06-28 23:00:00,0.0049476810105864985,0
M004,672,2026-06-29 00:00:00,0.0023150197893607033,0
M004,673,2026-06-29 01:00:00,0.0023150197893607033,0
M004,674,2026-06-29 02:00:00,0.0049476810105864985,0
M004,675,2026-06-29 03:00:00,0.0023150197893607033,0
M004,676,2026-06-29 04:00:00,0.0049476810105864985,0
M004,677,2026-06-29 05:00:00,0.0023150197893607033,0
M004,678,2026-06-29 06:00:00,0.0049476810105864985,0
M004,679,2026-06-29 07:00:00,0.0023150197893607033,0
M004,680,2026-06-29 08:00:00,0.0049476810105864985,0
M004,681,2026-06-29 09:00:00,0.0049476810105864985,0
M004,682,2026-06-29 10:00:00,0.0049476810105864985,0
M004,683,2026-06-29 11:00:00,0.0049476810105864985,0
M004,684,2026-06-29 12:00:00,0.0049476810105864985,0
M004,685,2026-06-29 13:00:00,0.0023150197893607033,0
M004,686,2026-06-29 14:00:00,0.0049476810105864985,0
M004,687,2026-06-29 15:00:00,0.0049476810105864985,0
M004,688,2026-06-29 16:00:00,0.0049476810105864985,0
M004,689,2026-06-29 17:00:00,0.0049476810105864985,0
M004,690,2026-06-29 18:00:00,0.0049476810105864985,0
M004,691,2026-06-29 19:00:00,0.0049476810105864985,0
M004,692,2026-06-29 20:00:00,0.0049476810105864985,0
M004,693,2026-06-29 21:00:00,0.0049476810105864985,0
M004,694,2026-06-29 22:00:00,0.0049476810105864985,0
M004,695,2026-06-29 23:00:00,0.0049476810105864985,0
M004,696,2026-06-30 00:00:00,0.0023150197893607033,0
M004,697,2026-06-30 01:00:00,0.0049476810105864985,0
M004,698,2026-06-30 02:00:00,0.0023150197893607033,0
M004,699,2026-06-30 03:00:00,0.0049476810105864985,0
M004,700,2026-06-30 04:00:00,0.0023150197893607033,0
M004,701,2026-06-30 05:00:00,0.0023150197893607033,0
M004,702,2026-06-30 06:00:00,0.0023150197893607033,0
M004,703,2026-06-30 07:00:00,0.0049476810105864985,0
M004,704,2026-06-30 08:00:00,0.0049476810105864985,0
M004,705,2026-06-30 09:00:00,0.0049476810105864985,0
M004,706,2026-06-30 10:00:00,0.0049476810105864985,0
M004,707,2026-06-30 11:00:00,0.0023150197893607033,0
M004,708,2026-06-30 12:00:00,0.0049476810105864985,0
M004,709,2026-06-30 13:00:00,0.0023150197893607033,0
M004,710,2026-06-30 14:00:00,0.0049476810105864985,0
M004,711,2026-06-30 15:00:00,0.0023150197893607033,0
M004,712,2026-06-30 16:00:00,0.0023150197893607033,0
M004,713,2026-06-30 17:00:00,0.0023150197893607033,0
M004,714,2026-06-30 18:00:00,0.0049476810105864985,0
M004,715,2026-06-30 19:00:00,0.0023150197893607033,0
M004,716,2026-06-30 20:00:00,0.0,0
M004,717,2026-06-30 21:00:00,0.002632661221225795,0
M004,718,2026-06-30 22:00:00,0.0,0
M004,719,2026-06-30 23:00:00,0.0,0
M005,23,2026-06-01 23:00:00,0.0,0
M005,24,2026-06-02 00:00:00,0.0,0
M005,25,2026-06-02 01:00:00,0.0,0
M005,26,2026-06-02 02:00:00,0.0,0
M005,27,2026-06-02 03:00:00,0.0,0
M005,28,2026-06-02 04:00:00,0.0,0
M005,29,2026-06-02 05:00:00,0.0,0
M005,30,2026-06-02 06:00:00,0.0,0
M005,31,2026-06-02 07:00:00,0.0,0
M005,32,2026-06-02 08:00:00,0.0,0
M005,33,2026-06-02 09:00:00,0.0,0
M005,34,2026-06-02 10:00:00,0.0,0
M005,35,2026-06-02 11:00:00,0.0,0
M005,36,2026-06-02 12:00:00,0.0,0
M005,37,2026-06-02 13:00:00,0.0,0
M005,38,2026-06-02 14:00:00,0.0,0
M005,39,2026-06-02 15:00:00,0.0,0
M005,40,2026-06-02 16:00:00,0.0,0
M005,41,2026-06-02 17:00:00,0.0,0
M005,42,2026-06-02 18:00:00,0.0,0
M005,43,2026-06-02 19:00:00,0.0,0
M005,44,2026-06-02 20:00:00,0.0,0
M005,45,2026-06-02 21:00:00,0.0,0
M005,46,2026-06-02 22:00:00,0.0,0
M005,47,2026-06-02 23:00:00,0.0,0
M005,48,2026-06-03 00:00:00,0.0,0
M005,49,2026-06-03 01:00:00,0.0,0
M005,50,2026-06-03 02:00:00,0.0,0
M005,51,2026-06-03 03:00:00,0.0,0
M005,52,2026-06-03 04:00:00,0.0,0
M005,53,2026-06-03 05:00:00,0.0,0
M005,54,2026-06-03 06:00:00,0.0,0
M005,55,2026-06-03 07:00:00,0.0,0
M005,56,2026-06-03 08:00:00,0.0,0
M005,57,2026-06-03 09:00:00,0.0,0
M005,58,2026-06-03 10:00:00,0.0,0
M005,59,2026-06-03 11:00:00,0.0,0
M005,60,2026-06-03 12:00:00,0.0,0
M005,61,2026-06-03 13:00:00,0.0,0
M005,62,2026-06-03 14:00:00,0.0,0
M005,63,2026-06-03 15:00:00,0.0,0
M005,64,2026-06-03 16:00:00,0.0,0
M005,65,2026-06-03 17:00:00,0.0,0
M005,66,2026-06-03 18:00:00,0.0,0
M005,67,2026-06-03 19:00:00,0.0,0
M005,68,2026-06-03 20:00:00,0.0,0
M005,69,2026-06-03 21:00:00,0.0,0
M005,70,2026-06-03 22:00:00,0.0,0
M005,71,2026-06-03 23:00:00,0.0,0
M005,72,2026-06-04 00:00:00,0.0,0
M005,73,2026-06-04 01:00:00,0.0,0
M005,74,2026-06-04 02:00:00,0.0,0
M005,75,2026-06-04 03:00:00,0.0,0
M005,76,2026-06-04 04:00:00,0.0,0
M005,77,2026-06-04 05:00:00,0.0,0
M005,78,2026-06-04 06:00:00,0.0,0
M005,79,2026-06-04 07:00:00,0.0,0
M005,80,2026-06-04 08:00:00,0.0,0
M005,81,2026-06-04 09:00:00,0.0,0
M005,82,2026-06-04 10:00:00,0.0,0
M005,83,2026-06-04 11:00:00,0.0,0
M005,84,2026-06-04 12:00:00,0.0,0
M005,85,2026-06-04 13:00:00,0.0,0
M005,86,2026-06-04 14:00:00,0.0,0
M005,87,2026-06-04 15:00:00,0.0,0
M005,88,2026-06-04 16:00:00,0.0,0
M005,89,2026-06-04 17:00:00,0.0,0
M005,90,2026-06-04 18:00:00,0.0,0
M005,91,2026-06-04 19:00:00,0.0,0
M005,92,2026-06-04 20:00:00,0.0,0
M005,93,2026-06-04 21:00:00,0.0,0
M005,94,2026-06-04 22:00:00,0.0,0
M005,95,2026-06-04 23:00:00,0.0,0
M005,96,2026-06-05 00:00:00,0.0,0
M005,97,2026-06-05 01:00:00,0.0,0
M005,98,2026-06-05 02:00:00,0.0,0
M005,99,2026-06-05 03:00:00,0.0,0
M005,100,2026-06-05 04:00:00,0.0,0
M005,101,2026-06-05 05:00:00,0.0,0
M005,102,2026-06-05 06:00:00,0.0,0
M005,103,2026-06-05 07:00:00,0.0,0
M005,104,2026-06-05 08:00:00,0.0,0
M005,105,2026-06-05 09:00:00,0.0,0
M005,106,2026-06-05 10:00:00,0.0,0
M005,107,2026-06-05 11:00:00,0.0,0
M005,108,2026-06-05 12:00:00,0.0,0
M005,109,2026-06-05 13:00:00,0.0,0
M005,110,2026-06-05 14:00:00,0.0,0
M005,111,2026-06-05 15:00:00,0.0,0
M005,112,2026-06-05 16:00:00,0.0,0
M005,113,2026-06-05 17:00:00,0.0,0
M005,114,2026-06-05 18:00:00,0.0,0
M005,115,2026-06-05 19:00:00,0.0,0
M005,116,2026-06-05 20:00:00,0.0,0
M005,117,2026-06-05 21:00:00,0.0,0
M005,118,2026-06-05 22:00:00,0.0,0
M005,119,2026-06-05 23:00:00,0.0,0
M005,120,2026-06-06 00:00:00,0.0,0
M005,121,2026-06-06 01:00:00,0.0,0
M005,122,2026-06-06 02:00:00,0.0,0
M005,123,2026-06-06 03:00:00,0.0,0
M005,124,2026-06-06 04:00:00,0.0,0
M005,125,2026-06-06 05:00:00,0.0,0
M005,126,2026-06-06 06:00:00,0.0,0
M005,127,2026-06-06 07:00:00,0.0,0
M005,128,2026-06-06 08:00:00,0.0,0
M005,129,2026-06-06 09:00:00,0.0,0
M005,130,2026-06-06 10:00:00,0.0,0
M005,131,2026-06-06 11:00:00,0.0,0
M005,132,2026-06-06 12:00:00,0.0,0
M005,133,2026-06-06 13:00:00,0.0,0
M005,134,2026-06-06 14:00:00,0.0,0
M005,135,2026-06-06 15:00:00,0.0,0
M005,136,2026-06-06 16:00:00,0.0,0
M005,137,2026-06-06 17:00:00,0.0,0
M005,138,2026-06-06 18:00:00,0.0,0
M005,139,2026-06-06 19:00:00,0.0,0
M005,140,2026-06-06 20:00:00,0.0,0
M005,141,2026-06-06 21:00:00,0.0,0
M005,142,2026-06-06 22:00:00,0.0,0
M005,143,2026-06-06 23:00:00,0.0,0
M005,144,2026-06-07 00:00:00,0.0,0
M005,145,2026-06-07 01:00:00,0.0,0
M005,146,2026-06-07 02:00:00,0.0,0
M005,147,2026-06-07 03:00:00,0.0,0
M005,148,2026-06-07 04:00:00,0.0,0
M005,149,2026-06-07 05:00:00,0.0,0
M005,150,2026-06-07 06:00:00,0.0,0
M005,151,2026-06-07 07:00:00,0.0,0
M005,152,2026-06-07 08:00:00,0.0,0
M005,153,2026-06-07 09:00:00,0.0,0
M005,154,2026-06-07 10:00:00,0.0,0
M005,155,2026-06-07 11:00:00,0.0,0
M005,156,2026-06-07 12:00:00,0.0,0
M005,157,2026-06-07 13:00:00,0.0,0
M005,158,2026-06-07 14:00:00,0.0,0
M005,159,2026-06-07 15:00:00,0.0,0
M005,160,2026-06-07 16:00:00,0.0,0
M005,161,2026-06-07 17:00:00,0.0,0
M005,162,2026-06-07 18:00:00,0.0,0
M005,163,2026-06-07 19:00:00,0.0,0
M005,164,2026-06-07 20:00:00,0.0,0
M005,165,2026-06-07 21:00:00,0.0,0
M005,166,2026-06-07 22:00:00,0.0,0
M005,167,2026-06-07 23:00:00,0.0,0
M005,168,2026-06-08 00:00:00,0.0,0
M005,169,2026-06-08 01:00:00,0.0,0
M005,170,2026-06-08 02:00:00,0.0,0
M005,171,2026-06-08 03:00:00,0.0,0
M005,172,2026-06-08 04:00:00,0.0,0
M005,173,2026-06-08 05:00:00,0.0,0
M005,174,2026-06-08 06:00:00,0.0,0
M005,175,2026-06-08 07:00:00,0.0,0
M005,176,2026-06-08 08:00:00,0.0,0
M005,177,2026-06-08 09:00:00,0.0,0
M005,178,2026-06-08 10:00:00,0.0,0
M005,179,2026-06-08 11:00:00,0.0,0
M005,180,2026-06-08 12:00:00,0.0,0
M005,181,2026-06-08 13:00:00,0.0,0
M005,182,2026-06-08 14:00:00,0.0,0
M005,183,2026-06-08 15:00:00,0.0,0
M005,184,2026-06-08 16:00:00,0.0,0
M005,185,2026-06-08 17:00:00,0.0,0
M005,186,2026-06-08 18:00:00,0.0,0
M005,187,2026-06-08 19:00:00,0.0,0
M005,188,2026-06-08 20:00:00,0.0,0
M005,189,2026-06-08 21:00:00,0.0,0
M005,190,2026-06-08 22:00:00,0.0,0
M005,191,2026-06-08 23:00:00,0.0,0
M005,192,2026-06-09 00:00:00,0.0,0
M005,193,2026-06-09 01:00:00,0.0,0
M005,194,2026-06-09 02:00:00,0.0,0
M005,195,2026-06-09 03:00:00,0.0,0
M005,196,2026-06-09 04:00:00,0.0,0
M005,197,2026-06-09 05:00:00,0.0,0
M005,198,2026-06-09 06:00:00,0.0,0
M005,199,2026-06-09 07:00:00,0.0,0
M005,200,2026-06-09 08:00:00,0.0,0
M005,201,2026-06-09 09:00:00,0.0,0
M005,202,2026-06-09 10:00:00,0.0,0
M005,203,2026-06-09 11:00:00,0.0,0
M005,204,2026-06-09 12:00:00,0.0,0
M005,205,2026-06-09 13:00:00,0.0,0
M005,206,2026-06-09 14:00:00,0.0,0
M005,207,2026-06-09 15:00:00,0.0,0
M005,208,2026-06-09 16:00:00,0.0,0
M005,209,2026-06-09 17:00:00,0.0,0
M005,210,2026-06-09 18:00:00,0.0,0
M005,211,2026-06-09 19:00:00,0.0,0
M005,212,2026-06-09 20:00:00,0.0,0
M005,213,2026-06-09 21:00:00,0.0,0
M005,214,2026-06-09 22:00:00,0.0,0
M005,215,2026-06-09 23:00:00,0.0,0
M005,216,2026-06-10 00:00:00,0.0,0
M005,217,2026-06-10 01:00:00,0.0,0
M005,218,2026-06-10 02:00:00,0.0,0
M005,219,2026-06-10 03:00:00,0.0,0
M005,220,2026-06-10 04:00:00,0.0,0
M005,221,2026-06-10 05:00:00,0.0,0
M005,222,2026-06-10 06:00:00,0.0,0
M005,223,2026-06-10 07:00:00,0.0,0
M005,224,2026-06-10 08:00:00,0.0,0
M005,225,2026-06-10 09:00:00,0.0,0
M005,226,2026-06-10 10:00:00,0.0,0
M005,227,2026-06-10 11:00:00,0.0,0
M005,228,2026-06-10 12:00:00,0.0,0
M005,229,2026-06-10 13:00:00,0.0,0
M005,230,2026-06-10 14:00:00,0.0,0
M005,231,2026-06-10 15:00:00,0.0,0
M005,232,2026-06-10 16:00:00,0.0,0
M005,233,2026-06-10 17:00:00,0.0,0
M005,234,2026-06-10 18:00:00,0.0,0
M005,235,2026-06-10 19:00:00,0.0,0
M005,236,2026-06-10 20:00:00,0.0,0
M005,237,2026-06-10 21:00:00,0.0,0
M005,238,2026-06-10 22:00:00,0.0,0
M005,239,2026-06-10 23:00:00,0.0,0
M005,240,2026-06-11 00:00:00,0.0,0
M005,241,2026-06-11 01:00:00,0.0,0
M005,242,2026-06-11 02:00:00,0.0,0
M005,243,2026-06-11 03:00:00,0.0,0
M005,244,2026-06-11 04:00:00,0.0,0
M005,245,2026-06-11 05:00:00,0.0,0
M005,246,2026-06-11 06:00:00,0.0,0
M005,247,2026-06-11 07:00:00,0.0,0
M005,248,2026-06-11 08:00:00,0.0,0
M005,249,2026-06-11 09:00:00,0.0,0
M005,250,2026-06-11 10:00:00,0.0,0
M005,251,2026-06-11 11:00:00,0.0,0
M005,252,2026-06-11 12:00:00,0.0,0
M005,253,2026-06-11 13:00:00,0.0,0
M005,254,2026-06-11 14:00:00,0.0,0
M005,255,2026-06-11 15:00:00,0.0,0
M005,256,2026-06-11 16:00:00,0.0,0
M005,257,2026-06-11 17:00:00,0.0,0
M005,258,2026-06-11 18:00:00,0.0,0
M005,259,2026-06-11 19:00:00,0.0,0
M005,260,2026-06-11 20:00:00,0.0,0
M005,261,2026-06-11 21:00:00,0.0,0
M005,262,2026-06-11 22:00:00,0.0,0
M005,263,2026-06-11 23:00:00,0.0,0
M005,264,2026-06-12 00:00:00,0.0,0
M005,265,2026-06-12 01:00:00,0.0,0
M005,266,2026-06-12 02:00:00,0.0,0
M005,267,2026-06-12 03:00:00,0.0,0
M005,268,2026-06-12 04:00:00,0.0,0
M005,269,2026-06-12 05:00:00,0.0,0
M005,270,2026-06-12 06:00:00,0.0,0
M005,271,2026-06-12 07:00:00,0.0,0
M005,272,2026-06-12 08:00:00,0.0,0
M005,273,2026-06-12 09:00:00,0.0,0
M005,274,2026-06-12 10:00:00,0.0,0
M005,275,2026-06-12 11:00:00,0.0,0
M005,276,2026-06-12 12:00:00,0.0,0
M005,277,2026-06-12 13:00:00,0.0,0
M005,278,2026-06-12 14:00:00,0.0,0
M005,279,2026-06-12 15:00:00,0.0,0
M005,280,2026-06-12 16:00:00,0.0,0
M005,281,2026-06-12 17:00:00,0.0,0
M005,282,2026-06-12 18:00:00,0.0,0
M005,283,2026-06-12 19:00:00,0.0,0
M005,284,2026-06-12 20:00:00,0.0,0
M005,285,2026-06-12 21:00:00,0.0,0
M005,286,2026-06-12 22:00:00,0.0,0
M005,287,2026-06-12 23:00:00,0.0,0
M005,288,2026-06-13 00:00:00,0.0,0
M005,289,2026-06-13 01:00:00,0.0,0
M005,290,2026-06-13 02:00:00,0.0,0
M005,291,2026-06-13 03:00:00,0.0,0
M005,292,2026-06-13 04:00:00,0.0,0
M005,293,2026-06-13 05:00:00,0.0,0
M005,294,2026-06-13 06:00:00,0.0,0
M005,295,2026-06-13 07:00:00,0.0,0
M005,296,2026-06-13 08:00:00,0.0,0
M005,297,2026-06-13 09:00:00,0.0,0
M005,298,2026-06-13 10:00:00,0.0,0
M005,299,2026-06-13 11:00:00,0.0,0
M005,300,2026-06-13 12:00:00,0.0,0
M005,301,2026-06-13 13:00:00,0.0,0
M005,302,2026-06-13 14:00:00,0.0,0
M005,303,2026-06-13 15:00:00,0.0,0
M005,304,2026-06-13 16:00:00,0.0,0
M005,305,2026-06-13 17:00:00,0.0,0
M005,306,2026-06-13 18:00:00,0.0,0
M005,307,2026-06-13 19:00:00,0.0030163505559189013,0
M005,308,2026-06-13 20:00:00,0.0030163505559189013,0
M005,309,2026-06-13 21:00:00,0.0,0
M005,310,2026-06-13 22:00:00,0.0,0
M005,311,2026-06-13 23:00:00,0.0,0
M005,312,2026-06-14 00:00:00,0.0,0
M005,313,2026-06-14 01:00:00,0.0,0
M005,314,2026-06-14 02:00:00,0.0,0
M005,315,2026-06-14 03:00:00,0.0,0
M005,316,2026-06-14 04:00:00,0.0,0
M005,317,2026-06-14 05:00:00,0.0,0
M005,318,2026-06-14 06:00:00,0.0,0
M005,319,2026-06-14 07:00:00,0.0,0
M005,320,2026-06-14 08:00:00,0.0,0
M005,321,2026-06-14 09:00:00,0.0,0
M005,322,2026-06-14 10:00:00,0.0,0
M005,323,2026-06-14 11:00:00,0.0,0
M005,324,2026-06-14 12:00:00,0.0,0
M005,325,2026-06-14 13:00:00,0.0,0
M005,326,2026-06-14 14:00:00,0.0,0
M005,327,2026-06-14 15:00:00,0.0,0
M005,328,2026-06-14 16:00:00,0.0,0
M005,329,2026-06-14 17:00:00,0.0,0
M005,330,2026-06-14 18:00:00,0.0,0
M005,331,2026-06-14 19:00:00,0.0,0
M005,332,2026-06-14 20:00:00,0.0,0
M005,333,2026-06-14 21:00:00,0.0,0
M005,334,2026-06-14 22:00:00,0.0,0
M005,335,2026-06-14 23:00:00,0.0,0
M005,336,2026-06-15 00:00:00,0.0,0
M005,337,2026-06-15 01:00:00,0.0,0
M005,338,2026-06-15 02:00:00,0.0,0
M005,339,2026-06-15 03:00:00,0.0,0
M005,340,2026-06-15 04:00:00,0.0,0
M005,341,2026-06-15 05:00:00,0.0031552564718807935,0
M005,342,2026-06-15 06:00:00,0.0,0
M005,343,2026-06-15 07:00:00,0.0,0
M005,344,2026-06-15 08:00:00,0.0,0
M005,345,2026-06-15 09:00:00,0.0,0
M005,346,2026-06-15 10:00:00,0.0,0
M005,347,2026-06-15 11:00:00,0.0,0
M005,348,2026-06-15 12:00:00,0.0,0
M005,349,2026-06-15 13:00:00,0.0,0
M005,350,2026-06-15 14:00:00,0.0,0
M005,351,2026-06-15 15:00:00,0.0,0
M005,352,2026-06-15 16:00:00,0.0,0
M005,353,2026-06-15 17:00:00,0.0,0
M005,354,2026-06-15 18:00:00,0.0,0
M005,355,2026-06-15 19:00:00,0.0,0
M005,356,2026-06-15 20:00:00,0.0,0
M005,357,2026-06-15 21:00:00,0.0,0
M005,358,2026-06-15 22:00:00,0.0,0
M005,359,2026-06-15 23:00:00,0.0,0
M005,360,2026-06-16 00:00:00,0.0,0
M005,361,2026-06-16 01:00:00,0.0,0
M005,362,2026-06-16 02:00:00,0.0,0
M005,363,2026-06-16 03:00:00,0.0,0
M005,364,2026-06-16 04:00:00,0.0,0
M005,365,2026-06-16 05:00:00,0.0,0
M005,366,2026-06-16 06:00:00,0.0,0
M005,367,2026-06-16 07:00:00,0.0,0
M005,368,2026-06-16 08:00:00,0.0,0
M005,369,2026-06-16 09:00:00,0.0,0
M005,370,2026-06-16 10:00:00,0.0,0
M005,371,2026-06-16 11:00:00,0.0,0
M005,372,2026-06-16 12:00:00,0.0,0
M005,373,2026-06-16 13:00:00,0.0,0
M005,374,2026-06-16 14:00:00,0.0,0
M005,375,2026-06-16 15:00:00,0.0,0
M005,376,2026-06-16 16:00:00,0.0,0
M005,377,2026-06-16 17:00:00,0.0,0
M005,378,2026-06-16 18:00:00,0.0,0
M005,379,2026-06-16 19:00:00,0.0,0
M005,380,2026-06-16 20:00:00,0.0,0
M005,381,2026-06-16 21:00:00,0.0,0
M005,382,2026-06-16 22:00:00,0.0,0
M005,383,2026-06-16 23:00:00,0.0,0
M005,384,2026-06-17 00:00:00,0.0,0
M005,385,2026-06-17 01:00:00,0.0,0
M005,386,2026-06-17 02:00:00,0.0,0
M005,387,2026-06-17 03:00:00,0.0,0
M005,388,2026-06-17 04:00:00,0.0,0
M005,389,2026-06-17 05:00:00,0.0,0
M005,390,2026-06-17 06:00:00,0.0,0
M005,391,2026-06-17 07:00:00,0.0,0
M005,392,2026-06-17 08:00:00,0.0,0
M005,393,2026-06-17 09:00:00,0.0,0
M005,394,2026-06-17 10:00:00,0.0,0
M005,395,2026-06-17 11:00:00,0.0,0
M005,396,2026-06-17 12:00:00,0.0,0
M005,397,2026-06-17 13:00:00,0.0,0
M005,398,2026-06-17 14:00:00,0.0,0
M005,399,2026-06-17 15:00:00,0.0,0
M005,400,2026-06-17 16:00:00,0.0,0
M005,401,2026-06-17 17:00:00,0.0,0
M005,402,2026-06-17 18:00:00,0.0,0
M005,403,2026-06-17 19:00:00,0.0,0
M005,404,2026-06-17 20:00:00,0.0,0
M005,405,2026-06-17 21:00:00,0.0,0
M005,406,2026-06-17 22:00:00,0.0,0
M005,407,2026-06-17 23:00:00,0.0,0
M005,408,2026-06-18 00:00:00,0.0,0
M005,409,2026-06-18 01:00:00,0.0,0
M005,410,2026-06-18 02:00:00,0.0,0
M005,411,2026-06-18 03:00:00,0.0,0
M005,412,2026-06-18 04:00:00,0.0,0
M005,413,2026-06-18 05:00:00,0.0,0
M005,414,2026-06-18 06:00:00,0.0,0
M005,415,2026-06-18 07:00:00,0.0,0
M005,416,2026-06-18 08:00:00,0.0,0
M005,417,2026-06-18 09:00:00,0.0,0
M005,418,2026-06-18 10:00:00,0.0,0
M005,419,2026-06-18 11:00:00,0.0,0
M005,420,2026-06-18 12:00:00,0.0,0
M005,421,2026-06-18 13:00:00,0.0,0
M005,422,2026-06-18 14:00:00,0.0,0
M005,423,2026-06-18 15:00:00,0.0,0
M005,424,2026-06-18 16:00:00,0.0,0
M005,425,2026-06-18 17:00:00,0.0,0
M005,426,2026-06-18 18:00:00,0.0,0
M005,427,2026-06-18 19:00:00,0.0,0
M005,428,2026-06-18 20:00:00,0.0,0
M005,429,2026-06-18 21:00:00,0.0,0
M005,430,2026-06-18 22:00:00,0.0,0
M005,431,2026-06-18 23:00:00,0.0,0
M005,432,2026-06-19 00:00:00,0.0,0
M005,433,2026-06-19 01:00:00,0.0,0
M005,434,2026-06-19 02:00:00,0.0,0
M005,435,2026-06-19 03:00:00,0.0,0
M005,436,2026-06-19 04:00:00,0.0,0
M005,437,2026-06-19 05:00:00,0.0,0
M005,438,2026-06-19 06:00:00,0.0,0
M005,439,2026-06-19 07:00:00,0.0,0
M005,440,2026-06-19 08:00:00,0.0,0
M005,441,2026-06-19 09:00:00,0.0,0
M005,442,2026-06-19 10:00:00,0.0,0
M005,443,2026-06-19 11:00:00,0.0,0
M005,444,2026-06-19 12:00:00,0.0,0
M005,445,2026-06-19 13:00:00,0.0,0
M005,446,2026-06-19 14:00:00,0.0,0
M005,447,2026-06-19 15:00:00,0.0,0
M005,448,2026-06-19 16:00:00,0.0,0
M005,449,2026-06-19 17:00:00,0.0,0
M005,450,2026-06-19 18:00:00,0.0,0
M005,451,2026-06-19 19:00:00,0.0,0
M005,452,2026-06-19 20:00:00,0.0,0
M005,453,2026-06-19 21:00:00,0.0,0
M005,454,2026-06-19 22:00:00,0.0059628528787066285,0
M005,455,2026-06-19 23:00:00,0.0,0
M005,456,2026-06-20 00:00:00,0.0,0
M005,457,2026-06-20 01:00:00,0.0,0
M005,458,2026-06-20 02:00:00,0.0,0
M005,459,2026-06-20 03:00:00,0.0,0
M005,460,2026-06-20 04:00:00,0.0,0
M005,461,2026-06-20 05:00:00,0.0,0
M005,462,2026-06-20 06:00:00,0.0,0
M005,463,2026-06-20 07:00:00,0.0,0
M005,464,2026-06-20 08:00:00,0.0,0
M005,465,2026-06-20 09:00:00,0.0,0
M005,466,2026-06-20 10:00:00,0.0,0
M005,467,2026-06-20 11:00:00,0.0,0
M005,468,2026-06-20 12:00:00,0.0,0
M005,469,2026-06-20 13:00:00,0.0,0
M005,470,2026-06-20 14:00:00,0.0,0
M005,471,2026-06-20 15:00:00,0.0,0
M005,472,2026-06-20 16:00:00,0.0,0
M005,473,2026-06-20 17:00:00,0.0,0
M005,474,2026-06-20 18:00:00,0.0,0
M005,475,2026-06-20 19:00:00,0.0,0
M005,476,2026-06-20 20:00:00,0.0,0
M005,477,2026-06-20 21:00:00,0.0,0
M005,478,2026-06-20 22:00:00,0.0,0
M005,479,2026-06-20 23:00:00,0.0,0
M005,480,2026-06-21 00:00:00,0.0,0
M005,481,2026-06-21 01:00:00,0.0,0
M005,482,2026-06-21 02:00:00,0.0,0
M005,483,2026-06-21 03:00:00,0.0,0
M005,484,2026-06-21 04:00:00,0.0,0
M005,485,2026-06-21 05:00:00,0.0,0
M005,486,2026-06-21 06:00:00,0.0,0
M005,487,2026-06-21 07:00:00,0.0,0
M005,488,2026-06-21 08:00:00,0.0,0
M005,489,2026-06-21 09:00:00,0.0,0
M005,490,2026-06-21 10:00:00,0.0,0
M005,491,2026-06-21 11:00:00,0.0,0
M005,492,2026-06-21 12:00:00,0.0,0
M005,493,2026-06-21 13:00:00,0.0,0
M005,494,2026-06-21 14:00:00,0.0,0
M005,495,2026-06-21 15:00:00,0.0,0
M005,496,2026-06-21 16:00:00,0.0,0
M005,497,2026-06-21 17:00:00,0.0,0
M005,498,2026-06-21 18:00:00,0.0,0
M005,499,2026-06-21 19:00:00,0.0,0
M005,500,2026-06-21 20:00:00,0.0,0
M005,501,2026-06-21 21:00:00,0.0,0
M005,502,2026-06-21 22:00:00,0.0,0
M005,503,2026-06-21 23:00:00,0.0,0
M005,504,2026-06-22 00:00:00,0.0,0
M005,505,2026-06-22 01:00:00,0.0,0
M005,506,2026-06-22 02:00:00,0.0,0
M005,507,2026-06-22 03:00:00,0.0,0
M005,508,2026-06-22 04:00:00,0.0,0
M005,509,2026-06-22 05:00:00,0.0,0
M005,510,2026-06-22 06:00:00,0.0,0
M005,511,2026-06-22 07:00:00,0.0,0
M005,512,2026-06-22 08:00:00,0.0,0
M005,513,2026-06-22 09:00:00,0.0,0
M005,514,2026-06-22 10:00:00,0.0,0
M005,515,2026-06-22 11:00:00,0.0,0
M005,516,2026-06-22 12:00:00,0.0,0
M005,517,2026-06-22 13:00:00,0.0,0
M005,518,2026-06-22 14:00:00,0.0,0
M005,519,2026-06-22 15:00:00,0.0,0
M005,520,2026-06-22 16:00:00,0.0,0
M005,521,2026-06-22 17:00:00,0.0,0
M005,522,2026-06-22 18:00:00,0.0,0
M005,523,2026-06-22 19:00:00,0.0,0
M005,524,2026-06-22 20:00:00,0.0,0
M005,525,2026-06-22 21:00:00,0.0,0
M005,526,2026-06-22 22:00:00,0.0,0
M005,527,2026-06-22 23:00:00,0.0,0
M005,528,2026-06-23 00:00:00,0.0,0
M005,529,2026-06-23 01:00:00,0.0,0
M005,530,2026-06-23 02:00:00,0.0,0
M005,531,2026-06-23 03:00:00,0.0,0
M005,532,2026-06-23 04:00:00,0.0,0
M005,533,2026-06-23 05:00:00,0.0,0
M005,534,2026-06-23 06:00:00,0.0,0
M005,535,2026-06-23 07:00:00,0.0,0
M005,536,2026-06-23 08:00:00,0.0,0
M005,537,2026-06-23 09:00:00,0.0,0
M005,538,2026-06-23 10:00:00,0.0,0
M005,539,2026-06-23 11:00:00,0.0,0
M005,540,2026-06-23 12:00:00,0.0,0
M005,541,2026-06-23 13:00:00,0.0,0
M005,542,2026-06-23 14:00:00,0.0,0
M005,543,2026-06-23 15:00:00,0.0,0
M005,544,2026-06-23 16:00:00,0.0,0
M005,545,2026-06-23 17:00:00,0.0,0
M005,546,2026-06-23 18:00:00,0.0,0
M005,547,2026-06-23 19:00:00,0.0,0
M005,548,2026-06-23 20:00:00,0.0,0
M005,549,2026-06-23 21:00:00,0.0,0
M005,550,2026-06-23 22:00:00,0.0,0
M005,551,2026-06-23 23:00:00,0.0,0
M005,552,2026-06-24 00:00:00,0.0,0
M005,553,2026-06-24 01:00:00,0.0,0
M005,554,2026-06-24 02:00:00,0.0,0
M005,555,2026-06-24 03:00:00,0.0,0
M005,556,2026-06-24 04:00:00,0.0,0
M005,557,2026-06-24 05:00:00,0.0,0
M005,558,2026-06-24 06:00:00,0.0,0
M005,559,2026-06-24 07:00:00,0.0,0
M005,560,2026-06-24 08:00:00,0.0,0
M005,561,2026-06-24 09:00:00,0.0,0
M005,562,2026-06-24 10:00:00,0.0,0
M005,563,2026-06-24 11:00:00,0.0,0
M005,564,2026-06-24 12:00:00,0.0,0
M005,565,2026-06-24 13:00:00,0.0,0
M005,566,2026-06-24 14:00:00,0.0,0
M005,567,2026-06-24 15:00:00,0.0,0
M005,568,2026-06-24 16:00:00,0.0,0
M005,569,2026-06-24 17:00:00,0.0,0
M005,570,2026-06-24 18:00:00,0.0,0
M005,571,2026-06-24 19:00:00,0.0,0
M005,572,2026-06-24 20:00:00,0.0,0
M005,573,2026-06-24 21:00:00,0.0,0
M005,574,2026-06-24 22:00:00,0.0,0
M005,575,2026-06-24 23:00:00,0.0,0
M005,576,2026-06-25 00:00:00,0.0,0
M005,577,2026-06-25 01:00:00,0.0,0
M005,578,2026-06-25 02:00:00,0.0,0
M005,579,2026-06-25 03:00:00,0.0,0
M005,580,2026-06-25 04:00:00,0.0,0
M005,581,2026-06-25 05:00:00,0.0,0
M005,582,2026-06-25 06:00:00,0.0,0
M005,583,2026-06-25 07:00:00,0.0,0
M005,584,2026-06-25 08:00:00,0.0,0
M005,585,2026-06-25 09:00:00,0.0,0
M005,586,2026-06-25 10:00:00,0.0,0
M005,587,2026-06-25 11:00:00,0.0,0
M005,588,2026-06-25 12:00:00,0.0,0
M005,589,2026-06-25 13:00:00,0.0,0
M005,590,2026-06-25 14:00:00,0.0,0
M005,591,2026-06-25 15:00:00,0.0,0
M005,592,2026-06-25 16:00:00,0.0,0
M005,593,2026-06-25 17:00:00,0.0,0
M005,594,2026-06-25 18:00:00,0.0,0
M005,595,2026-06-25 19:00:00,0.0,0
M005,596,2026-06-25 20:00:00,0.0,0
M005,597,2026-06-25 21:00:00,0.0,0
M005,598,2026-06-25 22:00:00,0.0,0
M005,599,2026-06-25 23:00:00,0.0,0
M005,600,2026-06-26 00:00:00,0.0,0
M005,601,2026-06-26 01:00:00,0.0,0
M005,602,2026-06-26 02:00:00,0.0,0
M005,603,2026-06-26 03:00:00,0.0,0
M005,604,2026-06-26 04:00:00,0.0,0
M005,605,2026-06-26 05:00:00,0.0,0
M005,606,2026-06-26 06:00:00,0.0,0
M005,607,2026-06-26 07:00:00,0.0,0
M005,608,2026-06-26 08:00:00,0.0,0
M005,609,2026-06-26 09:00:00,0.0,0
M005,610,2026-06-26 10:00:00,0.0,0
M005,611,2026-06-26 11:00:00,0.0,0
M005,612,2026-06-26 12:00:00,0.0,0
M005,613,2026-06-26 13:00:00,0.0,0
M005,614,2026-06-26 14:00:00,0.0,0
M005,615,2026-06-26 15:00:00,0.0,0
M005,616,2026-06-26 16:00:00,0.0,0
M005,617,2026-06-26 17:00:00,0.0,0
M005,618,2026-06-26 18:00:00,0.0,0
M005,619,2026-06-26 19:00:00,0.0,0
M005,620,2026-06-26 20:00:00,0.0,0
M005,621,2026-06-26 21:00:00,0.0,0
M005,622,2026-06-26 22:00:00,0.0,0
M005,623,2026-06-26 23:00:00,0.0,0
M005,624,2026-06-27 00:00:00,0.0,0
M005,625,2026-06-27 01:00:00,0.0,0
M005,626,2026-06-27 02:00:00,0.0,0
M005,627,2026-06-27 03:00:00,0.0,0
M005,628,2026-06-27 04:00:00,0.0,0
M005,629,2026-06-27 05:00:00,0.0,0
M005,630,2026-06-27 06:00:00,0.0,0
M005,631,2026-06-27 07:00:00,0.0,0
M005,632,2026-06-27 08:00:00,0.0,0
M005,633,2026-06-27 09:00:00,0.0,0
M005,634,2026-06-27 10:00:00,0.0,0
M005,635,2026-06-27 11:00:00,0.0,0
M005,636,2026-06-27 12:00:00,0.0,0
M005,637,2026-06-27 13:00:00,0.0,0
M005,638,2026-06-27 14:00:00,0.0,0
M005,639,2026-06-27 15:00:00,0.0,0
M005,640,2026-06-27 16:00:00,0.0,0
M005,641,2026-06-27 17:00:00,0.0,0
M005,642,2026-06-27 18:00:00,0.0,0
M005,643,2026-06-27 19:00:00,0.0,0
M005,644,2026-06-27 20:00:00,0.0,0
M005,645,2026-06-27 21:00:00,0.0,0
M005,646,2026-06-27 22:00:00,0.0,0
M005,647,2026-06-27 23:00:00,0.0,0
M005,648,2026-06-28 00:00:00,0.0,0
M005,649,2026-06-28 01:00:00,0.0,0
M005,650,2026-06-28 02:00:00,0.0,0
M005,651,2026-06-28 03:00:00,0.0,0
M005,652,2026-06-28 04:00:00,0.0,0
M005,653,2026-06-28 05:00:00,0.0,0
M005,654,2026-06-28 06:00:00,0.0,0
M005,655,2026-06-28 07:00:00,0.0,0
M005,656,2026-06-28 08:00:00,0.0,0
M005,657,2026-06-28 09:00:00,0.0,0
M005,658,2026-06-28 10:00:00,0.0,0
M005,659,2026-06-28 11:00:00,0.0,0
M005,660,2026-06-28 12:00:00,0.0,0
M005,661,2026-06-28 13:00:00,0.0,0
M005,662,2026-06-28 14:00:00,0.0,0
M005,663,2026-06-28 15:00:00,0.0,0
M005,664,2026-06-28 16:00:00,0.0,0
M005,665,2026-06-28 17:00:00,0.0,0
M005,666,2026-06-28 18:00:00,0.0,0
M005,667,2026-06-28 19:00:00,0.0,0
M005,668,2026-06-28 20:00:00,0.0,0
M005,669,2026-06-28 21:00:00,0.0,0
M005,670,2026-06-28 22:00:00,0.0,0
M005,671,2026-06-28 23:00:00,0.0,0
M005,672,2026-06-29 00:00:00,0.0,0
M005,673,2026-06-29 01:00:00,0.0,0
M005,674,2026-06-29 02:00:00,0.0,0
M005,675,2026-06-29 03:00:00,0.0,0
M005,676,2026-06-29 04:00:00,0.0,0
M005,677,2026-06-29 05:00:00,0.0,0
M005,678,2026-06-29 06:00:00,0.0,0
M005,679,2026-06-29 07:00:00,0.0025997171145686,0
M005,680,2026-06-29 08:00:00,0.0,0
M005,681,2026-06-29 09:00:00,0.0,0
M005,682,2026-06-29 10:00:00,0.0,0
M005,683,2026-06-29 11:00:00,0.0,0
M005,684,2026-06-29 12:00:00,0.0,0
M005,685,2026-06-29 13:00:00,0.0,0
M005,686,2026-06-29 14:00:00,0.0,0
M005,687,2026-06-29 15:00:00,0.0,0
M005,688,2026-06-29 16:00:00,0.0,0
M005,689,2026-06-29 17:00:00,0.0,0
M005,690,2026-06-29 18:00:00,0.0,0
M005,691,2026-06-29 19:00:00,0.0,0
M005,692,2026-06-29 20:00:00,0.0,0
M005,693,2026-06-29 21:00:00,0.0,0
M005,694,2026-06-29 22:00:00,0.0,0
M005,695,2026-06-29 23:00:00,0.0,0
M005,696,2026-06-30 00:00:00,0.0,0
M005,697,2026-06-30 01:00:00,0.0,0
M005,698,2026-06-30 02:00:00,0.0,0
M005,699,2026-06-30 03:00:00,0.0,0
M005,700,2026-06-30 04:00:00,0.0,0
M005,701,2026-06-30 05:00:00,0.0,0
M005,702,2026-06-30 06:00:00,0.0,0
M005,703,2026-06-30 07:00:00,0.0,0
M005,704,2026-06-30 08:00:00,0.0,0
M005,705,2026-06-30 09:00:00,0.0,0
M005,706,2026-06-30 10:00:00,0.0,0
M005,707,2026-06-30 11:00:00,0.0,0
M005,708,2026-06-30 12:00:00,0.0,0
M005,709,2026-06-30 13:00:00,0.0,0
M005,710,2026-06-30 14:00:00,0.0,0
M005,711,2026-06-30 15:00:00,0.0,0
M005,712,2026-06-30 16:00:00,0.0,0
M005,713,2026-06-30 17:00:00,0.0,0
M005,714,2026-06-30 18:00:00,0.0,0
M005,715,2026-06-30 19:00:00,0.0,0
M005,716,2026-06-30 20:00:00,0.0,0
M005,717,2026-06-30 21:00:00,0.0,0
M005,718,2026-06-30 22:00:00,0.0,0
M005,719,2026-06-30 23:00:00,0.0,0
M006,23,2026-06-01 23:00:00,0.0,0
M006,24,2026-06-02 00:00:00,0.0,0
M006,25,2026-06-02 01:00:00,0.0,0
M006,26,2026-06-02 02:00:00,0.0,0
M006,27,2026-06-02 03:00:00,0.0,0
M006,28,2026-06-02 04:00:00,0.0,0
M006,29,2026-06-02 05:00:00,0.0,0
M006,30,2026-06-02 06:00:00,0.0,0
M006,31,2026-06-02 07:00:00,0.0,0
M006,32,2026-06-02 08:00:00,0.0,0
M006,33,2026-06-02 09:00:00,0.0,0
M006,34,2026-06-02 10:00:00,0.0,0
M006,35,2026-06-02 11:00:00,0.0,0
M006,36,2026-06-02 12:00:00,0.0,0
M006,37,2026-06-02 13:00:00,0.0,0
M006,38,2026-06-02 14:00:00,0.0,0
M006,39,2026-06-02 15:00:00,0.0,0
M006,40,2026-06-02 16:00:00,0.0,0
M006,41,2026-06-02 17:00:00,0.0,0
M006,42,2026-06-02 18:00:00,0.0,0
M006,43,2026-06-02 19:00:00,0.0,0
M006,44,2026-06-02 20:00:00,0.0,0
M006,45,2026-06-02 21:00:00,0.0,0
M006,46,2026-06-02 22:00:00,0.0,0
M006,47,2026-06-02 23:00:00,0.0,0
M006,48,2026-06-03 00:00:00,0.0,0
M006,49,2026-06-03 01:00:00,0.0,0
M006,50,2026-06-03 02:00:00,0.0,0
M006,51,2026-06-03 03:00:00,0.0,0
M006,52,2026-06-03 04:00:00,0.0,0
M006,53,2026-06-03 05:00:00,0.0,0
M006,54,2026-06-03 06:00:00,0.0,0
M006,55,2026-06-03 07:00:00,0.0,0
M006,56,2026-06-03 08:00:00,0.006283306085847702,0
M006,57,2026-06-03 09:00:00,0.006283306085847702,0
M006,58,2026-06-03 10:00:00,0.0,0
M006,59,2026-06-03 11:00:00,0.008982187727017346,0
M006,60,2026-06-03 12:00:00,0.0030621114449724453,0
M006,61,2026-06-03 13:00:00,0.0030621114449724453,0
M006,62,2026-06-03 14:00:00,0.01660232164242785,0
M006,63,2026-06-03 15:00:00,0.0530959996869274,0
M006,64,2026-06-03 16:00:00,0.05471119895794232,0
M006,65,2026-06-03 17:00:00,0.025962580328427593,0
M006,66,2026-06-03 18:00:00,0.17300477969814365,0
M006,67,2026-06-03 19:00:00,0.18708540469649365,0
M006,68,2026-06-03 20:00:00,0.1849111284615502,0
M006,69,2026-06-03 21:00:00,0.20257533869668948,0
M006,70,2026-06-03 22:00:00,0.2753296224356403,0
M006,71,2026-06-03 23:00:00,0.3310960500970775,0
M006,72,2026-06-04 00:00:00,0.43548050475205335,0
M006,73,2026-06-04 01:00:00,0.6724969927182758,0
M006,74,2026-06-04 02:00:00,0.7941313567707763,1
M006,75,2026-06-04 03:00:00,0.8517046879724215,1
M006,76,2026-06-04 04:00:00,0.908934509269774,1
M006,77,2026-06-04 05:00:00,0.9351048108262097,1
M006,78,2026-06-04 06:00:00,0.9369444774001066,1
M006,79,2026-06-04 07:00:00,0.9267275951726262,1
M006,80,2026-06-04 08:00:00,0.9387858134931417,1
M006,81,2026-06-04 09:00:00,0.9432853170849194,1
M006,82,2026-06-04 10:00:00,0.9668117635410137,1
M006,83,2026-06-04 11:00:00,0.9580691721604095,1
M006,84,2026-06-04 12:00:00,0.9740583036305721,1
M006,85,2026-06-04 13:00:00,0.9731374666602965,1
M006,86,2026-06-04 14:00:00,0.9801555496485491,1
M006,87,2026-06-04 15:00:00,0.9818749930852047,1
M006,88,2026-06-04 16:00:00,0.980088274263879,1
M006,89,2026-06-04 17:00:00,0.9847558787707148,1
M006,90,2026-06-04 18:00:00,0.9850347159256194,1
M006,91,2026-06-04 19:00:00,0.9855627620624293,1
M006,92,2026-06-04 20:00:00,0.9855627620624293,1
M006,93,2026-06-04 21:00:00,0.9859007079761913,1
M006,94,2026-06-04 22:00:00,0.9839084754797889,1
M006,95,2026-06-04 23:00:00,0.9794405026296495,1
M006,96,2026-06-05 00:00:00,0.9780180445657347,1
M006,97,2026-06-05 01:00:00,0.9850347886097226,1
M006,98,2026-06-05 02:00:00,0.9832012388091212,1
M006,99,2026-06-05 03:00:00,0.9863367506836181,1
M006,100,2026-06-05 04:00:00,0.9863187873683137,1
M006,101,2026-06-05 05:00:00,0.9830357340247203,1
M006,102,2026-06-05 06:00:00,0.9863187873683137,1
M006,103,2026-06-05 07:00:00,0.9863187873683137,1
M006,104,2026-06-05 08:00:00,0.9860962161156624,1
M006,105,2026-06-05 09:00:00,0.9844691327336843,1
M006,106,2026-06-05 10:00:00,0.9863187873683137,1
M006,107,2026-06-05 11:00:00,0.9863187873683137,1
M006,108,2026-06-05 12:00:00,0.9863187873683137,1
M006,109,2026-06-05 13:00:00,0.9863187873683137,1
M006,110,2026-06-05 14:00:00,0.9863187873683137,1
M006,111,2026-06-05 15:00:00,0.9858865740059151,1
M006,112,2026-06-05 16:00:00,0.9863187873683137,1
M006,113,2026-06-05 17:00:00,0.9863187873683137,1
M006,114,2026-06-05 18:00:00,0.9863187873683137,1
M006,115,2026-06-05 19:00:00,0.9828394147299099,1
M006,116,2026-06-05 20:00:00,0.9861311524441273,1
M006,117,2026-06-05 21:00:00,0.9861311524441273,1
M006,118,2026-06-05 22:00:00,0.9861311524441273,1
M006,119,2026-06-05 23:00:00,0.9697525672909671,1
M006,120,2026-06-06 00:00:00,0.982871682578907,1
M006,121,2026-06-06 01:00:00,0.982871682578907,1
M006,122,2026-06-06 02:00:00,0.896964908819538,0
M006,123,2026-06-06 03:00:00,0.4972238110711222,0
M006,124,2026-06-06 04:00:00,0.5831717696555387,0
M006,125,2026-06-06 05:00:00,0.4608039752490953,0
M006,126,2026-06-06 06:00:00,0.4841155427449464,0
M006,127,2026-06-06 07:00:00,0.5025615159641761,0
M006,128,2026-06-06 08:00:00,0.3233009731839698,0
M006,129,2026-06-06 09:00:00,0.3265754561811031,0
M006,130,2026-06-06 10:00:00,0.3403565040572256,0
M006,131,2026-06-06 11:00:00,0.33643393420266254,0
M006,132,2026-06-06 12:00:00,0.30856078767104284,0
M006,133,2026-06-06 13:00:00,0.3190643401619958,0
M006,134,2026-06-06 14:00:00,0.31905789458449685,0
M006,135,2026-06-06 15:00:00,0.3212638946973161,0
M006,136,2026-06-06 16:00:00,0.2812540403857955,0
M006,137,2026-06-06 17:00:00,0.2740602718288686,0
M007,23,2026-06-01 23:00:00,0.0,0
M007,24,2026-06-02 00:00:00,0.0,0
M007,25,2026-06-02 01:00:00,0.0,0
M007,26,2026-06-02 02:00:00,0.0,0
M007,27,2026-06-02 03:00:00,0.0,0
M007,28,2026-06-02 04:00:00,0.0,0
M007,29,2026-06-02 05:00:00,0.0,0
M007,30,2026-06-02 06:00:00,0.0,0
M007,31,2026-06-02 07:00:00,0.0,0
M007,32,2026-06-02 08:00:00,0.0,0
M007,33,2026-06-02 09:00:00,0.0,0
M007,34,2026-06-02 10:00:00,0.0,0
M007,35,2026-06-02 11:00:00,0.0,0
M007,36,2026-06-02 12:00:00,0.0,0
M007,37,2026-06-02 13:00:00,0.0,0
M007,38,2026-06-02 14:00:00,0.0,0
M007,39,2026-06-02 15:00:00,0.0,0
M007,40,2026-06-02 16:00:00,0.0,0
M007,41,2026-06-02 17:00:00,0.0,0
M007,42,2026-06-02 18:00:00,0.0,0
M007,43,2026-06-02 19:00:00,0.0,0
M007,44,2026-06-02 20:00:00,0.0,0
M007,45,2026-06-02 21:00:00,0.0,0
M007,46,2026-06-02 22:00:00,0.0,0
M007,47,2026-06-02 23:00:00,0.0,0
M007,48,2026-06-03 00:00:00,0.0,0
M007,49,2026-06-03 01:00:00,0.0,0
M007,50,2026-06-03 02:00:00,0.0,0
M007,51,2026-06-03 03:00:00,0.0,0
M007,52,2026-06-03 04:00:00,0.0,0
M007,53,2026-06-03 05:00:00,0.0,0
M007,54,2026-06-03 06:00:00,0.0,0
M007,55,2026-06-03 07:00:00,0.0,0
M007,56,2026-06-03 08:00:00,0.0,0
M007,57,2026-06-03 09:00:00,0.0,0
M007,58,2026-06-03 10:00:00,0.0,0
M007,59,2026-06-03 11:00:00,0.0,0
M007,60,2026-06-03 12:00:00,0.0,0
M007,61,2026-06-03 13:00:00,0.0,0
M007,62,2026-06-03 14:00:00,0.0,0
M007,63,2026-06-03 15:00:00,0.0,0
M007,64,2026-06-03 16:00:00,0.0,0
M007,65,2026-06-03 17:00:00,0.0,0
M007,66,2026-06-03 18:00:00,0.0,0
M007,67,2026-06-03 19:00:00,0.0,0
M007,68,2026-06-03 20:00:00,0.0,0
M007,69,2026-06-03 21:00:00,0.0,0
M007,70,2026-06-03 22:00:00,0.0,0
M007,71,2026-06-03 23:00:00,0.0,0
M007,72,2026-06-04 00:00:00,0.0,0
M007,73,2026-06-04 01:00:00,0.0,0
M007,74,2026-06-04 02:00:00,0.0,0
M007,75,2026-06-04 03:00:00,0.0,0
M007,76,2026-06-04 04:00:00,0.0,0
M007,77,2026-06-04 05:00:00,0.0,0
M007,78,2026-06-04 06:00:00,0.0,0
M007,79,2026-06-04 07:00:00,0.0,0
M007,80,2026-06-04 08:00:00,0.0,0
M007,81,2026-06-04 09:00:00,0.0,0
M007,82,2026-06-04 10:00:00,0.0,0
M007,83,2026-06-04 11:00:00,0.0,0
M007,84,2026-06-04 12:00:00,0.0,0
M007,85,2026-06-04 13:00:00,0.0,0
M007,86,2026-06-04 14:00:00,0.0,0
M007,87,2026-06-04 15:00:00,0.0,0
M007,88,2026-06-04 16:00:00,0.0,0
M007,89,2026-06-04 17:00:00,0.0,0
M007,90,2026-06-04 18:00:00,0.0,0
M007,91,2026-06-04 19:00:00,0.0,0
M007,92,2026-06-04 20:00:00,0.0,0
M007,93,2026-06-04 21:00:00,0.0,0
M007,94,2026-06-04 22:00:00,0.0,0
M007,95,2026-06-04 23:00:00,0.0,0
M007,96,2026-06-05 00:00:00,0.0,0
M007,97,2026-06-05 01:00:00,0.0,0
M007,98,2026-06-05 02:00:00,0.0,0
M007,99,2026-06-05 03:00:00,0.0,0
M007,100,2026-06-05 04:00:00,0.0,0
M007,101,2026-06-05 05:00:00,0.0,0
M007,102,2026-06-05 06:00:00,0.0,0
M007,103,2026-06-05 07:00:00,0.0,0
M007,104,2026-06-05 08:00:00,0.0,0
M007,105,2026-06-05 09:00:00,0.0,0
M007,106,2026-06-05 10:00:00,0.0,0
M007,107,2026-06-05 11:00:00,0.0,0
M007,108,2026-06-05 12:00:00,0.0,0
M007,109,2026-06-05 13:00:00,0.0,0
M007,110,2026-06-05 14:00:00,0.0,0
M007,111,2026-06-05 15:00:00,0.0,0
M007,112,2026-06-05 16:00:00,0.0,0
M007,113,2026-06-05 17:00:00,0.0,0
M007,114,2026-06-05 18:00:00,0.0,0
M007,115,2026-06-05 19:00:00,0.0,0
M007,116,2026-06-05 20:00:00,0.0,0
M007,117,2026-06-05 21:00:00,0.0,0
M007,118,2026-06-05 22:00:00,0.0,0
M007,119,2026-06-05 23:00:00,0.0,0
M007,120,2026-06-06 00:00:00,0.0,0
M007,121,2026-06-06 01:00:00,0.0,0
M007,122,2026-06-06 02:00:00,0.0,0
M007,123,2026-06-06 03:00:00,0.0,0
M007,124,2026-06-06 04:00:00,0.0,0
M007,125,2026-06-06 05:00:00,0.0,0
M007,126,2026-06-06 06:00:00,0.0,0
M007,127,2026-06-06 07:00:00,0.0,0
M007,128,2026-06-06 08:00:00,0.0,0
M007,129,2026-06-06 09:00:00,0.0,0
M007,130,2026-06-06 10:00:00,0.0,0
M007,131,2026-06-06 11:00:00,0.0,0
M007,132,2026-06-06 12:00:00,0.0,0
M007,133,2026-06-06 13:00:00,0.0,0
M007,134,2026-06-06 14:00:00,0.0,0
M007,135,2026-06-06 15:00:00,0.0,0
M007,136,2026-06-06 16:00:00,0.0,0
M007,137,2026-06-06 17:00:00,0.0,0
M007,138,2026-06-06 18:00:00,0.0,0
M007,139,2026-06-06 19:00:00,0.0,0
M007,140,2026-06-06 20:00:00,0.0,0
M007,141,2026-06-06 21:00:00,0.0,0
M007,142,2026-06-06 22:00:00,0.0,0
M007,143,2026-06-06 23:00:00,0.0,0
M007,144,2026-06-07 00:00:00,0.0,0
M007,145,2026-06-07 01:00:00,0.0,0
M007,146,2026-06-07 02:00:00,0.0,0
M007,147,2026-06-07 03:00:00,0.0,0
M007,148,2026-06-07 04:00:00,0.0,0
M007,149,2026-06-07 05:00:00,0.0,0
M007,150,2026-06-07 06:00:00,0.0,0
M007,151,2026-06-07 07:00:00,0.0,0
M007,152,2026-06-07 08:00:00,0.0,0
M007,153,2026-06-07 09:00:00,0.0,0
M007,154,2026-06-07 10:00:00,0.0,0
M007,155,2026-06-07 11:00:00,0.0,0
M007,156,2026-06-07 12:00:00,0.0,0
M007,157,2026-06-07 13:00:00,0.0,0
M007,158,2026-06-07 14:00:00,0.0,0
M007,159,2026-06-07 15:00:00,0.0,0
M007,160,2026-06-07 16:00:00,0.0,0
M007,161,2026-06-07 17:00:00,0.0,0
M007,162,2026-06-07 18:00:00,0.0,0
M007,163,2026-06-07 19:00:00,0.0,0
M007,164,2026-06-07 20:00:00,0.0,0
M007,165,2026-06-07 21:00:00,0.0,0
M007,166,2026-06-07 22:00:00,0.0,0
M007,167,2026-06-07 23:00:00,0.0,0
M007,168,2026-06-08 00:00:00,0.0,0
M007,169,2026-06-08 01:00:00,0.0,0
M007,170,2026-06-08 02:00:00,0.0,0
M007,171,2026-06-08 03:00:00,0.0,0
M007,172,2026-06-08 04:00:00,0.0,0
M007,173,2026-06-08 05:00:00,0.0,0
M007,174,2026-06-08 06:00:00,0.0,0
M007,175,2026-06-08 07:00:00,0.0,0
M007,176,2026-06-08 08:00:00,0.0,0
M007,177,2026-06-08 09:00:00,0.0,0
M007,178,2026-06-08 10:00:00,0.0,0
M007,179,2026-06-08 11:00:00,0.0,0
M007,180,2026-06-08 12:00:00,0.0,0
M007,181,2026-06-08 13:00:00,0.0,0
M007,182,2026-06-08 14:00:00,0.0,0
M007,183,2026-06-08 15:00:00,0.0,0
M007,184,2026-06-08 16:00:00,0.0,0
M007,185,2026-06-08 17:00:00,0.0,0
M007,186,2026-06-08 18:00:00,0.0,0
M007,187,2026-06-08 19:00:00,0.0,0
M007,188,2026-06-08 20:00:00,0.0,0
M007,189,2026-06-08 21:00:00,0.0,0
M007,190,2026-06-08 22:00:00,0.0,0
M007,191,2026-06-08 23:00:00,0.0,0
M007,192,2026-06-09 00:00:00,0.0,0
M007,193,2026-06-09 01:00:00,0.0,0
M007,194,2026-06-09 02:00:00,0.0,0
M007,195,2026-06-09 03:00:00,0.0,0
M007,196,2026-06-09 04:00:00,0.0,0
M007,197,2026-06-09 05:00:00,0.0,0
M007,198,2026-06-09 06:00:00,0.0,0
M007,199,2026-06-09 07:00:00,0.0,0
M007,200,2026-06-09 08:00:00,0.0,0
M007,201,2026-06-09 09:00:00,0.0,0
M007,202,2026-06-09 10:00:00,0.0,0
M007,203,2026-06-09 11:00:00,0.0,0
M007,204,2026-06-09 12:00:00,0.0,0
M007,205,2026-06-09 13:00:00,0.0,0
M007,206,2026-06-09 14:00:00,0.0,0
M007,207,2026-06-09 15:00:00,0.0,0
M007,208,2026-06-09 16:00:00,0.0,0
M007,209,2026-06-09 17:00:00,0.0,0
M007,210,2026-06-09 18:00:00,0.0,0
M007,211,2026-06-09 19:00:00,0.0,0
M007,212,2026-06-09 20:00:00,0.0,0
M007,213,2026-06-09 21:00:00,0.0,0
M007,214,2026-06-09 22:00:00,0.0,0
M007,215,2026-06-09 23:00:00,0.0,0
M007,216,2026-06-10 00:00:00,0.0,0
M007,217,2026-06-10 01:00:00,0.0,0
M007,218,2026-06-10 02:00:00,0.0,0
M007,219,2026-06-10 03:00:00,0.0,0
M007,220,2026-06-10 04:00:00,0.0,0
M007,221,2026-06-10 05:00:00,0.0,0
M007,222,2026-06-10 06:00:00,0.0,0
M007,223,2026-06-10 07:00:00,0.0,0
M007,224,2026-06-10 08:00:00,0.0,0
M007,225,2026-06-10 09:00:00,0.0,0
M007,226,2026-06-10 10:00:00,0.0,0
M007,227,2026-06-10 11:00:00,0.0,0
M007,228,2026-06-10 12:00:00,0.0,0
M007,229,2026-06-10 13:00:00,0.0,0
M007,230,2026-06-10 14:00:00,0.0,0
M007,231,2026-06-10 15:00:00,0.0,0
M007,232,2026-06-10 16:00:00,0.0,0
M007,233,2026-06-10 17:00:00,0.0,0
M007,234,2026-06-10 18:00:00,0.0,0
M007,235,2026-06-10 19:00:00,0.0,0
M007,236,2026-06-10 20:00:00,0.0,0
M007,237,2026-06-10 21:00:00,0.0,0
M007,238,2026-06-10 22:00:00,0.0,0
M007,239,2026-06-10 23:00:00,0.0,0
M007,240,2026-06-11 00:00:00,0.0,0
M007,241,2026-06-11 01:00:00,0.0,0
M007,242,2026-06-11 02:00:00,0.0,0
M007,243,2026-06-11 03:00:00,0.0,0
M007,244,2026-06-11 04:00:00,0.0,0
M007,245,2026-06-11 05:00:00,0.0,0
M007,246,2026-06-11 06:00:00,0.0,0
M007,247,2026-06-11 07:00:00,0.0,0
M007,248,2026-06-11 08:00:00,0.0,0
M007,249,2026-06-11 09:00:00,0.0,0
M007,250,2026-06-11 10:00:00,0.0,0
M007,251,2026-06-11 11:00:00,0.0,0
M007,252,2026-06-11 12:00:00,0.0,0
M007,253,2026-06-11 13:00:00,0.0,0
M007,254,2026-06-11 14:00:00,0.0,0
M007,255,2026-06-11 15:00:00,0.0,0
M007,256,2026-06-11 16:00:00,0.0,0
M007,257,2026-06-11 17:00:00,0.0,0
M007,258,2026-06-11 18:00:00,0.0,0
M007,259,2026-06-11 19:00:00,0.0,0
M007,260,2026-06-11 20:00:00,0.0,0
M007,261,2026-06-11 21:00:00,0.0,0
M007,262,2026-06-11 22:00:00,0.0,0
M007,263,2026-06-11 23:00:00,0.0,0
M007,264,2026-06-12 00:00:00,0.0,0
M007,265,2026-06-12 01:00:00,0.0,0
M007,266,2026-06-12 02:00:00,0.0,0
M007,267,2026-06-12 03:00:00,0.0,0
M007,268,2026-06-12 04:00:00,0.0,0
M007,269,2026-06-12 05:00:00,0.0,0
M007,270,2026-06-12 06:00:00,0.0,0
M007,271,2026-06-12 07:00:00,0.0,0
M007,272,2026-06-12 08:00:00,0.0,0
M007,273,2026-06-12 09:00:00,0.0,0
M007,274,2026-06-12 10:00:00,0.0,0
M007,275,2026-06-12 11:00:00,0.0,0
M007,276,2026-06-12 12:00:00,0.0,0
M007,277,2026-06-12 13:00:00,0.0,0
M007,278,2026-06-12 14:00:00,0.0,0
M007,279,2026-06-12 15:00:00,0.0,0
M007,280,2026-06-12 16:00:00,0.003010541906255445,0
M007,281,2026-06-12 17:00:00,0.003010541906255445,0
M007,282,2026-06-12 18:00:00,0.003010541906255445,0
M007,283,2026-06-12 19:00:00,0.0,0
M007,284,2026-06-12 20:00:00,0.003010541906255445,0
M007,285,2026-06-12 21:00:00,0.0,0
M007,286,2026-06-12 22:00:00,0.0,0
M007,287,2026-06-12 23:00:00,0.0,0
M007,288,2026-06-13 00:00:00,0.0,0
M007,289,2026-06-13 01:00:00,0.0,0
M007,290,2026-06-13 02:00:00,0.0,0
M007,291,2026-06-13 03:00:00,0.0,0
M007,292,2026-06-13 04:00:00,0.0,0
M007,293,2026-06-13 05:00:00,0.0,0
M007,294,2026-06-13 06:00:00,0.0,0
M007,295,2026-06-13 07:00:00,0.0,0
M007,296,2026-06-13 08:00:00,0.0,0
M007,297,2026-06-13 09:00:00,0.0,0
M007,298,2026-06-13 10:00:00,0.0,0
M007,299,2026-06-13 11:00:00,0.0,0
M007,300,2026-06-13 12:00:00,0.0,0
M007,301,2026-06-13 13:00:00,0.0,0
M007,302,2026-06-13 14:00:00,0.0,0
M007,303,2026-06-13 15:00:00,0.0,0
M007,304,2026-06-13 16:00:00,0.0,0
M007,305,2026-06-13 17:00:00,0.0,0
M007,306,2026-06-13 18:00:00,0.0,0
M007,307,2026-06-13 19:00:00,0.0,0
M007,308,2026-06-13 20:00:00,0.0,0
M007,309,2026-06-13 21:00:00,0.0,0
M007,310,2026-06-13 22:00:00,0.0,0
M007,311,2026-06-13 23:00:00,0.0,0
M007,312,2026-06-14 00:00:00,0.0,0
M007,313,2026-06-14 01:00:00,0.0,0
M007,314,2026-06-14 02:00:00,0.0,0
M007,315,2026-06-14 03:00:00,0.0,0
M007,316,2026-06-14 04:00:00,0.0,0
M007,317,2026-06-14 05:00:00,0.0,0
M007,318,2026-06-14 06:00:00,0.0,0
M007,319,2026-06-14 07:00:00,0.0,0
M007,320,2026-06-14 08:00:00,0.0,0
M007,321,2026-06-14 09:00:00,0.0,0
M007,322,2026-06-14 10:00:00,0.0,0
M007,323,2026-06-14 11:00:00,0.0,0
M007,324,2026-06-14 12:00:00,0.0,0
M007,325,2026-06-14 13:00:00,0.005923906835227784,0
M007,326,2026-06-14 14:00:00,0.0,0
M007,327,2026-06-14 15:00:00,0.0,0
M007,328,2026-06-14 16:00:00,0.002087452414270452,0
M007,329,2026-06-14 17:00:00,0.002087452414270452,0
M007,330,2026-06-14 18:00:00,0.0,0
M007,331,2026-06-14 19:00:00,0.0,0
M007,332,2026-06-14 20:00:00,0.0,0
M007,333,2026-06-14 21:00:00,0.0,0
M007,334,2026-06-14 22:00:00,0.0,0
M007,335,2026-06-14 23:00:00,0.0,0
M007,336,2026-06-15 00:00:00,0.0,0
M007,337,2026-06-15 01:00:00,0.0,0
M007,338,2026-06-15 02:00:00,0.0,0
M007,339,2026-06-15 03:00:00,0.0,0
M007,340,2026-06-15 04:00:00,0.0,0
M007,341,2026-06-15 05:00:00,0.0,0
M007,342,2026-06-15 06:00:00,0.0,0
M007,343,2026-06-15 07:00:00,0.0,0
M007,344,2026-06-15 08:00:00,0.0,0
M007,345,2026-06-15 09:00:00,0.003244024536416837,0
M007,346,2026-06-15 10:00:00,0.003244024536416837,0
M007,347,2026-06-15 11:00:00,0.0,0
M007,348,2026-06-15 12:00:00,0.0,0
M007,349,2026-06-15 13:00:00,0.0,0
M007,350,2026-06-15 14:00:00,0.0,0
M007,351,2026-06-15 15:00:00,0.0,0
M007,352,2026-06-15 16:00:00,0.0,0
M007,353,2026-06-15 17:00:00,0.0,0
M007,354,2026-06-15 18:00:00,0.0,0
M007,355,2026-06-15 19:00:00,0.0,0
M007,356,2026-06-15 20:00:00,0.0,0
M007,357,2026-06-15 21:00:00,0.0,0
M007,358,2026-06-15 22:00:00,0.0,0
M007,359,2026-06-15 23:00:00,0.0,0
M007,360,2026-06-16 00:00:00,0.0,0
M007,361,2026-06-16 01:00:00,0.0,0
M007,362,2026-06-16 02:00:00,0.0,0
M007,363,2026-06-16 03:00:00,0.0,0
M007,364,2026-06-16 04:00:00,0.0,0
M007,365,2026-06-16 05:00:00,0.0,0
M007,366,2026-06-16 06:00:00,0.0,0
M007,367,2026-06-16 07:00:00,0.0,0
M007,368,2026-06-16 08:00:00,0.0,0
M007,369,2026-06-16 09:00:00,0.0,0
M007,370,2026-06-16 10:00:00,0.0,0
M007,371,2026-06-16 11:00:00,0.0,0
M007,372,2026-06-16 12:00:00,0.0,0
M007,373,2026-06-16 13:00:00,0.0,0
M007,374,2026-06-16 14:00:00,0.0,0
M007,375,2026-06-16 15:00:00,0.0,0
M007,376,2026-06-16 16:00:00,0.0,0
M007,377,2026-06-16 17:00:00,0.0,0
M007,378,2026-06-16 18:00:00,0.0,0
M007,379,2026-06-16 19:00:00,0.0,0
M007,380,2026-06-16 20:00:00,0.0,0
M007,381,2026-06-16 21:00:00,0.0,0
M007,382,2026-06-16 22:00:00,0.0,0
M007,383,2026-06-16 23:00:00,0.0,0
M007,384,2026-06-17 00:00:00,0.0,0
M007,385,2026-06-17 01:00:00,0.0,0
M007,386,2026-06-17 02:00:00,0.0,0
M007,387,2026-06-17 03:00:00,0.0,0
M007,388,2026-06-17 04:00:00,0.0,0
M007,389,2026-06-17 05:00:00,0.0,0
M007,390,2026-06-17 06:00:00,0.0,0
M007,391,2026-06-17 07:00:00,0.0,0
M007,392,2026-06-17 08:00:00,0.03255007605086546,0
M007,393,2026-06-17 09:00:00,0.0027578855081993345,0
M007,394,2026-06-17 10:00:00,0.005669338929555303,0
M007,395,2026-06-17 11:00:00,0.0027578855081993345,0
M007,396,2026-06-17 12:00:00,0.021192488643168417,0
M007,397,2026-06-17 13:00:00,0.016485618407447312,0
M007,398,2026-06-17 14:00:00,0.0,0
M007,399,2026-06-17 15:00:00,0.006041318513539678,0
M007,400,2026-06-17 16:00:00,0.0,0
M007,401,2026-06-17 17:00:00,0.0,0
M007,402,2026-06-17 18:00:00,0.0,0
M007,403,2026-06-17 19:00:00,0.0,0
M007,404,2026-06-17 20:00:00,0.0,0
M007,405,2026-06-17 21:00:00,0.006041318513539678,0
M007,406,2026-06-17 22:00:00,0.006041318513539678,0
M007,407,2026-06-17 23:00:00,0.006041318513539678,0
M007,408,2026-06-18 00:00:00,0.0,0
M007,409,2026-06-18 01:00:00,0.006041318513539678,0
M007,410,2026-06-18 02:00:00,0.006041318513539678,0
M007,411,2026-06-18 03:00:00,0.0,0
M007,412,2026-06-18 04:00:00,0.0032088895068594736,0
M007,413,2026-06-18 05:00:00,0.0,0
M007,414,2026-06-18 06:00:00,0.0,0
M007,415,2026-06-18 07:00:00,0.0,0
M007,416,2026-06-18 08:00:00,0.0,0
M007,417,2026-06-18 09:00:00,0.0,0
M007,418,2026-06-18 10:00:00,0.0,0
M007,419,2026-06-18 11:00:00,0.0,0
M007,420,2026-06-18 12:00:00,0.0,0
M007,421,2026-06-18 13:00:00,0.00518228058629189,0
M007,422,2026-06-18 14:00:00,0.0,0
M007,423,2026-06-18 15:00:00,0.0,0
M007,424,2026-06-18 16:00:00,0.0,0
M007,425,2026-06-18 17:00:00,0.0,0
M007,426,2026-06-18 18:00:00,0.0,0
M007,427,2026-06-18 19:00:00,0.0,0
M007,428,2026-06-18 20:00:00,0.0,0
M007,429,2026-06-18 21:00:00,0.0,0
M007,430,2026-06-18 22:00:00,0.0,0
M007,431,2026-06-18 23:00:00,0.0,0
M007,432,2026-06-19 00:00:00,0.0,0
M007,433,2026-06-19 01:00:00,0.0,0
M007,434,2026-06-19 02:00:00,0.0,0
M007,435,2026-06-19 03:00:00,0.0,0
M007,436,2026-06-19 04:00:00,0.0,0
M007,437,2026-06-19 05:00:00,0.0,0
M007,438,2026-06-19 06:00:00,0.0,0
M007,439,2026-06-19 07:00:00,0.0,0
M007,440,2026-06-19 08:00:00,0.0,0
M007,441,2026-06-19 09:00:00,0.0,0
M007,442,2026-06-19 10:00:00,0.0,0
M007,443,2026-06-19 11:00:00,0.0,0
M007,444,2026-06-19 12:00:00,0.0,0
M007,445,2026-06-19 13:00:00,0.0,0
M007,446,2026-06-19 14:00:00,0.0,0
M007,447,2026-06-19 15:00:00,0.0,0
M007,448,2026-06-19 16:00:00,0.0,0
M007,449,2026-06-19 17:00:00,0.0,0
M007,450,2026-06-19 18:00:00,0.0,0
M007,451,2026-06-19 19:00:00,0.0,0
M007,452,2026-06-19 20:00:00,0.0,0
M007,453,2026-06-19 21:00:00,0.0,0
M007,454,2026-06-19 22:00:00,0.003291039988595053,0
M007,455,2026-06-19 23:00:00,0.003291039988595053,0
M007,456,2026-06-20 00:00:00,0.003291039988595053,0
M007,457,2026-06-20 01:00:00,0.003291039988595053,0
M007,458,2026-06-20 02:00:00,0.003291039988595053,0
M007,459,2026-06-20 03:00:00,0.0,0
M007,460,2026-06-20 04:00:00,0.0,0
M007,461,2026-06-20 05:00:00,0.0,0
M007,462,2026-06-20 06:00:00,0.0,0
M007,463,2026-06-20 07:00:00,0.0,0
M007,464,2026-06-20 08:00:00,0.0,0
M007,465,2026-06-20 09:00:00,0.0,0
M007,466,2026-06-20 10:00:00,0.0,0
M007,467,2026-06-20 11:00:00,0.0,0
M007,468,2026-06-20 12:00:00,0.0,0
M007,469,2026-06-20 13:00:00,0.0,0
M007,470,2026-06-20 14:00:00,0.0,0
M007,471,2026-06-20 15:00:00,0.0,0
M007,472,2026-06-20 16:00:00,0.0,0
M007,473,2026-06-20 17:00:00,0.0,0
M007,474,2026-06-20 18:00:00,0.0,0
M007,475,2026-06-20 19:00:00,0.0,0
M007,476,2026-06-20 20:00:00,0.0,0
M007,477,2026-06-20 21:00:00,0.0,0
M007,478,2026-06-20 22:00:00,0.0,0
M007,479,2026-06-20 23:00:00,0.0,0
M007,480,2026-06-21 00:00:00,0.0,0
M007,481,2026-06-21 01:00:00,0.0,0
M007,482,2026-06-21 02:00:00,0.0,0
M007,483,2026-06-21 03:00:00,0.0,0
M007,484,2026-06-21 04:00:00,0.0,0
M007,485,2026-06-21 05:00:00,0.0,0
M007,486,2026-06-21 06:00:00,0.0,0
M007,487,2026-06-21 07:00:00,0.0,0
M007,488,2026-06-21 08:00:00,0.0,0
M007,489,2026-06-21 09:00:00,0.0,0
M007,490,2026-06-21 10:00:00,0.0,0
M007,491,2026-06-21 11:00:00,0.0,0
M007,492,2026-06-21 12:00:00,0.0,0
M007,493,2026-06-21 13:00:00,0.0,0
M007,494,2026-06-21 14:00:00,0.0,0
M007,495,2026-06-21 15:00:00,0.0,0
M007,496,2026-06-21 16:00:00,0.0,0
M007,497,2026-06-21 17:00:00,0.0,0
M007,498,2026-06-21 18:00:00,0.0,0
M007,499,2026-06-21 19:00:00,0.0,0
M007,500,2026-06-21 20:00:00,0.0,0
M007,501,2026-06-21 21:00:00,0.0,0
M007,502,2026-06-21 22:00:00,0.0,0
M007,503,2026-06-21 23:00:00,0.0,0
M007,504,2026-06-22 00:00:00,0.0,0
M007,505,2026-06-22 01:00:00,0.0,0
M007,506,2026-06-22 02:00:00,0.0,0
M007,507,2026-06-22 03:00:00,0.0,0
M007,508,2026-06-22 04:00:00,0.0,0
M007,509,2026-06-22 05:00:00,0.0,0
M007,510,2026-06-22 06:00:00,0.0,0
M007,511,2026-06-22 07:00:00,0.0,0
M007,512,2026-06-22 08:00:00,0.0,0
M007,513,2026-06-22 09:00:00,0.0,0
M007,514,2026-06-22 10:00:00,0.0,0
M007,515,2026-06-22 11:00:00,0.0,0
M007,516,2026-06-22 12:00:00,0.0,0
M007,517,2026-06-22 13:00:00,0.0,0
M007,518,2026-06-22 14:00:00,0.0,0
M007,519,2026-06-22 15:00:00,0.0,0
M007,520,2026-06-22 16:00:00,0.0,0
M007,521,2026-06-22 17:00:00,0.0,0
M007,522,2026-06-22 18:00:00,0.0,0
M007,523,2026-06-22 19:00:00,0.0,0
M007,524,2026-06-22 20:00:00,0.0,0
M007,525,2026-06-22 21:00:00,0.0,0
M007,526,2026-06-22 22:00:00,0.0,0
M007,527,2026-06-22 23:00:00,0.0,0
M007,528,2026-06-23 00:00:00,0.0,0
M007,529,2026-06-23 01:00:00,0.0,0
M007,530,2026-06-23 02:00:00,0.0,0
M007,531,2026-06-23 03:00:00,0.0,0
M007,532,2026-06-23 04:00:00,0.0,0
M007,533,2026-06-23 05:00:00,0.0,0
M007,534,2026-06-23 06:00:00,0.0,0
M007,535,2026-06-23 07:00:00,0.0,0
M007,536,2026-06-23 08:00:00,0.0,0
M007,537,2026-06-23 09:00:00,0.0,0
M007,538,2026-06-23 10:00:00,0.0,0
M007,539,2026-06-23 11:00:00,0.0,0
M007,540,2026-06-23 12:00:00,0.0,0
M007,541,2026-06-23 13:00:00,0.0,0
M007,542,2026-06-23 14:00:00,0.0,0
M007,543,2026-06-23 15:00:00,0.0,0
M007,544,2026-06-23 16:00:00,0.0,0
M007,545,2026-06-23 17:00:00,0.0,0
M007,546,2026-06-23 18:00:00,0.0,0
M007,547,2026-06-23 19:00:00,0.0,0
M007,548,2026-06-23 20:00:00,0.0,0
M007,549,2026-06-23 21:00:00,0.0,0
M007,550,2026-06-23 22:00:00,0.0,0
M007,551,2026-06-23 23:00:00,0.0,0
M007,552,2026-06-24 00:00:00,0.0,0
M007,553,2026-06-24 01:00:00,0.0,0
M007,554,2026-06-24 02:00:00,0.0,0
M007,555,2026-06-24 03:00:00,0.0,0
M007,556,2026-06-24 04:00:00,0.0,0
M007,557,2026-06-24 05:00:00,0.0,0
M007,558,2026-06-24 06:00:00,0.0,0
M007,559,2026-06-24 07:00:00,0.0,0
M007,560,2026-06-24 08:00:00,0.0,0
M007,561,2026-06-24 09:00:00,0.0,0
M007,562,2026-06-24 10:00:00,0.0,0
M007,563,2026-06-24 11:00:00,0.0,0
M007,564,2026-06-24 12:00:00,0.0,0
M007,565,2026-06-24 13:00:00,0.0,0
M007,566,2026-06-24 14:00:00,0.0,0
M007,567,2026-06-24 15:00:00,0.0,0
M007,568,2026-06-24 16:00:00,0.0,0
M007,569,2026-06-24 17:00:00,0.0,0
M007,570,2026-06-24 18:00:00,0.0,0
M007,571,2026-06-24 19:00:00,0.0,0
M007,572,2026-06-24 20:00:00,0.0,0
M007,573,2026-06-24 21:00:00,0.0,0
M007,574,2026-06-24 22:00:00,0.0,0
M007,575,2026-06-24 23:00:00,0.0,0
M007,576,2026-06-25 00:00:00,0.0,0
M007,577,2026-06-25 01:00:00,0.0,0
M007,578,2026-06-25 02:00:00,0.0,0
M007,579,2026-06-25 03:00:00,0.0,0
M007,580,2026-06-25 04:00:00,0.0,0
M007,581,2026-06-25 05:00:00,0.0,0
M007,582,2026-06-25 06:00:00,0.0,0
M007,583,2026-06-25 07:00:00,0.0,0
M007,584,2026-06-25 08:00:00,0.0,0
M007,585,2026-06-25 09:00:00,0.0,0
M007,586,2026-06-25 10:00:00,0.0,0
M007,587,2026-06-25 11:00:00,0.0,0
M007,588,2026-06-25 12:00:00,0.0,0
M007,589,2026-06-25 13:00:00,0.0,0
M007,590,2026-06-25 14:00:00,0.0,0
M007,591,2026-06-25 15:00:00,0.0,0
M007,592,2026-06-25 16:00:00,0.0,0
M007,593,2026-06-25 17:00:00,0.0,0
M007,594,2026-06-25 18:00:00,0.0,0
M007,595,2026-06-25 19:00:00,0.0,0
M007,596,2026-06-25 20:00:00,0.0,0
M007,597,2026-06-25 21:00:00,0.0,0
M007,598,2026-06-25 22:00:00,0.0,0
M007,599,2026-06-25 23:00:00,0.0,0
M007,600,2026-06-26 00:00:00,0.0,0
M007,601,2026-06-26 01:00:00,0.0,0
M007,602,2026-06-26 02:00:00,0.0,0
M007,603,2026-06-26 03:00:00,0.0,0
M007,604,2026-06-26 04:00:00,0.0,0
M007,605,2026-06-26 05:00:00,0.0,0
M007,606,2026-06-26 06:00:00,0.0,0
M007,607,2026-06-26 07:00:00,0.0,0
M007,608,2026-06-26 08:00:00,0.0,0
M007,609,2026-06-26 09:00:00,0.0,0
M007,610,2026-06-26 10:00:00,0.0,0
M007,611,2026-06-26 11:00:00,0.0,0
M007,612,2026-06-26 12:00:00,0.0,0
M007,613,2026-06-26 13:00:00,0.0,0
M007,614,2026-06-26 14:00:00,0.0,0
M007,615,2026-06-26 15:00:00,0.0,0
M007,616,2026-06-26 16:00:00,0.0,0
M007,617,2026-06-26 17:00:00,0.0,0
M007,618,2026-06-26 18:00:00,0.0,0
M007,619,2026-06-26 19:00:00,0.0,0
M007,620,2026-06-26 20:00:00,0.0,0
M007,621,2026-06-26 21:00:00,0.0,0
M007,622,2026-06-26 22:00:00,0.0,0
M007,623,2026-06-26 23:00:00,0.0,0
M007,624,2026-06-27 00:00:00,0.0,0
M007,625,2026-06-27 01:00:00,0.002537866285253236,0
M007,626,2026-06-27 02:00:00,0.0,0
M007,627,2026-06-27 03:00:00,0.0,0
M007,628,2026-06-27 04:00:00,0.0,0
M007,629,2026-06-27 05:00:00,0.0,0
M007,630,2026-06-27 06:00:00,0.0,0
M007,631,2026-06-27 07:00:00,0.0,0
M007,632,2026-06-27 08:00:00,0.0,0
M007,633,2026-06-27 09:00:00,0.0,0
M007,634,2026-06-27 10:00:00,0.0,0
M007,635,2026-06-27 11:00:00,0.0,0
M007,636,2026-06-27 12:00:00,0.0,0
M007,637,2026-06-27 13:00:00,0.0,0
M007,638,2026-06-27 14:00:00,0.0,0
M007,639,2026-06-27 15:00:00,0.0,0
M007,640,2026-06-27 16:00:00,0.0,0
M007,641,2026-06-27 17:00:00,0.0,0
M007,642,2026-06-27 18:00:00,0.0,0
M007,643,2026-06-27 19:00:00,0.0,0
M007,644,2026-06-27 20:00:00,0.0,0
M007,645,2026-06-27 21:00:00,0.0,0
M007,646,2026-06-27 22:00:00,0.0,0
M007,647,2026-06-27 23:00:00,0.0,0
M007,648,2026-06-28 00:00:00,0.0,0
M007,649,2026-06-28 01:00:00,0.0,0
M007,650,2026-06-28 02:00:00,0.0031664721096843597,0
M007,651,2026-06-28 03:00:00,0.0031664721096843597,0
M007,652,2026-06-28 04:00:00,0.0,0
M007,653,2026-06-28 05:00:00,0.0,0
M007,654,2026-06-28 06:00:00,0.0,0
M007,655,2026-06-28 07:00:00,0.0,0
M007,656,2026-06-28 08:00:00,0.0,0
M007,657,2026-06-28 09:00:00,0.0,0
M007,658,2026-06-28 10:00:00,0.0,0
M007,659,2026-06-28 11:00:00,0.0,0
M007,660,2026-06-28 12:00:00,0.0,0
M007,661,2026-06-28 13:00:00,0.0,0
M007,662,2026-06-28 14:00:00,0.0,0
M007,663,2026-06-28 15:00:00,0.0,0
M007,664,2026-06-28 16:00:00,0.0,0
M007,665,2026-06-28 17:00:00,0.0,0
M007,666,2026-06-28 18:00:00,0.0,0
M007,667,2026-06-28 19:00:00,0.0,0
M007,668,2026-06-28 20:00:00,0.0,0
M007,669,2026-06-28 21:00:00,0.0,0
M007,670,2026-06-28 22:00:00,0.0,0
M007,671,2026-06-28 23:00:00,0.0,0
M007,672,2026-06-29 00:00:00,0.0,0
M007,673,2026-06-29 01:00:00,0.0,0
M007,674,2026-06-29 02:00:00,0.0,0
M007,675,2026-06-29 03:00:00,0.0,0
M007,676,2026-06-29 04:00:00,0.0,0
M007,677,2026-06-29 05:00:00,0.0,0
M007,678,2026-06-29 06:00:00,0.0,0
M007,679,2026-06-29 07:00:00,0.0,0
M007,680,2026-06-29 08:00:00,0.0,0
M007,681,2026-06-29 09:00:00,0.0,0
M007,682,2026-06-29 10:00:00,0.0,0
M007,683,2026-06-29 11:00:00,0.0,0
M007,684,2026-06-29 12:00:00,0.0,0
M007,685,2026-06-29 13:00:00,0.0,0
M007,686,2026-06-29 14:00:00,0.0,0
M007,687,2026-06-29 15:00:00,0.0,0
M007,688,2026-06-29 16:00:00,0.0,0
M007,689,2026-06-29 17:00:00,0.0,0
M007,690,2026-06-29 18:00:00,0.0,0
M007,691,2026-06-29 19:00:00,0.0,0
M007,692,2026-06-29 20:00:00,0.0,0
M007,693,2026-06-29 21:00:00,0.0,0
M007,694,2026-06-29 22:00:00,0.0,0
M007,695,2026-06-29 23:00:00,0.0,0
M007,696,2026-06-30 00:00:00,0.0,0
M007,697,2026-06-30 01:00:00,0.0,0
M007,698,2026-06-30 02:00:00,0.0,0
M007,699,2026-06-30 03:00:00,0.0,0
M007,700,2026-06-30 04:00:00,0.0,0
M007,701,2026-06-30 05:00:00,0.0,0
M007,702,2026-06-30 06:00:00,0.0,0
M007,703,2026-06-30 07:00:00,0.0,0
M007,704,2026-06-30 08:00:00,0.0,0
M007,705,2026-06-30 09:00:00,0.0,0
M007,706,2026-06-30 10:00:00,0.0,0
M007,707,2026-06-30 11:00:00,0.0,0
M007,708,2026-06-30 12:00:00,0.0,0
M007,709,2026-06-30 13:00:00,0.0,0
M007,710,2026-06-30 14:00:00,0.0,0
M007,711,2026-06-30 15:00:00,0.0,0
M007,712,2026-06-30 16:00:00,0.0,0
M007,713,2026-06-30 17:00:00,0.0,0
M007,714,2026-06-30 18:00:00,0.0,0
M007,715,2026-06-30 19:00:00,0.0,0
M007,716,2026-06-30 20:00:00,0.0,0
M007,717,2026-06-30 21:00:00,0.0,0
M007,718,2026-06-30 22:00:00,0.0,0
M007,719,2026-06-30 23:00:00,0.0,0
M008,23,2026-06-01 23:00:00,0.0,0
M008,24,2026-06-02 00:00:00,0.0,0
M008,25,2026-06-02 01:00:00,0.0,0
M008,26,2026-06-02 02:00:00,0.0,0
M008,27,2026-06-02 03:00:00,0.0,0
M008,28,2026-06-02 04:00:00,0.0,0
M008,29,2026-06-02 05:00:00,0.0,0
M008,30,2026-06-02 06:00:00,0.0,0
M008,31,2026-06-02 07:00:00,0.0,0
M008,32,2026-06-02 08:00:00,0.0,0
M008,33,2026-06-02 09:00:00,0.0,0
M008,34,2026-06-02 10:00:00,0.0,0
M008,35,2026-06-02 11:00:00,0.0,0
M008,36,2026-06-02 12:00:00,0.0,0
M008,37,2026-06-02 13:00:00,0.0,0
M008,38,2026-06-02 14:00:00,0.0,0
M008,39,2026-06-02 15:00:00,0.0,0
M008,40,2026-06-02 16:00:00,0.0,0
M008,41,2026-06-02 17:00:00,0.0,0
M008,42,2026-06-02 18:00:00,0.0,0
M008,43,2026-06-02 19:00:00,0.0,0
M008,44,2026-06-02 20:00:00,0.0,0
M008,45,2026-06-02 21:00:00,0.0,0
M008,46,2026-06-02 22:00:00,0.0,0
M008,47,2026-06-02 23:00:00,0.0,0
M008,48,2026-06-03 00:00:00,0.0,0
M008,49,2026-06-03 01:00:00,0.0,0
M008,50,2026-06-03 02:00:00,0.0,0
M008,51,2026-06-03 03:00:00,0.0,0
M008,52,2026-06-03 04:00:00,0.0,0
M008,53,2026-06-03 05:00:00,0.0,0
M008,54,2026-06-03 06:00:00,0.0,0
M008,55,2026-06-03 07:00:00,0.0,0
M008,56,2026-06-03 08:00:00,0.0,0
M008,57,2026-06-03 09:00:00,0.0,0
M008,58,2026-06-03 10:00:00,0.0,0
M008,59,2026-06-03 11:00:00,0.0,0
M008,60,2026-06-03 12:00:00,0.0,0
M008,61,2026-06-03 13:00:00,0.0,0
M008,62,2026-06-03 14:00:00,0.0,0
M008,63,2026-06-03 15:00:00,0.0,0
M008,64,2026-06-03 16:00:00,0.0,0
M008,65,2026-06-03 17:00:00,0.0,0
M008,66,2026-06-03 18:00:00,0.0,0
M008,67,2026-06-03 19:00:00,0.0,0
M008,68,2026-06-03 20:00:00,0.0,0
M008,69,2026-06-03 21:00:00,0.0,0
M008,70,2026-06-03 22:00:00,0.0,0
M008,71,2026-06-03 23:00:00,0.0,0
M008,72,2026-06-04 00:00:00,0.0,0
M008,73,2026-06-04 01:00:00,0.0,0
M008,74,2026-06-04 02:00:00,0.0,0
M008,75,2026-06-04 03:00:00,0.0,0
M008,76,2026-06-04 04:00:00,0.0,0
M008,77,2026-06-04 05:00:00,0.0,0
M008,78,2026-06-04 06:00:00,0.0,0
M008,79,2026-06-04 07:00:00,0.0,0
M008,80,2026-06-04 08:00:00,0.0,0
M008,81,2026-06-04 09:00:00,0.0,0
M008,82,2026-06-04 10:00:00,0.0,0
M008,83,2026-06-04 11:00:00,0.0,0
M008,84,2026-06-04 12:00:00,0.0,0
M008,85,2026-06-04 13:00:00,0.0,0
M008,86,2026-06-04 14:00:00,0.0,0
M008,87,2026-06-04 15:00:00,0.0,0
M008,88,2026-06-04 16:00:00,0.0,0
M008,89,2026-06-04 17:00:00,0.0,0
M008,90,2026-06-04 18:00:00,0.0,0
M008,91,2026-06-04 19:00:00,0.0,0
M008,92,2026-06-04 20:00:00,0.0,0
M008,93,2026-06-04 21:00:00,0.0,0
M008,94,2026-06-04 22:00:00,0.0,0
M008,95,2026-06-04 23:00:00,0.0,0
M008,96,2026-06-05 00:00:00,0.0,0
M008,97,2026-06-05 01:00:00,0.0,0
M008,98,2026-06-05 02:00:00,0.0,0
M008,99,2026-06-05 03:00:00,0.0,0
M008,100,2026-06-05 04:00:00,0.0,0
M008,101,2026-06-05 05:00:00,0.0,0
M008,102,2026-06-05 06:00:00,0.0,0
M008,103,2026-06-05 07:00:00,0.0,0
M008,104,2026-06-05 08:00:00,0.0,0
M008,105,2026-06-05 09:00:00,0.0,0
M008,106,2026-06-05 10:00:00,0.0,0
M008,107,2026-06-05 11:00:00,0.0,0
M008,108,2026-06-05 12:00:00,0.0,0
M008,109,2026-06-05 13:00:00,0.0,0
M008,110,2026-06-05 14:00:00,0.0,0
M008,111,2026-06-05 15:00:00,0.0,0
M008,112,2026-06-05 16:00:00,0.0,0
M008,113,2026-06-05 17:00:00,0.0,0
M008,114,2026-06-05 18:00:00,0.0,0
M008,115,2026-06-05 19:00:00,0.0,0
M008,116,2026-06-05 20:00:00,0.0,0
M008,117,2026-06-05 21:00:00,0.0,0
M008,118,2026-06-05 22:00:00,0.0,0
M008,119,2026-06-05 23:00:00,0.0,0
M008,120,2026-06-06 00:00:00,0.0,0
M008,121,2026-06-06 01:00:00,0.0,0
M008,122,2026-06-06 02:00:00,0.0,0
M008,123,2026-06-06 03:00:00,0.0,0
M008,124,2026-06-06 04:00:00,0.0,0
M008,125,2026-06-06 05:00:00,0.0,0
M008,126,2026-06-06 06:00:00,0.0,0
M008,127,2026-06-06 07:00:00,0.0,0
M008,128,2026-06-06 08:00:00,0.0,0
M008,129,2026-06-06 09:00:00,0.0,0
M008,130,2026-06-06 10:00:00,0.0,0
M008,131,2026-06-06 11:00:00,0.0,0
M008,132,2026-06-06 12:00:00,0.0,0
M008,133,2026-06-06 13:00:00,0.0,0
M008,134,2026-06-06 14:00:00,0.0,0
M008,135,2026-06-06 15:00:00,0.0,0
M008,136,2026-06-06 16:00:00,0.0,0
M008,137,2026-06-06 17:00:00,0.0,0
M008,138,2026-06-06 18:00:00,0.0,0
M008,139,2026-06-06 19:00:00,0.0,0
M008,140,2026-06-06 20:00:00,0.0,0
M008,141,2026-06-06 21:00:00,0.0,0
M008,142,2026-06-06 22:00:00,0.0,0
M008,143,2026-06-06 23:00:00,0.0,0
M008,144,2026-06-07 00:00:00,0.0,0
M008,145,2026-06-07 01:00:00,0.0,0
M008,146,2026-06-07 02:00:00,0.0,0
M008,147,2026-06-07 03:00:00,0.0,0
M008,148,2026-06-07 04:00:00,0.0,0
M008,149,2026-06-07 05:00:00,0.0,0
M008,150,2026-06-07 06:00:00,0.0,0
M008,151,2026-06-07 07:00:00,0.0,0
M008,152,2026-06-07 08:00:00,0.0,0
M008,153,2026-06-07 09:00:00,0.0,0
M008,154,2026-06-07 10:00:00,0.0,0
M008,155,2026-06-07 11:00:00,0.0,0
M008,156,2026-06-07 12:00:00,0.0,0
M008,157,2026-06-07 13:00:00,0.0,0
M008,158,2026-06-07 14:00:00,0.0,0
M008,159,2026-06-07 15:00:00,0.0,0
M008,160,2026-06-07 16:00:00,0.0,0
M008,161,2026-06-07 17:00:00,0.0,0
M008,162,2026-06-07 18:00:00,0.0,0
M008,163,2026-06-07 19:00:00,0.0,0
M008,164,2026-06-07 20:00:00,0.0,0
M008,165,2026-06-07 21:00:00,0.0,0
M008,166,2026-06-07 22:00:00,0.0,0
M008,167,2026-06-07 23:00:00,0.0,0
M008,168,2026-06-08 00:00:00,0.0,0
M008,169,2026-06-08 01:00:00,0.0,0
M008,170,2026-06-08 02:00:00,0.0,0
M008,171,2026-06-08 03:00:00,0.0,0
M008,172,2026-06-08 04:00:00,0.0,0
M008,173,2026-06-08 05:00:00,0.0,0
M008,174,2026-06-08 06:00:00,0.0,0
M008,175,2026-06-08 07:00:00,0.0,0
M008,176,2026-06-08 08:00:00,0.0,0
M008,177,2026-06-08 09:00:00,0.0,0
M008,178,2026-06-08 10:00:00,0.0,0
M008,179,2026-06-08 11:00:00,0.0,0
M008,180,2026-06-08 12:00:00,0.0,0
M008,181,2026-06-08 13:00:00,0.0,0
M008,182,2026-06-08 14:00:00,0.0,0
M008,183,2026-06-08 15:00:00,0.0,0
M008,184,2026-06-08 16:00:00,0.0,0
M008,185,2026-06-08 17:00:00,0.0,0
M008,186,2026-06-08 18:00:00,0.0,0
M008,187,2026-06-08 19:00:00,0.0,0
M008,188,2026-06-08 20:00:00,0.0,0
M008,189,2026-06-08 21:00:00,0.0,0
M008,190,2026-06-08 22:00:00,0.0,0
M008,191,2026-06-08 23:00:00,0.0,0
M008,192,2026-06-09 00:00:00,0.0,0
M008,193,2026-06-09 01:00:00,0.0,0
M008,194,2026-06-09 02:00:00,0.0,0
M008,195,2026-06-09 03:00:00,0.0,0
M008,196,2026-06-09 04:00:00,0.0,0
M008,197,2026-06-09 05:00:00,0.0,0
M008,198,2026-06-09 06:00:00,0.0,0
M008,199,2026-06-09 07:00:00,0.0,0
M008,200,2026-06-09 08:00:00,0.0,0
M008,201,2026-06-09 09:00:00,0.0,0
M008,202,2026-06-09 10:00:00,0.0,0
M008,203,2026-06-09 11:00:00,0.0,0
M008,204,2026-06-09 12:00:00,0.0,0
M008,205,2026-06-09 13:00:00,0.0,0
M008,206,2026-06-09 14:00:00,0.0,0
M008,207,2026-06-09 15:00:00,0.0,0
M008,208,2026-06-09 16:00:00,0.0,0
M008,209,2026-06-09 17:00:00,0.0,0
M008,210,2026-06-09 18:00:00,0.0,0
M008,211,2026-06-09 19:00:00,0.0,0
M008,212,2026-06-09 20:00:00,0.0,0
M008,213,2026-06-09 21:00:00,0.0,0
M008,214,2026-06-09 22:00:00,0.0,0
M008,215,2026-06-09 23:00:00,0.0,0
M008,216,2026-06-10 00:00:00,0.0,0
M008,217,2026-06-10 01:00:00,0.0,0
M008,218,2026-06-10 02:00:00,0.0,0
M008,219,2026-06-10 03:00:00,0.0,0
M008,220,2026-06-10 04:00:00,0.0,0
M008,221,2026-06-10 05:00:00,0.0,0
M008,222,2026-06-10 06:00:00,0.0,0
M008,223,2026-06-10 07:00:00,0.0,0
M008,224,2026-06-10 08:00:00,0.0,0
M008,225,2026-06-10 09:00:00,0.0,0
M008,226,2026-06-10 10:00:00,0.0,0
M008,227,2026-06-10 11:00:00,0.0,0
M008,228,2026-06-10 12:00:00,0.0,0
M008,229,2026-06-10 13:00:00,0.0,0
M008,230,2026-06-10 14:00:00,0.0,0
M008,231,2026-06-10 15:00:00,0.0,0
M008,232,2026-06-10 16:00:00,0.0,0
M008,233,2026-06-10 17:00:00,0.0,0
M008,234,2026-06-10 18:00:00,0.0,0
M008,235,2026-06-10 19:00:00,0.0,0
M008,236,2026-06-10 20:00:00,0.0,0
M008,237,2026-06-10 21:00:00,0.0,0
M008,238,2026-06-10 22:00:00,0.0,0
M008,239,2026-06-10 23:00:00,0.0,0
M008,240,2026-06-11 00:00:00,0.0,0
M008,241,2026-06-11 01:00:00,0.005445385296576594,0
M008,242,2026-06-11 02:00:00,0.0,0
M008,243,2026-06-11 03:00:00,0.0,0
M008,244,2026-06-11 04:00:00,0.0,0
M008,245,2026-06-11 05:00:00,0.0,0
M008,246,2026-06-11 06:00:00,0.0,0
M008,247,2026-06-11 07:00:00,0.0,0
M008,248,2026-06-11 08:00:00,0.0,0
M008,249,2026-06-11 09:00:00,0.0,0
M008,250,2026-06-11 10:00:00,0.0,0
M008,251,2026-06-11 11:00:00,0.0,0
M008,252,2026-06-11 12:00:00,0.0,0
M008,253,2026-06-11 13:00:00,0.0,0
M008,254,2026-06-11 14:00:00,0.0,0
M008,255,2026-06-11 15:00:00,0.0,0
M008,256,2026-06-11 16:00:00,0.0,0
M008,257,2026-06-11 17:00:00,0.0,0
M008,258,2026-06-11 18:00:00,0.0,0
M008,259,2026-06-11 19:00:00,0.0,0
M008,260,2026-06-11 20:00:00,0.0,0
M008,261,2026-06-11 21:00:00,0.0,0
M008,262,2026-06-11 22:00:00,0.0,0
M008,263,2026-06-11 23:00:00,0.0,0
M008,264,2026-06-12 00:00:00,0.0,0
M008,265,2026-06-12 01:00:00,0.0,0
M008,266,2026-06-12 02:00:00,0.0,0
M008,267,2026-06-12 03:00:00,0.0,0
M008,268,2026-06-12 04:00:00,0.0,0
M008,269,2026-06-12 05:00:00,0.0,0
M008,270,2026-06-12 06:00:00,0.0,0
M008,271,2026-06-12 07:00:00,0.0,0
M008,272,2026-06-12 08:00:00,0.0,0
M008,273,2026-06-12 09:00:00,0.0,0
M008,274,2026-06-12 10:00:00,0.0,0
M008,275,2026-06-12 11:00:00,0.0,0
M008,276,2026-06-12 12:00:00,0.0,0
M008,277,2026-06-12 13:00:00,0.0,0
M008,278,2026-06-12 14:00:00,0.0,0
M008,279,2026-06-12 15:00:00,0.0,0
M008,280,2026-06-12 16:00:00,0.0,0
M008,281,2026-06-12 17:00:00,0.0,0
M008,282,2026-06-12 18:00:00,0.0,0
M008,283,2026-06-12 19:00:00,0.0,0
M008,284,2026-06-12 20:00:00,0.0,0
M008,285,2026-06-12 21:00:00,0.0,0
M008,286,2026-06-12 22:00:00,0.0,0
M008,287,2026-06-12 23:00:00,0.0,0
M008,288,2026-06-13 00:00:00,0.0,0
M008,289,2026-06-13 01:00:00,0.0,0
M008,290,2026-06-13 02:00:00,0.0,0
M008,291,2026-06-13 03:00:00,0.0,0
M008,292,2026-06-13 04:00:00,0.0,0
M008,293,2026-06-13 05:00:00,0.0,0
M008,294,2026-06-13 06:00:00,0.0,0
M008,295,2026-06-13 07:00:00,0.0,0
M008,296,2026-06-13 08:00:00,0.0,0
M008,297,2026-06-13 09:00:00,0.0,0
M008,298,2026-06-13 10:00:00,0.0,0
M008,299,2026-06-13 11:00:00,0.0,0
M008,300,2026-06-13 12:00:00,0.0,0
M008,301,2026-06-13 13:00:00,0.0,0
M008,302,2026-06-13 14:00:00,0.0030621114449724453,0
M008,303,2026-06-13 15:00:00,0.0,0
M008,304,2026-06-13 16:00:00,0.0,0
M008,305,2026-06-13 17:00:00,0.0,0
M008,306,2026-06-13 18:00:00,0.0,0
M008,307,2026-06-13 19:00:00,0.0,0
M008,308,2026-06-13 20:00:00,0.0,0
M008,309,2026-06-13 21:00:00,0.0,0
M008,310,2026-06-13 22:00:00,0.0,0
M008,311,2026-06-13 23:00:00,0.0,0
M008,312,2026-06-14 00:00:00,0.0,0
M008,313,2026-06-14 01:00:00,0.0,0
M008,314,2026-06-14 02:00:00,0.0,0
M008,315,2026-06-14 03:00:00,0.0,0
M008,316,2026-06-14 04:00:00,0.0,0
M008,317,2026-06-14 05:00:00,0.0,0
M008,318,2026-06-14 06:00:00,0.0,0
M008,319,2026-06-14 07:00:00,0.0,0
M008,320,2026-06-14 08:00:00,0.0,0
M008,321,2026-06-14 09:00:00,0.0,0
M008,322,2026-06-14 10:00:00,0.0,0
M008,323,2026-06-14 11:00:00,0.0,0
M008,324,2026-06-14 12:00:00,0.0,0
M008,325,2026-06-14 13:00:00,0.0,0
M008,326,2026-06-14 14:00:00,0.0,0
M008,327,2026-06-14 15:00:00,0.0,0
M008,328,2026-06-14 16:00:00,0.0,0
M008,329,2026-06-14 17:00:00,0.0,0
M008,330,2026-06-14 18:00:00,0.0,0
M008,331,2026-06-14 19:00:00,0.0,0
M008,332,2026-06-14 20:00:00,0.0,0
M008,333,2026-06-14 21:00:00,0.0,0
M008,334,2026-06-14 22:00:00,0.0,0
M008,335,2026-06-14 23:00:00,0.0,0
M008,336,2026-06-15 00:00:00,0.0,0
M008,337,2026-06-15 01:00:00,0.0,0
M008,338,2026-06-15 02:00:00,0.0,0
M008,339,2026-06-15 03:00:00,0.0,0
M008,340,2026-06-15 04:00:00,0.0,0
M008,341,2026-06-15 05:00:00,0.0,0
M008,342,2026-06-15 06:00:00,0.0,0
M008,343,2026-06-15 07:00:00,0.0,0
M008,344,2026-06-15 08:00:00,0.0,0
M008,345,2026-06-15 09:00:00,0.0,0
M008,346,2026-06-15 10:00:00,0.0,0
M008,347,2026-06-15 11:00:00,0.0,0
M008,348,2026-06-15 12:00:00,0.0,0
M008,349,2026-06-15 13:00:00,0.0,0
M008,350,2026-06-15 14:00:00,0.0,0
M008,351,2026-06-15 15:00:00,0.0,0
M008,352,2026-06-15 16:00:00,0.0,0
M008,353,2026-06-15 17:00:00,0.0,0
M008,354,2026-06-15 18:00:00,0.0,0
M008,355,2026-06-15 19:00:00,0.0,0
M008,356,2026-06-15 20:00:00,0.0,0
M008,357,2026-06-15 21:00:00,0.0,0
M008,358,2026-06-15 22:00:00,0.0,0
M008,359,2026-06-15 23:00:00,0.0,0
M008,360,2026-06-16 00:00:00,0.0,0
M008,361,2026-06-16 01:00:00,0.0,0
M008,362,2026-06-16 02:00:00,0.0,0
M008,363,2026-06-16 03:00:00,0.0,0
M008,364,2026-06-16 04:00:00,0.0,0
M008,365,2026-06-16 05:00:00,0.0,0
M008,366,2026-06-16 06:00:00,0.0,0
M008,367,2026-06-16 07:00:00,0.0,0
M008,368,2026-06-16 08:00:00,0.0,0
M008,369,2026-06-16 09:00:00,0.0,0
M008,370,2026-06-16 10:00:00,0.0,0
M008,371,2026-06-16 11:00:00,0.0,0
M008,372,2026-06-16 12:00:00,0.0,0
M008,373,2026-06-16 13:00:00,0.0,0
M008,374,2026-06-16 14:00:00,0.0,0
M008,375,2026-06-16 15:00:00,0.0,0
M008,376,2026-06-16 16:00:00,0.0,0
M008,377,2026-06-16 17:00:00,0.0,0
M008,378,2026-06-16 18:00:00,0.0,0
M008,379,2026-06-16 19:00:00,0.0,0
M008,380,2026-06-16 20:00:00,0.0,0
M008,381,2026-06-16 21:00:00,0.0,0
M008,382,2026-06-16 22:00:00,0.0,0
M008,383,2026-06-16 23:00:00,0.0,0
M008,384,2026-06-17 00:00:00,0.0,0
M008,385,2026-06-17 01:00:00,0.0,0
M008,386,2026-06-17 02:00:00,0.0,0
M008,387,2026-06-17 03:00:00,0.0,0
M008,388,2026-06-17 04:00:00,0.0,0
M008,389,2026-06-17 05:00:00,0.0,0
M008,390,2026-06-17 06:00:00,0.0,0
M008,391,2026-06-17 07:00:00,0.0,0
M008,392,2026-06-17 08:00:00,0.0,0
M008,393,2026-06-17 09:00:00,0.0,0
M008,394,2026-06-17 10:00:00,0.0,0
M008,395,2026-06-17 11:00:00,0.0,0
M008,396,2026-06-17 12:00:00,0.0,0
M008,397,2026-06-17 13:00:00,0.0,0
M008,398,2026-06-17 14:00:00,0.0,0
M008,399,2026-06-17 15:00:00,0.0,0
M008,400,2026-06-17 16:00:00,0.0,0
M008,401,2026-06-17 17:00:00,0.0,0
M008,402,2026-06-17 18:00:00,0.0,0
M008,403,2026-06-17 19:00:00,0.0,0
M008,404,2026-06-17 20:00:00,0.0,0
M008,405,2026-06-17 21:00:00,0.0,0
M008,406,2026-06-17 22:00:00,0.0,0
M008,407,2026-06-17 23:00:00,0.0,0
M008,408,2026-06-18 00:00:00,0.0,0
M008,409,2026-06-18 01:00:00,0.0,0
M008,410,2026-06-18 02:00:00,0.0,0
M008,411,2026-06-18 03:00:00,0.0,0
M008,412,2026-06-18 04:00:00,0.0,0
M008,413,2026-06-18 05:00:00,0.0,0
M008,414,2026-06-18 06:00:00,0.0,0
M008,415,2026-06-18 07:00:00,0.0,0
M008,416,2026-06-18 08:00:00,0.0,0
M008,417,2026-06-18 09:00:00,0.0,0
M008,418,2026-06-18 10:00:00,0.0,0
M008,419,2026-06-18 11:00:00,0.0,0
M008,420,2026-06-18 12:00:00,0.0,0
M008,421,2026-06-18 13:00:00,0.0,0
M008,422,2026-06-18 14:00:00,0.0,0
M008,423,2026-06-18 15:00:00,0.0,0
M008,424,2026-06-18 16:00:00,0.0,0
M008,425,2026-06-18 17:00:00,0.0,0
M008,426,2026-06-18 18:00:00,0.0,0
M008,427,2026-06-18 19:00:00,0.0,0
M008,428,2026-06-18 20:00:00,0.0,0
M008,429,2026-06-18 21:00:00,0.0,0
M008,430,2026-06-18 22:00:00,0.0,0
M008,431,2026-06-18 23:00:00,0.0,0
M008,432,2026-06-19 00:00:00,0.0,0
M008,433,2026-06-19 01:00:00,0.0,0
M008,434,2026-06-19 02:00:00,0.0,0
M008,435,2026-06-19 03:00:00,0.0,0
M008,436,2026-06-19 04:00:00,0.0,0
M008,437,2026-06-19 05:00:00,0.0,0
M008,438,2026-06-19 06:00:00,0.0,0
M008,439,2026-06-19 07:00:00,0.0,0
M008,440,2026-06-19 08:00:00,0.0,0
M008,441,2026-06-19 09:00:00,0.0,0
M008,442,2026-06-19 10:00:00,0.0,0
M008,443,2026-06-19 11:00:00,0.0,0
M008,444,2026-06-19 12:00:00,0.0,0
M008,445,2026-06-19 13:00:00,0.0,0
M008,446,2026-06-19 14:00:00,0.0,0
M008,447,2026-06-19 15:00:00,0.0,0
M008,448,2026-06-19 16:00:00,0.0,0
M008,449,2026-06-19 17:00:00,0.0,0
M008,450,2026-06-19 18:00:00,0.0,0
M008,451,2026-06-19 19:00:00,0.0,0
M008,452,2026-06-19 20:00:00,0.0,0
M008,453,2026-06-19 21:00:00,0.0,0
M008,454,2026-06-19 22:00:00,0.0,0
M008,455,2026-06-19 23:00:00,0.0,0
M008,456,2026-06-20 00:00:00,0.0,0
M008,457,2026-06-20 01:00:00,0.0,0
M008,458,2026-06-20 02:00:00,0.0,0
M008,459,2026-06-20 03:00:00,0.0,0
M008,460,2026-06-20 04:00:00,0.0,0
M008,461,2026-06-20 05:00:00,0.0,0
M008,462,2026-06-20 06:00:00,0.0,0
M008,463,2026-06-20 07:00:00,0.0,0
M008,464,2026-06-20 08:00:00,0.0,0
M008,465,2026-06-20 09:00:00,0.0,0
M008,466,2026-06-20 10:00:00,0.0,0
M008,467,2026-06-20 11:00:00,0.0,0
M008,468,2026-06-20 12:00:00,0.0,0
M008,469,2026-06-20 13:00:00,0.0,0
M008,470,2026-06-20 14:00:00,0.0,0
M008,471,2026-06-20 15:00:00,0.0,0
M008,472,2026-06-20 16:00:00,0.0,0
M008,473,2026-06-20 17:00:00,0.0,0
M008,474,2026-06-20 18:00:00,0.0,0
M008,475,2026-06-20 19:00:00,0.0,0
M008,476,2026-06-20 20:00:00,0.0,0
M008,477,2026-06-20 21:00:00,0.0,0
M008,478,2026-06-20 22:00:00,0.0,0
M008,479,2026-06-20 23:00:00,0.0,0
M008,480,2026-06-21 00:00:00,0.0,0
M008,481,2026-06-21 01:00:00,0.0,0
M008,482,2026-06-21 02:00:00,0.0,0
M008,483,2026-06-21 03:00:00,0.0,0
M008,484,2026-06-21 04:00:00,0.0,0
M008,485,2026-06-21 05:00:00,0.0,0
M008,486,2026-06-21 06:00:00,0.0,0
M008,487,2026-06-21 07:00:00,0.0,0
M008,488,2026-06-21 08:00:00,0.0,0
M008,489,2026-06-21 09:00:00,0.0,0
M008,490,2026-06-21 10:00:00,0.0,0
M008,491,2026-06-21 11:00:00,0.0,0
M008,492,2026-06-21 12:00:00,0.0,0
M008,493,2026-06-21 13:00:00,0.0,0
M008,494,2026-06-21 14:00:00,0.0,0
M008,495,2026-06-21 15:00:00,0.0,0
M008,496,2026-06-21 16:00:00,0.0,0
M008,497,2026-06-21 17:00:00,0.0,0
M008,498,2026-06-21 18:00:00,0.0,0
M008,499,2026-06-21 19:00:00,0.0,0
M008,500,2026-06-21 20:00:00,0.0,0
M008,501,2026-06-21 21:00:00,0.0,0
M008,502,2026-06-21 22:00:00,0.0,0
M008,503,2026-06-21 23:00:00,0.0,0
M008,504,2026-06-22 00:00:00,0.0,0
M008,505,2026-06-22 01:00:00,0.0,0
M008,506,2026-06-22 02:00:00,0.0,0
M008,507,2026-06-22 03:00:00,0.0,0
M008,508,2026-06-22 04:00:00,0.0,0
M008,509,2026-06-22 05:00:00,0.0,0
M008,510,2026-06-22 06:00:00,0.0,0
M008,511,2026-06-22 07:00:00,0.0,0
M008,512,2026-06-22 08:00:00,0.0,0
M008,513,2026-06-22 09:00:00,0.0,0
M008,514,2026-06-22 10:00:00,0.0,0
M008,515,2026-06-22 11:00:00,0.0,0
M008,516,2026-06-22 12:00:00,0.0,0
M008,517,2026-06-22 13:00:00,0.0,0
M008,518,2026-06-22 14:00:00,0.0,0
M008,519,2026-06-22 15:00:00,0.0,0
M008,520,2026-06-22 16:00:00,0.0,0
M008,521,2026-06-22 17:00:00,0.0032907932886544035,0
M008,522,2026-06-22 18:00:00,0.0032907932886544035,0
M008,523,2026-06-22 19:00:00,0.0,0
M008,524,2026-06-22 20:00:00,0.0,0
M008,525,2026-06-22 21:00:00,0.0,0
M008,526,2026-06-22 22:00:00,0.0,0
M008,527,2026-06-22 23:00:00,0.0,0
M008,528,2026-06-23 00:00:00,0.0,0
M008,529,2026-06-23 01:00:00,0.0,0
M008,530,2026-06-23 02:00:00,0.0,0
M008,531,2026-06-23 03:00:00,0.0,0
M008,532,2026-06-23 04:00:00,0.0,0
M008,533,2026-06-23 05:00:00,0.0,0
M008,534,2026-06-23 06:00:00,0.0,0
M008,535,2026-06-23 07:00:00,0.0,0
M008,536,2026-06-23 08:00:00,0.0,0
M008,537,2026-06-23 09:00:00,0.0,0
M008,538,2026-06-23 10:00:00,0.0,0
M008,539,2026-06-23 11:00:00,0.0,0
M008,540,2026-06-23 12:00:00,0.0,0
M008,541,2026-06-23 13:00:00,0.0,0
M008,542,2026-06-23 14:00:00,0.0,0
M008,543,2026-06-23 15:00:00,0.0,0
M008,544,2026-06-23 16:00:00,0.0,0
M008,545,2026-06-23 17:00:00,0.0,0
M008,546,2026-06-23 18:00:00,0.0,0
M008,547,2026-06-23 19:00:00,0.0,0
M008,548,2026-06-23 20:00:00,0.0,0
M008,549,2026-06-23 21:00:00,0.0,0
M008,550,2026-06-23 22:00:00,0.0,0
M008,551,2026-06-23 23:00:00,0.0032907932886544035,0
M008,552,2026-06-24 00:00:00,0.0,0
M008,553,2026-06-24 01:00:00,0.0,0
M008,554,2026-06-24 02:00:00,0.0,0
M008,555,2026-06-24 03:00:00,0.0,0
M008,556,2026-06-24 04:00:00,0.0,0
M008,557,2026-06-24 05:00:00,0.0,0
M008,558,2026-06-24 06:00:00,0.0,0
M008,559,2026-06-24 07:00:00,0.0,0
M008,560,2026-06-24 08:00:00,0.0,0
M008,561,2026-06-24 09:00:00,0.0,0
M008,562,2026-06-24 10:00:00,0.0,0
M008,563,2026-06-24 11:00:00,0.0,0
M008,564,2026-06-24 12:00:00,0.0,0
M008,565,2026-06-24 13:00:00,0.0,0
M008,566,2026-06-24 14:00:00,0.0,0
M008,567,2026-06-24 15:00:00,0.0,0
M008,568,2026-06-24 16:00:00,0.0,0
M008,569,2026-06-24 17:00:00,0.0,0
M008,570,2026-06-24 18:00:00,0.0,0
M008,571,2026-06-24 19:00:00,0.0,0
M008,572,2026-06-24 20:00:00,0.0,0
M008,573,2026-06-24 21:00:00,0.0,0
M008,574,2026-06-24 22:00:00,0.0,0
M008,575,2026-06-24 23:00:00,0.0,0
M008,576,2026-06-25 00:00:00,0.0,0
M008,577,2026-06-25 01:00:00,0.0,0
M008,578,2026-06-25 02:00:00,0.0,0
M008,579,2026-06-25 03:00:00,0.0,0
M008,580,2026-06-25 04:00:00,0.0,0
M008,581,2026-06-25 05:00:00,0.0,0
M008,582,2026-06-25 06:00:00,0.0,0
M008,583,2026-06-25 07:00:00,0.0,0
M008,584,2026-06-25 08:00:00,0.0,0
M008,585,2026-06-25 09:00:00,0.0,0
M008,586,2026-06-25 10:00:00,0.0,0
M008,587,2026-06-25 11:00:00,0.0,0
M008,588,2026-06-25 12:00:00,0.0,0
M008,589,2026-06-25 13:00:00,0.0,0
M008,590,2026-06-25 14:00:00,0.0,0
M008,591,2026-06-25 15:00:00,0.0,0
M008,592,2026-06-25 16:00:00,0.0,0
M008,593,2026-06-25 17:00:00,0.0,0
M008,594,2026-06-25 18:00:00,0.0,0
M008,595,2026-06-25 19:00:00,0.0,0
M008,596,2026-06-25 20:00:00,0.0,0
M008,597,2026-06-25 21:00:00,0.0,0
M008,598,2026-06-25 22:00:00,0.0,0
M008,599,2026-06-25 23:00:00,0.0,0
M008,600,2026-06-26 00:00:00,0.0,0
M008,601,2026-06-26 01:00:00,0.0,0
M008,602,2026-06-26 02:00:00,0.0,0
M008,603,2026-06-26 03:00:00,0.0,0
M008,604,2026-06-26 04:00:00,0.0,0
M008,605,2026-06-26 05:00:00,0.0,0
M008,606,2026-06-26 06:00:00,0.0,0
M008,607,2026-06-26 07:00:00,0.0,0
M008,608,2026-06-26 08:00:00,0.0,0
M008,609,2026-06-26 09:00:00,0.0,0
M008,610,2026-06-26 10:00:00,0.0,0
M008,611,2026-06-26 11:00:00,0.0,0
M008,612,2026-06-26 12:00:00,0.0,0
M008,613,2026-06-26 13:00:00,0.0,0
M008,614,2026-06-26 14:00:00,0.0,0
M008,615,2026-06-26 15:00:00,0.0,0
M008,616,2026-06-26 16:00:00,0.0,0
M008,617,2026-06-26 17:00:00,0.0,0
M008,618,2026-06-26 18:00:00,0.0,0
M008,619,2026-06-26 19:00:00,0.0,0
M008,620,2026-06-26 20:00:00,0.0,0
M008,621,2026-06-26 21:00:00,0.0,0
M008,622,2026-06-26 22:00:00,0.0,0
M008,623,2026-06-26 23:00:00,0.0,0
M008,624,2026-06-27 00:00:00,0.0,0
M008,625,2026-06-27 01:00:00,0.0,0
M008,626,2026-06-27 02:00:00,0.0,0
M008,627,2026-06-27 03:00:00,0.0,0
M008,628,2026-06-27 04:00:00,0.0,0
M008,629,2026-06-27 05:00:00,0.0,0
M008,630,2026-06-27 06:00:00,0.0,0
M008,631,2026-06-27 07:00:00,0.0,0
M008,632,2026-06-27 08:00:00,0.0,0
M008,633,2026-06-27 09:00:00,0.0,0
M008,634,2026-06-27 10:00:00,0.0,0
M008,635,2026-06-27 11:00:00,0.0,0
M008,636,2026-06-27 12:00:00,0.0,0
M008,637,2026-06-27 13:00:00,0.0,0
M008,638,2026-06-27 14:00:00,0.0,0
M008,639,2026-06-27 15:00:00,0.0,0
M008,640,2026-06-27 16:00:00,0.0,0
M008,641,2026-06-27 17:00:00,0.0,0
M008,642,2026-06-27 18:00:00,0.0,0
M008,643,2026-06-27 19:00:00,0.0,0
M008,644,2026-06-27 20:00:00,0.0,0
M008,645,2026-06-27 21:00:00,0.0,0
M008,646,2026-06-27 22:00:00,0.0,0
M008,647,2026-06-27 23:00:00,0.0,0
M008,648,2026-06-28 00:00:00,0.0,0
M008,649,2026-06-28 01:00:00,0.0,0
M008,650,2026-06-28 02:00:00,0.0,0
M008,651,2026-06-28 03:00:00,0.0,0
M008,652,2026-06-28 04:00:00,0.0,0
M008,653,2026-06-28 05:00:00,0.0,0
M008,654,2026-06-28 06:00:00,0.0,0
M008,655,2026-06-28 07:00:00,0.0,0
M008,656,2026-06-28 08:00:00,0.005688971034059999,0
M008,657,2026-06-28 09:00:00,0.0026767705983301512,0
M008,658,2026-06-28 10:00:00,0.0026767705983301512,0
M008,659,2026-06-28 11:00:00,0.0026767705983301512,0
M008,660,2026-06-28 12:00:00,0.0026767705983301512,0
M008,661,2026-06-28 13:00:00,0.0026767705983301512,0
M008,662,2026-06-28 14:00:00,0.0,0
M008,663,2026-06-28 15:00:00,0.0,0
M008,664,2026-06-28 16:00:00,0.0,0
M008,665,2026-06-28 17:00:00,0.0,0
M008,666,2026-06-28 18:00:00,0.0,0
M008,667,2026-06-28 19:00:00,0.0,0
M008,668,2026-06-28 20:00:00,0.0,0
M008,669,2026-06-28 21:00:00,0.0,0
M008,670,2026-06-28 22:00:00,0.0,0
M008,671,2026-06-28 23:00:00,0.0,0
M008,672,2026-06-29 00:00:00,0.0,0
M008,673,2026-06-29 01:00:00,0.0,0
M008,674,2026-06-29 02:00:00,0.0,0
M008,675,2026-06-29 03:00:00,0.0,0
M008,676,2026-06-29 04:00:00,0.0,0
M008,677,2026-06-29 05:00:00,0.0,0
M008,678,2026-06-29 06:00:00,0.0,0
M008,679,2026-06-29 07:00:00,0.0,0
M008,680,2026-06-29 08:00:00,0.0,0
M008,681,2026-06-29 09:00:00,0.0,0
M008,682,2026-06-29 10:00:00,0.0,0
M008,683,2026-06-29 11:00:00,0.0,0
M008,684,2026-06-29 12:00:00,0.0,0
M008,685,2026-06-29 13:00:00,0.0,0
M008,686,2026-06-29 14:00:00,0.003244024536416837,0
M008,687,2026-06-29 15:00:00,0.0,0
M008,688,2026-06-29 16:00:00,0.0,0
M008,689,2026-06-29 17:00:00,0.0,0
M008,690,2026-06-29 18:00:00,0.0,0
M008,691,2026-06-29 19:00:00,0.0,0
M008,692,2026-06-29 20:00:00,0.0,0
M008,693,2026-06-29 21:00:00,0.0,0
M008,694,2026-06-29 22:00:00,0.0,0
M008,695,2026-06-29 23:00:00,0.0,0
M008,696,2026-06-30 00:00:00,0.0,0
M008,697,2026-06-30 01:00:00,0.0,0
M008,698,2026-06-30 02:00:00,0.0,0
M008,699,2026-06-30 03:00:00,0.0,0
M008,700,2026-06-30 04:00:00,0.0,0
M008,701,2026-06-30 05:00:00,0.0,0
M008,702,2026-06-30 06:00:00,0.0,0
M008,703,2026-06-30 07:00:00,0.0,0
M008,704,2026-06-30 08:00:00,0.0,0
M008,705,2026-06-30 09:00:00,0.0,0
M008,706,2026-06-30 10:00:00,0.0,0
M008,707,2026-06-30 11:00:00,0.0,0
M008,708,2026-06-30 12:00:00,0.0,0
M008,709,2026-06-30 13:00:00,0.0,0
M008,710,2026-06-30 14:00:00,0.0,0
M008,711,2026-06-30 15:00:00,0.0,0
M008,712,2026-06-30 16:00:00,0.0,0
M008,713,2026-06-30 17:00:00,0.0,0
M008,714,2026-06-30 18:00:00,0.0,0
M008,715,2026-06-30 19:00:00,0.0,0
M008,716,2026-06-30 20:00:00,0.003277750183306133,0
M008,717,2026-06-30 21:00:00,0.0,0
M008,718,2026-06-30 22:00:00,0.0,0
M008,719,2026-06-30 23:00:00,0.0,0
M009,23,2026-06-01 23:00:00,0.0,0
M009,24,2026-06-02 00:00:00,0.0,0
M009,25,2026-06-02 01:00:00,0.0,0
M009,26,2026-06-02 02:00:00,0.0,0
M009,27,2026-06-02 03:00:00,0.0,0
M009,28,2026-06-02 04:00:00,0.0,0
M009,29,2026-06-02 05:00:00,0.0,0
M009,30,2026-06-02 06:00:00,0.0,0
M009,31,2026-06-02 07:00:00,0.0,0
M009,32,2026-06-02 08:00:00,0.0,0
M009,33,2026-06-02 09:00:00,0.0,0
M009,34,2026-06-02 10:00:00,0.0,0
M009,35,2026-06-02 11:00:00,0.0,0
M009,36,2026-06-02 12:00:00,0.0,0
M009,37,2026-06-02 13:00:00,0.0,0
M009,38,2026-06-02 14:00:00,0.0,0
M009,39,2026-06-02 15:00:00,0.0,0
M009,40,2026-06-02 16:00:00,0.0,0
M009,41,2026-06-02 17:00:00,0.0,0
M009,42,2026-06-02 18:00:00,0.0,0
M009,43,2026-06-02 19:00:00,0.0,0
M009,44,2026-06-02 20:00:00,0.0,0
M009,45,2026-06-02 21:00:00,0.0,0
M009,46,2026-06-02 22:00:00,0.0,0
M009,47,2026-06-02 23:00:00,0.0,0
M009,48,2026-06-03 00:00:00,0.0,0
M009,49,2026-06-03 01:00:00,0.0,0
M009,50,2026-06-03 02:00:00,0.0,0
M009,51,2026-06-03 03:00:00,0.0,0
M009,52,2026-06-03 04:00:00,0.0,0
M009,53,2026-06-03 05:00:00,0.0,0
M009,54,2026-06-03 06:00:00,0.0,0
M009,55,2026-06-03 07:00:00,0.0,0
M009,56,2026-06-03 08:00:00,0.0,0
M009,57,2026-06-03 09:00:00,0.0,0
M009,58,2026-06-03 10:00:00,0.0,0
M009,59,2026-06-03 11:00:00,0.0,0
M009,60,2026-06-03 12:00:00,0.0,0
M009,61,2026-06-03 13:00:00,0.0,0
M009,62,2026-06-03 14:00:00,0.0,0
M009,63,2026-06-03 15:00:00,0.0,0
M009,64,2026-06-03 16:00:00,0.0,0
M009,65,2026-06-03 17:00:00,0.0,0
M009,66,2026-06-03 18:00:00,0.0,0
M009,67,2026-06-03 19:00:00,0.0,0
M009,68,2026-06-03 20:00:00,0.0,0
M009,69,2026-06-03 21:00:00,0.0,0
M009,70,2026-06-03 22:00:00,0.0,0
M009,71,2026-06-03 23:00:00,0.0,0
M009,72,2026-06-04 00:00:00,0.0,0
M009,73,2026-06-04 01:00:00,0.0,0
M009,74,2026-06-04 02:00:00,0.0,0
M009,75,2026-06-04 03:00:00,0.0,0
M009,76,2026-06-04 04:00:00,0.0,0
M009,77,2026-06-04 05:00:00,0.0,0
M009,78,2026-06-04 06:00:00,0.0,0
M009,79,2026-06-04 07:00:00,0.0,0
M009,80,2026-06-04 08:00:00,0.0,0
M009,81,2026-06-04 09:00:00,0.0,0
M009,82,2026-06-04 10:00:00,0.0,0
M009,83,2026-06-04 11:00:00,0.0,0
M009,84,2026-06-04 12:00:00,0.0,0
M009,85,2026-06-04 13:00:00,0.0,0
M009,86,2026-06-04 14:00:00,0.0,0
M009,87,2026-06-04 15:00:00,0.0,0
M009,88,2026-06-04 16:00:00,0.0,0
M009,89,2026-06-04 17:00:00,0.0,0
M009,90,2026-06-04 18:00:00,0.0,0
M009,91,2026-06-04 19:00:00,0.0,0
M009,92,2026-06-04 20:00:00,0.0,0
M009,93,2026-06-04 21:00:00,0.0,0
M009,94,2026-06-04 22:00:00,0.0,0
M009,95,2026-06-04 23:00:00,0.0,0
M009,96,2026-06-05 00:00:00,0.0,0
M009,97,2026-06-05 01:00:00,0.0,0
M009,98,2026-06-05 02:00:00,0.0,0
M009,99,2026-06-05 03:00:00,0.0,0
M009,100,2026-06-05 04:00:00,0.0,0
M009,101,2026-06-05 05:00:00,0.0,0
M009,102,2026-06-05 06:00:00,0.0,0
M009,103,2026-06-05 07:00:00,0.0,0
M009,104,2026-06-05 08:00:00,0.0,0
M009,105,2026-06-05 09:00:00,0.0,0
M009,106,2026-06-05 10:00:00,0.0,0
M009,107,2026-06-05 11:00:00,0.0,0
M009,108,2026-06-05 12:00:00,0.0,0
M009,109,2026-06-05 13:00:00,0.0,0
M009,110,2026-06-05 14:00:00,0.0,0
M009,111,2026-06-05 15:00:00,0.0,0
M009,112,2026-06-05 16:00:00,0.0,0
M009,113,2026-06-05 17:00:00,0.0,0
M009,114,2026-06-05 18:00:00,0.0,0
M009,115,2026-06-05 19:00:00,0.0,0
M009,116,2026-06-05 20:00:00,0.0,0
M009,117,2026-06-05 21:00:00,0.0,0
M009,118,2026-06-05 22:00:00,0.0,0
M009,119,2026-06-05 23:00:00,0.0,0
M009,120,2026-06-06 00:00:00,0.0,0
M009,121,2026-06-06 01:00:00,0.0,0
M009,122,2026-06-06 02:00:00,0.0,0
M009,123,2026-06-06 03:00:00,0.0,0
M009,124,2026-06-06 04:00:00,0.0,0
M009,125,2026-06-06 05:00:00,0.0,0
M009,126,2026-06-06 06:00:00,0.0,0
M009,127,2026-06-06 07:00:00,0.0,0
M009,128,2026-06-06 08:00:00,0.0,0
M009,129,2026-06-06 09:00:00,0.0,0
M009,130,2026-06-06 10:00:00,0.0,0
M009,131,2026-06-06 11:00:00,0.0,0
M009,132,2026-06-06 12:00:00,0.0,0
M009,133,2026-06-06 13:00:00,0.0,0
M009,134,2026-06-06 14:00:00,0.0,0
M009,135,2026-06-06 15:00:00,0.0,0
M009,136,2026-06-06 16:00:00,0.0,0
M009,137,2026-06-06 17:00:00,0.0,0
M009,138,2026-06-06 18:00:00,0.0,0
M009,139,2026-06-06 19:00:00,0.0,0
M009,140,2026-06-06 20:00:00,0.0,0
M009,141,2026-06-06 21:00:00,0.0,0
M009,142,2026-06-06 22:00:00,0.0,0
M009,143,2026-06-06 23:00:00,0.0,0
M009,144,2026-06-07 00:00:00,0.0,0
M009,145,2026-06-07 01:00:00,0.0,0
M009,146,2026-06-07 02:00:00,0.0,0
M009,147,2026-06-07 03:00:00,0.0,0
M009,148,2026-06-07 04:00:00,0.0,0
M009,149,2026-06-07 05:00:00,0.0,0
M009,150,2026-06-07 06:00:00,0.0,0
M009,151,2026-06-07 07:00:00,0.0,0
M009,152,2026-06-07 08:00:00,0.0,0
M009,153,2026-06-07 09:00:00,0.0,0
M009,154,2026-06-07 10:00:00,0.0,0
M009,155,2026-06-07 11:00:00,0.0,0
M009,156,2026-06-07 12:00:00,0.0,0
M009,157,2026-06-07 13:00:00,0.0,0
M009,158,2026-06-07 14:00:00,0.0,0
M009,159,2026-06-07 15:00:00,0.0,0
M009,160,2026-06-07 16:00:00,0.0,0
M009,161,2026-06-07 17:00:00,0.0,0
M009,162,2026-06-07 18:00:00,0.0,0
M009,163,2026-06-07 19:00:00,0.0,0
M009,164,2026-06-07 20:00:00,0.0,0
M009,165,2026-06-07 21:00:00,0.0,0
M009,166,2026-06-07 22:00:00,0.0,0
M009,167,2026-06-07 23:00:00,0.0,0
M009,168,2026-06-08 00:00:00,0.0,0
M009,169,2026-06-08 01:00:00,0.0,0
M009,170,2026-06-08 02:00:00,0.0,0
M009,171,2026-06-08 03:00:00,0.0,0
M009,172,2026-06-08 04:00:00,0.0,0
M009,173,2026-06-08 05:00:00,0.0,0
M009,174,2026-06-08 06:00:00,0.0,0
M009,175,2026-06-08 07:00:00,0.0,0
M009,176,2026-06-08 08:00:00,0.0,0
M009,177,2026-06-08 09:00:00,0.0,0
M009,178,2026-06-08 10:00:00,0.0,0
M009,179,2026-06-08 11:00:00,0.0,0
M009,180,2026-06-08 12:00:00,0.0,0
M009,181,2026-06-08 13:00:00,0.0,0
M009,182,2026-06-08 14:00:00,0.0,0
M009,183,2026-06-08 15:00:00,0.0,0
M009,184,2026-06-08 16:00:00,0.0,0
M009,185,2026-06-08 17:00:00,0.0,0
M009,186,2026-06-08 18:00:00,0.0,0
M009,187,2026-06-08 19:00:00,0.0,0
M009,188,2026-06-08 20:00:00,0.0,0
M009,189,2026-06-08 21:00:00,0.0,0
M009,190,2026-06-08 22:00:00,0.0,0
M009,191,2026-06-08 23:00:00,0.0,0
M009,192,2026-06-09 00:00:00,0.0,0
M009,193,2026-06-09 01:00:00,0.0,0
M009,194,2026-06-09 02:00:00,0.0,0
M009,195,2026-06-09 03:00:00,0.0,0
M009,196,2026-06-09 04:00:00,0.0,0
M009,197,2026-06-09 05:00:00,0.0,0
M009,198,2026-06-09 06:00:00,0.0,0
M009,199,2026-06-09 07:00:00,0.0,0
M009,200,2026-06-09 08:00:00,0.0,0
M009,201,2026-06-09 09:00:00,0.0,0
M009,202,2026-06-09 10:00:00,0.0,0
M009,203,2026-06-09 11:00:00,0.0,0
M009,204,2026-06-09 12:00:00,0.0,0
M009,205,2026-06-09 13:00:00,0.0,0
M009,206,2026-06-09 14:00:00,0.0,0
M009,207,2026-06-09 15:00:00,0.0,0
M009,208,2026-06-09 16:00:00,0.0,0
M009,209,2026-06-09 17:00:00,0.0,0
M009,210,2026-06-09 18:00:00,0.0,0
M009,211,2026-06-09 19:00:00,0.0,0
M009,212,2026-06-09 20:00:00,0.0,0
M009,213,2026-06-09 21:00:00,0.0,0
M009,214,2026-06-09 22:00:00,0.0,0
M009,215,2026-06-09 23:00:00,0.0,0
M009,216,2026-06-10 00:00:00,0.0,0
M009,217,2026-06-10 01:00:00,0.0,0
M009,218,2026-06-10 02:00:00,0.0,0
M009,219,2026-06-10 03:00:00,0.0,0
M009,220,2026-06-10 04:00:00,0.0,0
M009,221,2026-06-10 05:00:00,0.0,0
M009,222,2026-06-10 06:00:00,0.0,0
M009,223,2026-06-10 07:00:00,0.0,0
M009,224,2026-06-10 08:00:00,0.0,0
M009,225,2026-06-10 09:00:00,0.0,0
M009,226,2026-06-10 10:00:00,0.0,0
M009,227,2026-06-10 11:00:00,0.0,0
M009,228,2026-06-10 12:00:00,0.0,0
M009,229,2026-06-10 13:00:00,0.0,0
M009,230,2026-06-10 14:00:00,0.0,0
M009,231,2026-06-10 15:00:00,0.0,0
M009,232,2026-06-10 16:00:00,0.0,0
M009,233,2026-06-10 17:00:00,0.0,0
M009,234,2026-06-10 18:00:00,0.0,0
M009,235,2026-06-10 19:00:00,0.0,0
M009,236,2026-06-10 20:00:00,0.0,0
M009,237,2026-06-10 21:00:00,0.0,0
M009,238,2026-06-10 22:00:00,0.0,0
M009,239,2026-06-10 23:00:00,0.0,0
M009,240,2026-06-11 00:00:00,0.0,0
M009,241,2026-06-11 01:00:00,0.0,0
M009,242,2026-06-11 02:00:00,0.0,0
M009,243,2026-06-11 03:00:00,0.0,0
M009,244,2026-06-11 04:00:00,0.0,0
M009,245,2026-06-11 05:00:00,0.0,0
M009,246,2026-06-11 06:00:00,0.0,0
M009,247,2026-06-11 07:00:00,0.0,0
M009,248,2026-06-11 08:00:00,0.0,0
M009,249,2026-06-11 09:00:00,0.0,0
M009,250,2026-06-11 10:00:00,0.0,0
M009,251,2026-06-11 11:00:00,0.0,0
M009,252,2026-06-11 12:00:00,0.0,0
M009,253,2026-06-11 13:00:00,0.0,0
M009,254,2026-06-11 14:00:00,0.0,0
M009,255,2026-06-11 15:00:00,0.0,0
M009,256,2026-06-11 16:00:00,0.0,0
M009,257,2026-06-11 17:00:00,0.0,0
M009,258,2026-06-11 18:00:00,0.0,0
M009,259,2026-06-11 19:00:00,0.0,0
M009,260,2026-06-11 20:00:00,0.0,0
M009,261,2026-06-11 21:00:00,0.0,0
M009,262,2026-06-11 22:00:00,0.0,0
M009,263,2026-06-11 23:00:00,0.0,0
M009,264,2026-06-12 00:00:00,0.0,0
M009,265,2026-06-12 01:00:00,0.0,0
M009,266,2026-06-12 02:00:00,0.0,0
M009,267,2026-06-12 03:00:00,0.0,0
M009,268,2026-06-12 04:00:00,0.0,0
M009,269,2026-06-12 05:00:00,0.0,0
M009,270,2026-06-12 06:00:00,0.0,0
M009,271,2026-06-12 07:00:00,0.0,0
M009,272,2026-06-12 08:00:00,0.0,0
M009,273,2026-06-12 09:00:00,0.0,0
M009,274,2026-06-12 10:00:00,0.0,0
M009,275,2026-06-12 11:00:00,0.0,0
M009,276,2026-06-12 12:00:00,0.0,0
M009,277,2026-06-12 13:00:00,0.0,0
M009,278,2026-06-12 14:00:00,0.0,0
M009,279,2026-06-12 15:00:00,0.0,0
M009,280,2026-06-12 16:00:00,0.0,0
M009,281,2026-06-12 17:00:00,0.0,0
M009,282,2026-06-12 18:00:00,0.0,0
M009,283,2026-06-12 19:00:00,0.0,0
M009,284,2026-06-12 20:00:00,0.0,0
M009,285,2026-06-12 21:00:00,0.0,0
M009,286,2026-06-12 22:00:00,0.0,0
M009,287,2026-06-12 23:00:00,0.0,0
M009,288,2026-06-13 00:00:00,0.0,0
M009,289,2026-06-13 01:00:00,0.0,0
M009,290,2026-06-13 02:00:00,0.0,0
M009,291,2026-06-13 03:00:00,0.0,0
M009,292,2026-06-13 04:00:00,0.0,0
M009,293,2026-06-13 05:00:00,0.0,0
M009,294,2026-06-13 06:00:00,0.0,0
M009,295,2026-06-13 07:00:00,0.0,0
M009,296,2026-06-13 08:00:00,0.0,0
M009,297,2026-06-13 09:00:00,0.0,0
M009,298,2026-06-13 10:00:00,0.0,0
M009,299,2026-06-13 11:00:00,0.0,0
M009,300,2026-06-13 12:00:00,0.0,0
M009,301,2026-06-13 13:00:00,0.0,0
M009,302,2026-06-13 14:00:00,0.0,0
M009,303,2026-06-13 15:00:00,0.0,0
M009,304,2026-06-13 16:00:00,0.0,0
M009,305,2026-06-13 17:00:00,0.0,0
M009,306,2026-06-13 18:00:00,0.0,0
M009,307,2026-06-13 19:00:00,0.0,0
M009,308,2026-06-13 20:00:00,0.0,0
M009,309,2026-06-13 21:00:00,0.0,0
M009,310,2026-06-13 22:00:00,0.0,0
M009,311,2026-06-13 23:00:00,0.0,0
M009,312,2026-06-14 00:00:00,0.0,0
M009,313,2026-06-14 01:00:00,0.0,0
M009,314,2026-06-14 02:00:00,0.0,0
M009,315,2026-06-14 03:00:00,0.0,0
M009,316,2026-06-14 04:00:00,0.0,0
M009,317,2026-06-14 05:00:00,0.0,0
M009,318,2026-06-14 06:00:00,0.0,0
M009,319,2026-06-14 07:00:00,0.0,0
M009,320,2026-06-14 08:00:00,0.0,0
M009,321,2026-06-14 09:00:00,0.0,0
M009,322,2026-06-14 10:00:00,0.0,0
M009,323,2026-06-14 11:00:00,0.002632661221225795,0
M009,324,2026-06-14 12:00:00,0.0025997171145686,0
M009,325,2026-06-14 13:00:00,0.0,0
M009,326,2026-06-14 14:00:00,0.0,0
M009,327,2026-06-14 15:00:00,0.0,0
M009,328,2026-06-14 16:00:00,0.0,0
M009,329,2026-06-14 17:00:00,0.00277811160517566,0
M009,330,2026-06-14 18:00:00,0.002534344433454225,0
M009,331,2026-06-14 19:00:00,0.0,0
M009,332,2026-06-14 20:00:00,0.0,0
M009,333,2026-06-14 21:00:00,0.0,0
M009,334,2026-06-14 22:00:00,0.0,0
M009,335,2026-06-14 23:00:00,0.0,0
M009,336,2026-06-15 00:00:00,0.0,0
M009,337,2026-06-15 01:00:00,0.0,0
M009,338,2026-06-15 02:00:00,0.0,0
M009,339,2026-06-15 03:00:00,0.0,0
M009,340,2026-06-15 04:00:00,0.0,0
M009,341,2026-06-15 05:00:00,0.020948527353361775,0
M009,342,2026-06-15 06:00:00,0.017659303397132797,0
M009,343,2026-06-15 07:00:00,0.017659303397132797,0
M009,344,2026-06-15 08:00:00,0.017659303397132797,0
M009,345,2026-06-15 09:00:00,0.017659303397132797,0
M009,346,2026-06-15 10:00:00,0.017659303397132797,0
M009,347,2026-06-15 11:00:00,0.017659303397132797,0
M009,348,2026-06-15 12:00:00,0.011649199465469313,0
M009,349,2026-06-15 13:00:00,0.014325970063799464,0
M009,350,2026-06-15 14:00:00,0.011649199465469313,0
M009,351,2026-06-15 15:00:00,0.017352719708957232,0
M009,352,2026-06-15 16:00:00,0.017352719708957232,0
M009,353,2026-06-15 17:00:00,0.0050312722832080445,0
M009,354,2026-06-15 18:00:00,0.00766393350443384,0
M009,355,2026-06-15 19:00:00,0.012757064898970202,0
M009,356,2026-06-15 20:00:00,0.010124403677744408,0
M009,357,2026-06-15 21:00:00,0.012757064898970202,0
M009,358,2026-06-15 22:00:00,0.012757064898970202,0
M009,359,2026-06-15 23:00:00,0.01340899752667234,0
M009,360,2026-06-16 00:00:00,0.01340899752667234,0
M009,361,2026-06-16 01:00:00,0.007725792615762159,0
M009,362,2026-06-16 02:00:00,0.010124403677744408,0
M009,363,2026-06-16 03:00:00,0.0049476810105864985,0
M009,364,2026-06-16 04:00:00,0.0049476810105864985,0
M009,365,2026-06-16 05:00:00,0.0049476810105864985,0
M009,366,2026-06-16 06:00:00,0.0023150197893607033,0
M009,367,2026-06-16 07:00:00,0.010124403677744408,0
M009,368,2026-06-16 08:00:00,0.0023150197893607033,0
M009,369,2026-06-16 09:00:00,0.0049476810105864985,0
M009,370,2026-06-16 10:00:00,0.0049476810105864985,0
M009,371,2026-06-16 11:00:00,0.007547398125155098,0
M009,372,2026-06-16 12:00:00,0.0023150197893607033,0
M009,373,2026-06-16 13:00:00,0.0023150197893607033,0
M009,374,2026-06-16 14:00:00,0.0023150197893607033,0
M009,375,2026-06-16 15:00:00,0.0023150197893607033,0
M009,376,2026-06-16 16:00:00,0.010124403677744408,0
M009,377,2026-06-16 17:00:00,0.007809383888383705,0
M009,378,2026-06-16 18:00:00,0.007809383888383705,0
M009,379,2026-06-16 19:00:00,0.0050312722832080445,0
M009,380,2026-06-16 20:00:00,0.0049476810105864985,0
M009,381,2026-06-16 21:00:00,0.0023150197893607033,0
M009,382,2026-06-16 22:00:00,0.0049476810105864985,0
M009,383,2026-06-16 23:00:00,0.0023150197893607033,0
M009,384,2026-06-17 00:00:00,0.0023150197893607033,0
M009,385,2026-06-17 01:00:00,0.0049476810105864985,0
M009,386,2026-06-17 02:00:00,0.0049476810105864985,0
M009,387,2026-06-17 03:00:00,0.0049476810105864985,0
M009,388,2026-06-17 04:00:00,0.0023150197893607033,0
M009,389,2026-06-17 05:00:00,0.0023150197893607033,0
M009,390,2026-06-17 06:00:00,0.0023150197893607033,0
M009,391,2026-06-17 07:00:00,0.0023150197893607033,0
M009,392,2026-06-17 08:00:00,0.0,0
M009,393,2026-06-17 09:00:00,0.0,0
M009,394,2026-06-17 10:00:00,0.0,0
M009,395,2026-06-17 11:00:00,0.0,0
M009,396,2026-06-17 12:00:00,0.0,0
M009,397,2026-06-17 13:00:00,0.002632661221225795,0
M009,398,2026-06-17 14:00:00,0.0,0
M009,399,2026-06-17 15:00:00,0.0,0
M009,400,2026-06-17 16:00:00,0.0,0
M009,401,2026-06-17 17:00:00,0.0,0
M009,402,2026-06-17 18:00:00,0.0,0
M009,403,2026-06-17 19:00:00,0.0030267496451577684,0
M009,404,2026-06-17 20:00:00,0.0030267496451577684,0
M009,405,2026-06-17 21:00:00,0.0030267496451577684,0
M009,406,2026-06-17 22:00:00,0.0,0
M009,407,2026-06-17 23:00:00,0.0,0
M009,408,2026-06-18 00:00:00,0.0,0
M009,409,2026-06-18 01:00:00,0.0,0
M009,410,2026-06-18 02:00:00,0.0049476810105864985,0
M009,411,2026-06-18 03:00:00,0.0023150197893607033,0
M009,412,2026-06-18 04:00:00,0.0023150197893607033,0
M009,413,2026-06-18 05:00:00,0.0023150197893607033,0
M009,414,2026-06-18 06:00:00,0.0023150197893607033,0
M009,415,2026-06-18 07:00:00,0.0023150197893607033,0
M009,416,2026-06-18 08:00:00,0.0,0
M009,417,2026-06-18 09:00:00,0.0030267496451577684,0
M009,418,2026-06-18 10:00:00,0.0030267496451577684,0
M009,419,2026-06-18 11:00:00,0.0030267496451577684,0
M009,420,2026-06-18 12:00:00,0.0030267496451577684,0
M009,421,2026-06-18 13:00:00,0.0030267496451577684,0
M009,422,2026-06-18 14:00:00,0.0,0
M009,423,2026-06-18 15:00:00,0.0030267496451577684,0
M009,424,2026-06-18 16:00:00,0.0030267496451577684,0
M009,425,2026-06-18 17:00:00,0.0030267496451577684,0
M009,426,2026-06-18 18:00:00,0.0030267496451577684,0
M009,427,2026-06-18 19:00:00,0.0030267496451577684,0
M009,428,2026-06-18 20:00:00,0.0030267496451577684,0
M009,429,2026-06-18 21:00:00,0.0,0
M009,430,2026-06-18 22:00:00,0.0,0
M009,431,2026-06-18 23:00:00,0.0,0
M009,432,2026-06-19 00:00:00,0.0,0
M009,433,2026-06-19 01:00:00,0.0,0
M009,434,2026-06-19 02:00:00,0.0,0
M009,435,2026-06-19 03:00:00,0.0,0
M009,436,2026-06-19 04:00:00,0.0,0
M009,437,2026-06-19 05:00:00,0.0,0
M009,438,2026-06-19 06:00:00,0.0,0
M009,439,2026-06-19 07:00:00,0.0,0
M009,440,2026-06-19 08:00:00,0.0,0
M009,441,2026-06-19 09:00:00,0.0,0
M009,442,2026-06-19 10:00:00,0.0,0
M009,443,2026-06-19 11:00:00,0.0,0
M009,444,2026-06-19 12:00:00,0.0,0
M009,445,2026-06-19 13:00:00,0.0,0
M009,446,2026-06-19 14:00:00,0.0,0
M009,447,2026-06-19 15:00:00,0.0,0
M009,448,2026-06-19 16:00:00,0.0,0
M009,449,2026-06-19 17:00:00,0.002632661221225795,0
M009,450,2026-06-19 18:00:00,0.0,0
M009,451,2026-06-19 19:00:00,0.0,0
M009,452,2026-06-19 20:00:00,0.0,0
M009,453,2026-06-19 21:00:00,0.0,0
M009,454,2026-06-19 22:00:00,0.0,0
M009,455,2026-06-19 23:00:00,0.0,0
M009,456,2026-06-20 00:00:00,0.0,0
M009,457,2026-06-20 01:00:00,0.0,0
M009,458,2026-06-20 02:00:00,0.0,0
M009,459,2026-06-20 03:00:00,0.0,0
M009,460,2026-06-20 04:00:00,0.0,0
M009,461,2026-06-20 05:00:00,0.0,0
M009,462,2026-06-20 06:00:00,0.0,0
M009,463,2026-06-20 07:00:00,0.0,0
M009,464,2026-06-20 08:00:00,0.0,0
M009,465,2026-06-20 09:00:00,0.0,0
M009,466,2026-06-20 10:00:00,0.0,0
M009,467,2026-06-20 11:00:00,0.0,0
M009,468,2026-06-20 12:00:00,0.0,0
M009,469,2026-06-20 13:00:00,0.0,0
M009,470,2026-06-20 14:00:00,0.0,0
M009,471,2026-06-20 15:00:00,0.0,0
M009,472,2026-06-20 16:00:00,0.0,0
M009,473,2026-06-20 17:00:00,0.0,0
M009,474,2026-06-20 18:00:00,0.0,0
M009,475,2026-06-20 19:00:00,0.0,0
M009,476,2026-06-20 20:00:00,0.0,0
M009,477,2026-06-20 21:00:00,0.0,0
M009,478,2026-06-20 22:00:00,0.0,0
M009,479,2026-06-20 23:00:00,0.0,0
M009,480,2026-06-21 00:00:00,0.0,0
M009,481,2026-06-21 01:00:00,0.0,0
M009,482,2026-06-21 02:00:00,0.0,0
M009,483,2026-06-21 03:00:00,0.002632661221225795,0
M009,484,2026-06-21 04:00:00,0.0,0
M009,485,2026-06-21 05:00:00,0.0,0
M009,486,2026-06-21 06:00:00,0.0,0
M009,487,2026-06-21 07:00:00,0.0,0
M009,488,2026-06-21 08:00:00,0.0,0
M009,489,2026-06-21 09:00:00,0.0,0
M009,490,2026-06-21 10:00:00,0.0,0
M009,491,2026-06-21 11:00:00,0.0,0
M009,492,2026-06-21 12:00:00,0.0,0
M009,493,2026-06-21 13:00:00,0.0,0
M009,494,2026-06-21 14:00:00,0.0,0
M009,495,2026-06-21 15:00:00,0.0,0
M009,496,2026-06-21 16:00:00,0.002632661221225795,0
M009,497,2026-06-21 17:00:00,0.0,0
M009,498,2026-06-21 18:00:00,0.0,0
M009,499,2026-06-21 19:00:00,0.0,0
M009,500,2026-06-21 20:00:00,0.0,0
M009,501,2026-06-21 21:00:00,0.0,0
M009,502,2026-06-21 22:00:00,0.0,0
M009,503,2026-06-21 23:00:00,0.0030205061082024423,0
M009,504,2026-06-22 00:00:00,0.0,0
M009,505,2026-06-22 01:00:00,0.0,0
M009,506,2026-06-22 02:00:00,0.0,0
M009,507,2026-06-22 03:00:00,0.007242624346512291,0
M009,508,2026-06-22 04:00:00,0.007242624346512291,0
M009,509,2026-06-22 05:00:00,0.0,0
M009,510,2026-06-22 06:00:00,0.007242624346512291,0
M009,511,2026-06-22 07:00:00,0.0,0
M009,512,2026-06-22 08:00:00,0.0,0
M009,513,2026-06-22 09:00:00,0.0049476810105864985,0
M009,514,2026-06-22 10:00:00,0.0023150197893607033,0
M009,515,2026-06-22 11:00:00,0.0023150197893607033,0
M009,516,2026-06-22 12:00:00,0.0049476810105864985,0
M009,517,2026-06-22 13:00:00,0.0023150197893607033,0
M009,518,2026-06-22 14:00:00,0.0023150197893607033,0
M009,519,2026-06-22 15:00:00,0.0,0
M009,520,2026-06-22 16:00:00,0.0,0
M009,521,2026-06-22 17:00:00,0.0,0
M009,522,2026-06-22 18:00:00,0.0,0
M009,523,2026-06-22 19:00:00,0.0,0
M009,524,2026-06-22 20:00:00,0.0049476810105864985,0
M009,525,2026-06-22 21:00:00,0.0023150197893607033,0
M009,526,2026-06-22 22:00:00,0.0023150197893607033,0
M009,527,2026-06-22 23:00:00,0.0049476810105864985,0
M009,528,2026-06-23 00:00:00,0.0023150197893607033,0
M009,529,2026-06-23 01:00:00,0.0023150197893607033,0
M009,530,2026-06-23 02:00:00,0.0,0
M009,531,2026-06-23 03:00:00,0.0,0
M009,532,2026-06-23 04:00:00,0.002632661221225795,0
M009,533,2026-06-23 05:00:00,0.0,0
M009,534,2026-06-23 06:00:00,0.0,0
M009,535,2026-06-23 07:00:00,0.0,0
M009,536,2026-06-23 08:00:00,0.0,0
M009,537,2026-06-23 09:00:00,0.007584306313192243,0
M009,538,2026-06-23 10:00:00,0.0049476810105864985,0
M009,539,2026-06-23 11:00:00,0.0049476810105864985,0
M009,540,2026-06-23 12:00:00,0.0049476810105864985,0
M009,541,2026-06-23 13:00:00,0.0023150197893607033,0
M009,542,2026-06-23 14:00:00,0.0023150197893607033,0
M009,543,2026-06-23 15:00:00,0.0023150197893607033,0
M009,544,2026-06-23 16:00:00,0.0023150197893607033,0
M009,545,2026-06-23 17:00:00,0.0023150197893607033,0
M009,546,2026-06-23 18:00:00,0.0,0
M009,547,2026-06-23 19:00:00,0.0049476810105864985,0
M009,548,2026-06-23 20:00:00,0.0049476810105864985,0
M009,549,2026-06-23 21:00:00,0.0049476810105864985,0
M009,550,2026-06-23 22:00:00,0.0023150197893607033,0
M009,551,2026-06-23 23:00:00,0.0023150197893607033,0
M009,552,2026-06-24 00:00:00,0.0049476810105864985,0
M009,553,2026-06-24 01:00:00,0.0049476810105864985,0
M009,554,2026-06-24 02:00:00,0.0023150197893607033,0
M009,555,2026-06-24 03:00:00,0.0023150197893607033,0
M009,556,2026-06-24 04:00:00,0.0049476810105864985,0
M009,557,2026-06-24 05:00:00,0.0023150197893607033,0
M009,558,2026-06-24 06:00:00,0.0049476810105864985,0
M009,559,2026-06-24 07:00:00,0.0049476810105864985,0
M009,560,2026-06-24 08:00:00,0.0023150197893607033,0
M009,561,2026-06-24 09:00:00,0.0023150197893607033,0
M009,562,2026-06-24 10:00:00,0.0023150197893607033,0
M009,563,2026-06-24 11:00:00,0.0023150197893607033,0
M009,564,2026-06-24 12:00:00,0.0023150197893607033,0
M009,565,2026-06-24 13:00:00,0.0049476810105864985,0
M009,566,2026-06-24 14:00:00,0.0049476810105864985,0
M009,567,2026-06-24 15:00:00,0.0023150197893607033,0
M009,568,2026-06-24 16:00:00,0.0023150197893607033,0
M009,569,2026-06-24 17:00:00,0.0049476810105864985,0
M009,570,2026-06-24 18:00:00,0.0049476810105864985,0
M009,571,2026-06-24 19:00:00,0.0049476810105864985,0
M009,572,2026-06-24 20:00:00,0.0049476810105864985,0
M009,573,2026-06-24 21:00:00,0.0023150197893607033,0
M009,574,2026-06-24 22:00:00,0.0049476810105864985,0
M009,575,2026-06-24 23:00:00,0.0049476810105864985,0
M009,576,2026-06-25 00:00:00,0.0023150197893607033,0
M009,577,2026-06-25 01:00:00,0.0049476810105864985,0
M009,578,2026-06-25 02:00:00,0.0023150197893607033,0
M009,579,2026-06-25 03:00:00,0.0023150197893607033,0
M009,580,2026-06-25 04:00:00,0.0023150197893607033,0
M009,581,2026-06-25 05:00:00,0.0049476810105864985,0
M009,582,2026-06-25 06:00:00,0.0049476810105864985,0
M009,583,2026-06-25 07:00:00,0.0,0
M009,584,2026-06-25 08:00:00,0.0,0
M009,585,2026-06-25 09:00:00,0.0049476810105864985,0
M009,586,2026-06-25 10:00:00,0.0023150197893607033,0
M009,587,2026-06-25 11:00:00,0.0049476810105864985,0
M009,588,2026-06-25 12:00:00,0.0049476810105864985,0
M009,589,2026-06-25 13:00:00,0.0023150197893607033,0
M009,590,2026-06-25 14:00:00,0.0023150197893607033,0
M009,591,2026-06-25 15:00:00,0.0,0
M009,592,2026-06-25 16:00:00,0.0049476810105864985,0
M009,593,2026-06-25 17:00:00,0.0023150197893607033,0
M009,594,2026-06-25 18:00:00,0.0049476810105864985,0
M009,595,2026-06-25 19:00:00,0.0023150197893607033,0
M009,596,2026-06-25 20:00:00,0.0023150197893607033,0
M009,597,2026-06-25 21:00:00,0.005325561695616148,0
M009,598,2026-06-25 22:00:00,0.0023150197893607033,0
M009,599,2026-06-25 23:00:00,0.0023150197893607033,0
M009,600,2026-06-26 00:00:00,0.0,0
M009,601,2026-06-26 01:00:00,0.0,0
M009,602,2026-06-26 02:00:00,0.0032896200212916542,0
M009,603,2026-06-26 03:00:00,0.0032896200212916542,0
M009,604,2026-06-26 04:00:00,0.011905419144742316,0
M009,605,2026-06-26 05:00:00,0.01832257341918373,0
M009,606,2026-06-26 06:00:00,0.015862490618312054,0
M009,607,2026-06-26 07:00:00,0.013229829397086258,0
M009,608,2026-06-26 08:00:00,0.0033139576662967194,0
M009,609,2026-06-26 09:00:00,0.008261638676883216,0
M009,610,2026-06-26 10:00:00,0.0023150197893607033,0
M009,611,2026-06-26 11:00:00,0.0023150197893607033,0
M009,612,2026-06-26 12:00:00,0.008261638676883216,0
M009,613,2026-06-26 13:00:00,0.0023150197893607033,0
M009,614,2026-06-26 14:00:00,0.008261638676883216,0
M009,615,2026-06-26 15:00:00,0.005628977455657423,0
M009,616,2026-06-26 16:00:00,0.005628977455657423,0
M009,617,2026-06-26 17:00:00,0.005628977455657423,0
M009,618,2026-06-26 18:00:00,0.005628977455657423,0
M009,619,2026-06-26 19:00:00,0.005628977455657423,0
M009,620,2026-06-26 20:00:00,0.0,0
M009,621,2026-06-26 21:00:00,0.0,0
M009,622,2026-06-26 22:00:00,0.0,0
M009,623,2026-06-26 23:00:00,0.0059466188875225146,0
M009,624,2026-06-27 00:00:00,0.0033139576662967194,0
M009,625,2026-06-27 01:00:00,0.0,0
M009,626,2026-06-27 02:00:00,0.0,0
M009,627,2026-06-27 03:00:00,0.0,0
M009,628,2026-06-27 04:00:00,0.0,0
M009,629,2026-06-27 05:00:00,0.0,0
M009,630,2026-06-27 06:00:00,0.0,0
M009,631,2026-06-27 07:00:00,0.0049476810105864985,0
M009,632,2026-06-27 08:00:00,0.0023150197893607033,0
M009,633,2026-06-27 09:00:00,0.0023150197893607033,0
M009,634,2026-06-27 10:00:00,0.0023150197893607033,0
M009,635,2026-06-27 11:00:00,0.0023150197893607033,0
M009,636,2026-06-27 12:00:00,0.0023150197893607033,0
M009,637,2026-06-27 13:00:00,0.0,0
M009,638,2026-06-27 14:00:00,0.0,0
M009,639,2026-06-27 15:00:00,0.0,0
M009,640,2026-06-27 16:00:00,0.0,0
M009,641,2026-06-27 17:00:00,0.0,0
M009,642,2026-06-27 18:00:00,0.0,0
M009,643,2026-06-27 19:00:00,0.0,0
M009,644,2026-06-27 20:00:00,0.0,0
M009,645,2026-06-27 21:00:00,0.0,0
M009,646,2026-06-27 22:00:00,0.0,0
M009,647,2026-06-27 23:00:00,0.0,0
M009,648,2026-06-28 00:00:00,0.0049476810105864985,0
M009,649,2026-06-28 01:00:00,0.0023150197893607033,0
M009,650,2026-06-28 02:00:00,0.0023150197893607033,0
M009,651,2026-06-28 03:00:00,0.0023150197893607033,0
M009,652,2026-06-28 04:00:00,0.0023150197893607033,0
M009,653,2026-06-28 05:00:00,0.0023150197893607033,0
M009,654,2026-06-28 06:00:00,0.002632661221225795,0
M009,655,2026-06-28 07:00:00,0.002632661221225795,0
M009,656,2026-06-28 08:00:00,0.0,0
M009,657,2026-06-28 09:00:00,0.0,0
M009,658,2026-06-28 10:00:00,0.0,0
M009,659,2026-06-28 11:00:00,0.0,0
M009,660,2026-06-28 12:00:00,0.0,0
M009,661,2026-06-28 13:00:00,0.0049476810105864985,0
M009,662,2026-06-28 14:00:00,0.0023150197893607033,0
M009,663,2026-06-28 15:00:00,0.0023150197893607033,0
M009,664,2026-06-28 16:00:00,0.0023150197893607033,0
M009,665,2026-06-28 17:00:00,0.0023150197893607033,0
M009,666,2026-06-28 18:00:00,0.0023150197893607033,0
M009,667,2026-06-28 19:00:00,0.0,0
M009,668,2026-06-28 20:00:00,0.0049476810105864985,0
M009,669,2026-06-28 21:00:00,0.0049476810105864985,0
M009,670,2026-06-28 22:00:00,0.0023150197893607033,0
M009,671,2026-06-28 23:00:00,0.0023150197893607033,0
M009,672,2026-06-29 00:00:00,0.0049476810105864985,0
M009,673,2026-06-29 01:00:00,0.0023150197893607033,0
M009,674,2026-06-29 02:00:00,0.0023150197893607033,0
M009,675,2026-06-29 03:00:00,0.0023150197893607033,0
M009,676,2026-06-29 04:00:00,0.0023150197893607033,0
M009,677,2026-06-29 05:00:00,0.0023150197893607033,0
M009,678,2026-06-29 06:00:00,0.0,0
M009,679,2026-06-29 07:00:00,0.002632661221225795,0
M009,680,2026-06-29 08:00:00,0.0,0
M009,681,2026-06-29 09:00:00,0.0,0
M009,682,2026-06-29 10:00:00,0.002632661221225795,0
M009,683,2026-06-29 11:00:00,0.0,0
M009,684,2026-06-29 12:00:00,0.0,0
M009,685,2026-06-29 13:00:00,0.0,0
M009,686,2026-06-29 14:00:00,0.0,0
M009,687,2026-06-29 15:00:00,0.0,0
M009,688,2026-06-29 16:00:00,0.0,0
M009,689,2026-06-29 17:00:00,0.0049476810105864985,0
M009,690,2026-06-29 18:00:00,0.0023150197893607033,0
M009,691,2026-06-29 19:00:00,0.0049476810105864985,0
M009,692,2026-06-29 20:00:00,0.0023150197893607033,0
M009,693,2026-06-29 21:00:00,0.0023150197893607033,0
M009,694,2026-06-29 22:00:00,0.0023150197893607033,0
M009,695,2026-06-29 23:00:00,0.0023150197893607033,0
M009,696,2026-06-30 00:00:00,0.0023150197893607033,0
M009,697,2026-06-30 01:00:00,0.0,0
M009,698,2026-06-30 02:00:00,0.0,0
M009,699,2026-06-30 03:00:00,0.0,0
M009,700,2026-06-30 04:00:00,0.0,0
M009,701,2026-06-30 05:00:00,0.0,0
M009,702,2026-06-30 06:00:00,0.002632661221225795,0
M009,703,2026-06-30 07:00:00,0.0,0
M009,704,2026-06-30 08:00:00,0.0,0
M009,705,2026-06-30 09:00:00,0.002632661221225795,0
M009,706,2026-06-30 10:00:00,0.0,0
M009,707,2026-06-30 11:00:00,0.0,0
M009,708,2026-06-30 12:00:00,0.0,0
M009,709,2026-06-30 13:00:00,0.0049476810105864985,0
M009,710,2026-06-30 14:00:00,0.0023150197893607033,0
M009,711,2026-06-30 15:00:00,0.0023150197893607033,0
M009,712,2026-06-30 16:00:00,0.0023150197893607033,0
M009,713,2026-06-30 17:00:00,0.0049476810105864985,0
M009,714,2026-06-30 18:00:00,0.0023150197893607033,0
M009,715,2026-06-30 19:00:00,0.0023150197893607033,0
M009,716,2026-06-30 20:00:00,0.0023150197893607033,0
M009,717,2026-06-30 21:00:00,0.0023150197893607033,0
M009,718,2026-06-30 22:00:00,0.0023150197893607033,0
M009,719,2026-06-30 23:00:00,0.0,0
M010,23,2026-06-01 23:00:00,0.0,0
M010,24,2026-06-02 00:00:00,0.0,0
M010,25,2026-06-02 01:00:00,0.0,0
M010,26,2026-06-02 02:00:00,0.0,0
M010,27,2026-06-02 03:00:00,0.0,0
M010,28,2026-06-02 04:00:00,0.0,0
M010,29,2026-06-02 05:00:00,0.0,0
M010,30,2026-06-02 06:00:00,0.0,0
M010,31,2026-06-02 07:00:00,0.0,0
M010,32,2026-06-02 08:00:00,0.0,0
M010,33,2026-06-02 09:00:00,0.0,0
M010,34,2026-06-02 10:00:00,0.0,0
M010,35,2026-06-02 11:00:00,0.0,0
M010,36,2026-06-02 12:00:00,0.0030621114449724453,0
M010,37,2026-06-02 13:00:00,0.0,0
M010,38,2026-06-02 14:00:00,0.0,0
M010,39,2026-06-02 15:00:00,0.0,0
M010,40,2026-06-02 16:00:00,0.0,0
M010,41,2026-06-02 17:00:00,0.0,0
M010,42,2026-06-02 18:00:00,0.0,0
M010,43,2026-06-02 19:00:00,0.0,0
M010,44,2026-06-02 20:00:00,0.0,0
M010,45,2026-06-02 21:00:00,0.0,0
M010,46,2026-06-02 22:00:00,0.0,0
M010,47,2026-06-02 23:00:00,0.0,0
M010,48,2026-06-03 00:00:00,0.0,0
M010,49,2026-06-03 01:00:00,0.0,0
M010,50,2026-06-03 02:00:00,0.0,0
M010,51,2026-06-03 03:00:00,0.0,0
M010,52,2026-06-03 04:00:00,0.0,0
M010,53,2026-06-03 05:00:00,0.0,0
M010,54,2026-06-03 06:00:00,0.0,0
M010,55,2026-06-03 07:00:00,0.0,0
M010,56,2026-06-03 08:00:00,0.0,0
M010,57,2026-06-03 09:00:00,0.0,0
M010,58,2026-06-03 10:00:00,0.0,0
M010,59,2026-06-03 11:00:00,0.0,0
M010,60,2026-06-03 12:00:00,0.0,0
M010,61,2026-06-03 13:00:00,0.0,0
M010,62,2026-06-03 14:00:00,0.0,0
M010,63,2026-06-03 15:00:00,0.0,0
M010,64,2026-06-03 16:00:00,0.0,0
M010,65,2026-06-03 17:00:00,0.0,0
M010,66,2026-06-03 18:00:00,0.0,0
M010,67,2026-06-03 19:00:00,0.0,0
M010,68,2026-06-03 20:00:00,0.0,0
M010,69,2026-06-03 21:00:00,0.0,0
M010,70,2026-06-03 22:00:00,0.0,0
M010,71,2026-06-03 23:00:00,0.0,0
M010,72,2026-06-04 00:00:00,0.0,0
M010,73,2026-06-04 01:00:00,0.0,0
M010,74,2026-06-04 02:00:00,0.0,0
M010,75,2026-06-04 03:00:00,0.0,0
M010,76,2026-06-04 04:00:00,0.0,0
M010,77,2026-06-04 05:00:00,0.0,0
M010,78,2026-06-04 06:00:00,0.0,0
M010,79,2026-06-04 07:00:00,0.0,0
M010,80,2026-06-04 08:00:00,0.0,0
M010,81,2026-06-04 09:00:00,0.0,0
M010,82,2026-06-04 10:00:00,0.0,0
M010,83,2026-06-04 11:00:00,0.0,0
M010,84,2026-06-04 12:00:00,0.0,0
M010,85,2026-06-04 13:00:00,0.0,0
M010,86,2026-06-04 14:00:00,0.0,0
M010,87,2026-06-04 15:00:00,0.0,0
M010,88,2026-06-04 16:00:00,0.0,0
M010,89,2026-06-04 17:00:00,0.0,0
M010,90,2026-06-04 18:00:00,0.0,0
M010,91,2026-06-04 19:00:00,0.0,0
M010,92,2026-06-04 20:00:00,0.0,0
M010,93,2026-06-04 21:00:00,0.012252409722858308,0
M010,94,2026-06-04 22:00:00,0.012252409722858308,0
M010,95,2026-06-04 23:00:00,0.012252409722858308,0
M010,96,2026-06-05 00:00:00,0.012252409722858308,0
M010,97,2026-06-05 01:00:00,0.012252409722858308,0
M010,98,2026-06-05 02:00:00,0.009308578975566735,0
M010,99,2026-06-05 03:00:00,0.0,0
M010,100,2026-06-05 04:00:00,0.0,0
M010,101,2026-06-05 05:00:00,0.002534344433454225,0
M010,102,2026-06-05 06:00:00,0.002534344433454225,0
M010,103,2026-06-05 07:00:00,0.0,0
M010,104,2026-06-05 08:00:00,0.0,0
M010,105,2026-06-05 09:00:00,0.0,0
M010,106,2026-06-05 10:00:00,0.0,0
M010,107,2026-06-05 11:00:00,0.0,0
M010,108,2026-06-05 12:00:00,0.0,0
M010,109,2026-06-05 13:00:00,0.0,0
M010,110,2026-06-05 14:00:00,0.0,0
M010,111,2026-06-05 15:00:00,0.0,0
M010,112,2026-06-05 16:00:00,0.0,0
M010,113,2026-06-05 17:00:00,0.0,0
M010,114,2026-06-05 18:00:00,0.0,0
M010,115,2026-06-05 19:00:00,0.0,0
M010,116,2026-06-05 20:00:00,0.0,0
M010,117,2026-06-05 21:00:00,0.0,0
M010,118,2026-06-05 22:00:00,0.0,0
M010,119,2026-06-05 23:00:00,0.0,0
M010,120,2026-06-06 00:00:00,0.0,0
M010,121,2026-06-06 01:00:00,0.0,0
M010,122,2026-06-06 02:00:00,0.0,0
M010,123,2026-06-06 03:00:00,0.0,0
M010,124,2026-06-06 04:00:00,0.0,0
M010,125,2026-06-06 05:00:00,0.0,0
M010,126,2026-06-06 06:00:00,0.0,0
M010,127,2026-06-06 07:00:00,0.0,0
M010,128,2026-06-06 08:00:00,0.0,0
M010,129,2026-06-06 09:00:00,0.0,0
M010,130,2026-06-06 10:00:00,0.0,0
M010,131,2026-06-06 11:00:00,0.0,0
M010,132,2026-06-06 12:00:00,0.0,0
M010,133,2026-06-06 13:00:00,0.0,0
M010,134,2026-06-06 14:00:00,0.0,0
M010,135,2026-06-06 15:00:00,0.0,0
M010,136,2026-06-06 16:00:00,0.0,0
M010,137,2026-06-06 17:00:00,0.0,0
M010,138,2026-06-06 18:00:00,0.0,0
M010,139,2026-06-06 19:00:00,0.0,0
M010,140,2026-06-06 20:00:00,0.0,0
M010,141,2026-06-06 21:00:00,0.0,0
M010,142,2026-06-06 22:00:00,0.0,0
M010,143,2026-06-06 23:00:00,0.0,0
M010,144,2026-06-07 00:00:00,0.0,0
M010,145,2026-06-07 01:00:00,0.0,0
M010,146,2026-06-07 02:00:00,0.0,0
M010,147,2026-06-07 03:00:00,0.0,0
M010,148,2026-06-07 04:00:00,0.0,0
M010,149,2026-06-07 05:00:00,0.0,0
M010,150,2026-06-07 06:00:00,0.0,0
M010,151,2026-06-07 07:00:00,0.0,0
M010,152,2026-06-07 08:00:00,0.0,0
M010,153,2026-06-07 09:00:00,0.0,0
M010,154,2026-06-07 10:00:00,0.0,0
M010,155,2026-06-07 11:00:00,0.0,0
M010,156,2026-06-07 12:00:00,0.0,0
M010,157,2026-06-07 13:00:00,0.0,0
M010,158,2026-06-07 14:00:00,0.006088445532923162,0
M010,159,2026-06-07 15:00:00,0.006088445532923162,0
M010,160,2026-06-07 16:00:00,0.006088445532923162,0
M010,161,2026-06-07 17:00:00,0.0,0
M010,162,2026-06-07 18:00:00,0.0,0
M010,163,2026-06-07 19:00:00,0.0,0
M010,164,2026-06-07 20:00:00,0.0,0
M010,165,2026-06-07 21:00:00,0.0,0
M010,166,2026-06-07 22:00:00,0.0,0
M010,167,2026-06-07 23:00:00,0.0,0
M010,168,2026-06-08 00:00:00,0.0,0
M010,169,2026-06-08 01:00:00,0.0,0
M010,170,2026-06-08 02:00:00,0.0,0
M010,171,2026-06-08 03:00:00,0.0,0
M010,172,2026-06-08 04:00:00,0.0,0
M010,173,2026-06-08 05:00:00,0.0,0
M010,174,2026-06-08 06:00:00,0.0,0
M010,175,2026-06-08 07:00:00,0.0,0
M010,176,2026-06-08 08:00:00,0.0,0
M010,177,2026-06-08 09:00:00,0.0,0
M010,178,2026-06-08 10:00:00,0.0,0
M010,179,2026-06-08 11:00:00,0.0,0
M010,180,2026-06-08 12:00:00,0.0,0
M010,181,2026-06-08 13:00:00,0.0,0
M010,182,2026-06-08 14:00:00,0.0,0
M010,183,2026-06-08 15:00:00,0.0,0
M010,184,2026-06-08 16:00:00,0.0,0
M010,185,2026-06-08 17:00:00,0.0,0
M010,186,2026-06-08 18:00:00,0.0,0
M010,187,2026-06-08 19:00:00,0.0,0
M010,188,2026-06-08 20:00:00,0.0,0
M010,189,2026-06-08 21:00:00,0.0,0
M010,190,2026-06-08 22:00:00,0.0,0
M010,191,2026-06-08 23:00:00,0.0,0
M010,192,2026-06-09 00:00:00,0.0,0
M010,193,2026-06-09 01:00:00,0.0,0
M010,194,2026-06-09 02:00:00,0.0,0
M010,195,2026-06-09 03:00:00,0.0,0
M010,196,2026-06-09 04:00:00,0.0,0
M010,197,2026-06-09 05:00:00,0.0,0
M010,198,2026-06-09 06:00:00,0.0,0
M010,199,2026-06-09 07:00:00,0.0,0
M010,200,2026-06-09 08:00:00,0.0,0
M010,201,2026-06-09 09:00:00,0.0,0
M010,202,2026-06-09 10:00:00,0.0,0
M010,203,2026-06-09 11:00:00,0.0,0
M010,204,2026-06-09 12:00:00,0.0,0
M010,205,2026-06-09 13:00:00,0.0,0
M010,206,2026-06-09 14:00:00,0.0,0
M010,207,2026-06-09 15:00:00,0.0,0
M010,208,2026-06-09 16:00:00,0.0,0
M010,209,2026-06-09 17:00:00,0.0,0
M010,210,2026-06-09 18:00:00,0.0,0
M010,211,2026-06-09 19:00:00,0.0,0
M010,212,2026-06-09 20:00:00,0.0,0
M010,213,2026-06-09 21:00:00,0.0,0
M010,214,2026-06-09 22:00:00,0.0,0
M010,215,2026-06-09 23:00:00,0.0,0
M010,216,2026-06-10 00:00:00,0.0,0
M010,217,2026-06-10 01:00:00,0.0,0
M010,218,2026-06-10 02:00:00,0.0,0
M010,219,2026-06-10 03:00:00,0.0,0
M010,220,2026-06-10 04:00:00,0.0,0
M010,221,2026-06-10 05:00:00,0.0,0
M010,222,2026-06-10 06:00:00,0.0,0
M010,223,2026-06-10 07:00:00,0.0,0
M010,224,2026-06-10 08:00:00,0.0,0
M010,225,2026-06-10 09:00:00,0.0,0
M010,226,2026-06-10 10:00:00,0.0,0
M010,227,2026-06-10 11:00:00,0.0,0
M010,228,2026-06-10 12:00:00,0.0,0
M010,229,2026-06-10 13:00:00,0.0,0
M010,230,2026-06-10 14:00:00,0.0,0
M010,231,2026-06-10 15:00:00,0.0,0
M010,232,2026-06-10 16:00:00,0.0,0
M010,233,2026-06-10 17:00:00,0.0,0
M010,234,2026-06-10 18:00:00,0.0,0
M010,235,2026-06-10 19:00:00,0.0,0
M010,236,2026-06-10 20:00:00,0.0,0
M010,237,2026-06-10 21:00:00,0.0,0
M010,238,2026-06-10 22:00:00,0.0,0
M010,239,2026-06-10 23:00:00,0.0,0
M010,240,2026-06-11 00:00:00,0.0,0
M010,241,2026-06-11 01:00:00,0.0,0
M010,242,2026-06-11 02:00:00,0.0,0
M010,243,2026-06-11 03:00:00,0.0,0
M010,244,2026-06-11 04:00:00,0.0,0
M010,245,2026-06-11 05:00:00,0.0,0
M010,246,2026-06-11 06:00:00,0.0,0
M010,247,2026-06-11 07:00:00,0.0,0
M010,248,2026-06-11 08:00:00,0.0,0
M010,249,2026-06-11 09:00:00,0.0,0
M010,250,2026-06-11 10:00:00,0.0,0
M010,251,2026-06-11 11:00:00,0.0,0
M010,252,2026-06-11 12:00:00,0.0,0
M010,253,2026-06-11 13:00:00,0.0,0
M010,254,2026-06-11 14:00:00,0.0,0
M010,255,2026-06-11 15:00:00,0.0,0
M010,256,2026-06-11 16:00:00,0.0,0
M010,257,2026-06-11 17:00:00,0.0,0
M010,258,2026-06-11 18:00:00,0.0,0
M010,259,2026-06-11 19:00:00,0.0,0
M010,260,2026-06-11 20:00:00,0.0,0
M010,261,2026-06-11 21:00:00,0.0,0
M010,262,2026-06-11 22:00:00,0.0,0
M010,263,2026-06-11 23:00:00,0.0,0
M010,264,2026-06-12 00:00:00,0.0,0
M010,265,2026-06-12 01:00:00,0.0,0
M010,266,2026-06-12 02:00:00,0.0,0
M010,267,2026-06-12 03:00:00,0.0,0
M010,268,2026-06-12 04:00:00,0.0,0
M010,269,2026-06-12 05:00:00,0.0,0
M010,270,2026-06-12 06:00:00,0.0,0
M010,271,2026-06-12 07:00:00,0.0,0
M010,272,2026-06-12 08:00:00,0.0,0
M010,273,2026-06-12 09:00:00,0.0,0
M010,274,2026-06-12 10:00:00,0.0,0
M010,275,2026-06-12 11:00:00,0.0,0
M010,276,2026-06-12 12:00:00,0.0,0
M010,277,2026-06-12 13:00:00,0.0,0
M010,278,2026-06-12 14:00:00,0.0,0
M010,279,2026-06-12 15:00:00,0.0,0
M010,280,2026-06-12 16:00:00,0.0,0
M010,281,2026-06-12 17:00:00,0.0,0
M010,282,2026-06-12 18:00:00,0.0,0
M010,283,2026-06-12 19:00:00,0.0,0
M010,284,2026-06-12 20:00:00,0.0,0
M010,285,2026-06-12 21:00:00,0.0,0
M010,286,2026-06-12 22:00:00,0.0,0
M010,287,2026-06-12 23:00:00,0.0,0
M010,288,2026-06-13 00:00:00,0.0,0
M010,289,2026-06-13 01:00:00,0.0,0
M010,290,2026-06-13 02:00:00,0.0,0
M010,291,2026-06-13 03:00:00,0.0,0
M010,292,2026-06-13 04:00:00,0.0,0
M010,293,2026-06-13 05:00:00,0.0,0
M010,294,2026-06-13 06:00:00,0.0,0
M010,295,2026-06-13 07:00:00,0.0,0
M010,296,2026-06-13 08:00:00,0.0,0
M010,297,2026-06-13 09:00:00,0.0,0
M010,298,2026-06-13 10:00:00,0.0,0
M010,299,2026-06-13 11:00:00,0.0,0
M010,300,2026-06-13 12:00:00,0.0,0
M010,301,2026-06-13 13:00:00,0.0,0
M010,302,2026-06-13 14:00:00,0.0,0
M010,303,2026-06-13 15:00:00,0.0,0
M010,304,2026-06-13 16:00:00,0.0,0
M010,305,2026-06-13 17:00:00,0.0,0
M010,306,2026-06-13 18:00:00,0.0,0
M010,307,2026-06-13 19:00:00,0.0,0
M010,308,2026-06-13 20:00:00,0.0,0
M010,309,2026-06-13 21:00:00,0.0,0
M010,310,2026-06-13 22:00:00,0.006666666666666667,0
M010,311,2026-06-13 23:00:00,0.0,0
M010,312,2026-06-14 00:00:00,0.0,0
M010,313,2026-06-14 01:00:00,0.0,0
M010,314,2026-06-14 02:00:00,0.0,0
M010,315,2026-06-14 03:00:00,0.0,0
M010,316,2026-06-14 04:00:00,0.0,0
M010,317,2026-06-14 05:00:00,0.0,0
M010,318,2026-06-14 06:00:00,0.0,0
M010,319,2026-06-14 07:00:00,0.0,0
M010,320,2026-06-14 08:00:00,0.0,0
M010,321,2026-06-14 09:00:00,0.0,0
M010,322,2026-06-14 10:00:00,0.0,0
M010,323,2026-06-14 11:00:00,0.0,0
M010,324,2026-06-14 12:00:00,0.0,0
M010,325,2026-06-14 13:00:00,0.0,0
M010,326,2026-06-14 14:00:00,0.0,0
M010,327,2026-06-14 15:00:00,0.0,0
M010,328,2026-06-14 16:00:00,0.0,0
M010,329,2026-06-14 17:00:00,0.0,0
M010,330,2026-06-14 18:00:00,0.0,0
M010,331,2026-06-14 19:00:00,0.006498611089404625,0
M010,332,2026-06-14 20:00:00,0.003231885885633416,0
M010,333,2026-06-14 21:00:00,0.003231885885633416,0
M010,334,2026-06-14 22:00:00,0.003231885885633416,0
M010,335,2026-06-14 23:00:00,0.003231885885633416,0
M010,336,2026-06-15 00:00:00,0.006565219218966749,0
M010,337,2026-06-15 01:00:00,0.0,0
M010,338,2026-06-15 02:00:00,0.0,0
M010,339,2026-06-15 03:00:00,0.006600058537104542,0
M010,340,2026-06-15 04:00:00,0.0,0
M010,341,2026-06-15 05:00:00,0.0,0
M010,342,2026-06-15 06:00:00,0.0,0
M010,343,2026-06-15 07:00:00,0.0,0
M010,344,2026-06-15 08:00:00,0.0,0
M010,345,2026-06-15 09:00:00,0.0,0
M010,346,2026-06-15 10:00:00,0.0,0
M010,347,2026-06-15 11:00:00,0.0,0
M010,348,2026-06-15 12:00:00,0.0,0
M010,349,2026-06-15 13:00:00,0.0,0
M010,350,2026-06-15 14:00:00,0.0,0
M010,351,2026-06-15 15:00:00,0.0,0
M010,352,2026-06-15 16:00:00,0.0,0
M010,353,2026-06-15 17:00:00,0.0,0
M010,354,2026-06-15 18:00:00,0.0,0
M010,355,2026-06-15 19:00:00,0.0,0
M010,356,2026-06-15 20:00:00,0.0,0
M010,357,2026-06-15 21:00:00,0.0,0
M010,358,2026-06-15 22:00:00,0.0,0
M010,359,2026-06-15 23:00:00,0.0,0
M010,360,2026-06-16 00:00:00,0.0,0
M010,361,2026-06-16 01:00:00,0.0,0
M010,362,2026-06-16 02:00:00,0.0,0
M010,363,2026-06-16 03:00:00,0.0,0
M010,364,2026-06-16 04:00:00,0.0,0
M010,365,2026-06-16 05:00:00,0.0,0
M010,366,2026-06-16 06:00:00,0.0,0
M010,367,2026-06-16 07:00:00,0.0,0
M010,368,2026-06-16 08:00:00,0.0,0
M010,369,2026-06-16 09:00:00,0.0,0
M010,370,2026-06-16 10:00:00,0.0,0
M010,371,2026-06-16 11:00:00,0.0,0
M010,372,2026-06-16 12:00:00,0.0,0
M010,373,2026-06-16 13:00:00,0.0,0
M010,374,2026-06-16 14:00:00,0.0,0
M010,375,2026-06-16 15:00:00,0.0,0
M010,376,2026-06-16 16:00:00,0.0,0
M010,377,2026-06-16 17:00:00,0.0,0
M010,378,2026-06-16 18:00:00,0.0,0
M010,379,2026-06-16 19:00:00,0.0,0
M010,380,2026-06-16 20:00:00,0.0,0
M010,381,2026-06-16 21:00:00,0.0,0
M010,382,2026-06-16 22:00:00,0.0,0
M010,383,2026-06-16 23:00:00,0.0,0
M010,384,2026-06-17 00:00:00,0.0,0
M010,385,2026-06-17 01:00:00,0.0,0
M010,386,2026-06-17 02:00:00,0.0,0
M010,387,2026-06-17 03:00:00,0.0,0
M010,388,2026-06-17 04:00:00,0.0,0
M010,389,2026-06-17 05:00:00,0.0,0
M010,390,2026-06-17 06:00:00,0.0,0
M010,391,2026-06-17 07:00:00,0.0,0
M010,392,2026-06-17 08:00:00,0.0,0
M010,393,2026-06-17 09:00:00,0.0,0
M010,394,2026-06-17 10:00:00,0.0,0
M010,395,2026-06-17 11:00:00,0.0,0
M010,396,2026-06-17 12:00:00,0.0,0
M010,397,2026-06-17 13:00:00,0.0,0
M010,398,2026-06-17 14:00:00,0.0,0
M010,399,2026-06-17 15:00:00,0.0,0
M010,400,2026-06-17 16:00:00,0.0,0
M010,401,2026-06-17 17:00:00,0.0,0
M010,402,2026-06-17 18:00:00,0.0,0
M010,403,2026-06-17 19:00:00,0.0,0
M010,404,2026-06-17 20:00:00,0.0,0
M010,405,2026-06-17 21:00:00,0.0,0
M010,406,2026-06-17 22:00:00,0.0,0
M010,407,2026-06-17 23:00:00,0.0,0
M010,408,2026-06-18 00:00:00,0.003291039988595053,0
M010,409,2026-06-18 01:00:00,0.003291039988595053,0
M010,410,2026-06-18 02:00:00,0.003291039988595053,0
M010,411,2026-06-18 03:00:00,0.003291039988595053,0
M010,412,2026-06-18 04:00:00,0.003291039988595053,0
M010,413,2026-06-18 05:00:00,0.003291039988595053,0
M010,414,2026-06-18 06:00:00,0.003291039988595053,0
M010,415,2026-06-18 07:00:00,0.003291039988595053,0
M010,416,2026-06-18 08:00:00,0.003291039988595053,0
M010,417,2026-06-18 09:00:00,0.003291039988595053,0
M010,418,2026-06-18 10:00:00,0.0,0
M010,419,2026-06-18 11:00:00,0.0,0
M010,420,2026-06-18 12:00:00,0.0,0
M010,421,2026-06-18 13:00:00,0.0,0
M010,422,2026-06-18 14:00:00,0.0,0
M010,423,2026-06-18 15:00:00,0.0,0
M010,424,2026-06-18 16:00:00,0.0,0
M010,425,2026-06-18 17:00:00,0.0,0
M010,426,2026-06-18 18:00:00,0.0,0
M010,427,2026-06-18 19:00:00,0.0,0
M010,428,2026-06-18 20:00:00,0.0,0
M010,429,2026-06-18 21:00:00,0.0,0
M010,430,2026-06-18 22:00:00,0.0,0
M010,431,2026-06-18 23:00:00,0.0,0
M010,432,2026-06-19 00:00:00,0.0,0
M010,433,2026-06-19 01:00:00,0.0,0
M010,434,2026-06-19 02:00:00,0.0,0
M010,435,2026-06-19 03:00:00,0.0,0
M010,436,2026-06-19 04:00:00,0.0,0
M010,437,2026-06-19 05:00:00,0.0,0
M010,438,2026-06-19 06:00:00,0.0,0
M010,439,2026-06-19 07:00:00,0.0,0
M010,440,2026-06-19 08:00:00,0.0,0
M010,441,2026-06-19 09:00:00,0.0,0
M010,442,2026-06-19 10:00:00,0.0,0
M010,443,2026-06-19 11:00:00,0.0,0
M010,444,2026-06-19 12:00:00,0.0,0
M010,445,2026-06-19 13:00:00,0.0,0
M010,446,2026-06-19 14:00:00,0.0,0
M010,447,2026-06-19 15:00:00,0.0,0
M010,448,2026-06-19 16:00:00,0.0,0
M010,449,2026-06-19 17:00:00,0.0,0
M010,450,2026-06-19 18:00:00,0.0,0
M010,451,2026-06-19 19:00:00,0.0,0
M010,452,2026-06-19 20:00:00,0.0,0
M010,453,2026-06-19 21:00:00,0.0,0
M010,454,2026-06-19 22:00:00,0.0,0
M010,455,2026-06-19 23:00:00,0.0,0
M010,456,2026-06-20 00:00:00,0.0,0
M010,457,2026-06-20 01:00:00,0.0,0
M010,458,2026-06-20 02:00:00,0.0,0
M010,459,2026-06-20 03:00:00,0.0,0
M010,460,2026-06-20 04:00:00,0.0,0
M010,461,2026-06-20 05:00:00,0.0,0
M010,462,2026-06-20 06:00:00,0.0,0
M010,463,2026-06-20 07:00:00,0.0,0
M010,464,2026-06-20 08:00:00,0.0,0
M010,465,2026-06-20 09:00:00,0.0,0
M010,466,2026-06-20 10:00:00,0.0,0
M010,467,2026-06-20 11:00:00,0.0,0
M010,468,2026-06-20 12:00:00,0.0,0
M010,469,2026-06-20 13:00:00,0.0,0
M010,470,2026-06-20 14:00:00,0.0,0
M010,471,2026-06-20 15:00:00,0.0,0
M010,472,2026-06-20 16:00:00,0.0,0
M010,473,2026-06-20 17:00:00,0.0,0
M010,474,2026-06-20 18:00:00,0.0,0
M010,475,2026-06-20 19:00:00,0.0,0
M010,476,2026-06-20 20:00:00,0.0,0
M010,477,2026-06-20 21:00:00,0.0,0
M010,478,2026-06-20 22:00:00,0.0,0
M010,479,2026-06-20 23:00:00,0.0,0
M010,480,2026-06-21 00:00:00,0.0,0
M010,481,2026-06-21 01:00:00,0.0,0
M010,482,2026-06-21 02:00:00,0.0,0
M010,483,2026-06-21 03:00:00,0.0,0
M010,484,2026-06-21 04:00:00,0.0,0
M010,485,2026-06-21 05:00:00,0.0,0
M010,486,2026-06-21 06:00:00,0.0,0
M010,487,2026-06-21 07:00:00,0.0,0
M010,488,2026-06-21 08:00:00,0.0,0
M010,489,2026-06-21 09:00:00,0.0,0
M010,490,2026-06-21 10:00:00,0.0,0
M010,491,2026-06-21 11:00:00,0.0,0
M010,492,2026-06-21 12:00:00,0.0,0
M010,493,2026-06-21 13:00:00,0.0,0
M010,494,2026-06-21 14:00:00,0.0,0
M010,495,2026-06-21 15:00:00,0.006041318513539678,0
M010,496,2026-06-21 16:00:00,0.006041318513539678,0
M010,497,2026-06-21 17:00:00,0.006041318513539678,0
M010,498,2026-06-21 18:00:00,0.006041318513539678,0
M010,499,2026-06-21 19:00:00,0.006041318513539678,0
M010,500,2026-06-21 20:00:00,0.009374651846873012,0
M010,501,2026-06-21 21:00:00,0.009374651846873012,0
M010,502,2026-06-21 22:00:00,0.012665691835468064,0
M010,503,2026-06-21 23:00:00,0.012665691835468064,0
M010,504,2026-06-22 00:00:00,0.012665691835468064,0
M010,505,2026-06-22 01:00:00,0.012665691835468064,0
M010,506,2026-06-22 02:00:00,0.012665691835468064,0
M010,507,2026-06-22 03:00:00,0.012665691835468064,0
M010,508,2026-06-22 04:00:00,0.012665691835468064,0
M010,509,2026-06-22 05:00:00,0.012665691835468064,0
M010,510,2026-06-22 06:00:00,0.015999025168801397,0
M010,511,2026-06-22 07:00:00,0.01933235850213473,0
M010,512,2026-06-22 08:00:00,0.015999025168801397,0
M010,513,2026-06-22 09:00:00,0.015999025168801397,0
M010,514,2026-06-22 10:00:00,0.015999025168801397,0
M010,515,2026-06-22 11:00:00,0.015999025168801397,0
M010,516,2026-06-22 12:00:00,0.015999025168801397,0
M010,517,2026-06-22 13:00:00,0.009957706655261718,0
M010,518,2026-06-22 14:00:00,0.009957706655261718,0
M010,519,2026-06-22 15:00:00,0.009957706655261718,0
M010,520,2026-06-22 16:00:00,0.006666666666666667,0
M010,521,2026-06-22 17:00:00,0.006666666666666667,0
M010,522,2026-06-22 18:00:00,0.009957706655261718,0
M010,523,2026-06-22 19:00:00,0.009957706655261718,0
M010,524,2026-06-22 20:00:00,0.009957706655261718,0
M010,525,2026-06-22 21:00:00,0.009957706655261718,0
M010,526,2026-06-22 22:00:00,0.009957706655261718,0
M010,527,2026-06-22 23:00:00,0.009957706655261718,0
M010,528,2026-06-23 00:00:00,0.009957706655261718,0
M010,529,2026-06-23 01:00:00,0.009957706655261718,0
M010,530,2026-06-23 02:00:00,0.009957706655261718,0
M010,531,2026-06-23 03:00:00,0.009957706655261718,0
M010,532,2026-06-23 04:00:00,0.009957706655261718,0
M010,533,2026-06-23 05:00:00,0.009957706655261718,0
M010,534,2026-06-23 06:00:00,0.006624373321928386,0
M010,535,2026-06-23 07:00:00,0.006624373321928386,0
M010,536,2026-06-23 08:00:00,0.006624373321928386,0
M010,537,2026-06-23 09:00:00,0.006624373321928386,0
M010,538,2026-06-23 10:00:00,0.003291039988595053,0
M010,539,2026-06-23 11:00:00,0.003291039988595053,0
M010,540,2026-06-23 12:00:00,0.003291039988595053,0
M010,541,2026-06-23 13:00:00,0.003291039988595053,0
M010,542,2026-06-23 14:00:00,0.003291039988595053,0
M010,543,2026-06-23 15:00:00,0.003291039988595053,0
M010,544,2026-06-23 16:00:00,0.003291039988595053,0
M010,545,2026-06-23 17:00:00,0.003291039988595053,0
M010,546,2026-06-23 18:00:00,0.003291039988595053,0
M010,547,2026-06-23 19:00:00,0.003291039988595053,0
M010,548,2026-06-23 20:00:00,0.003291039988595053,0
M010,549,2026-06-23 21:00:00,0.003291039988595053,0
M010,550,2026-06-23 22:00:00,0.003291039988595053,0
M010,551,2026-06-23 23:00:00,0.003291039988595053,0
M010,552,2026-06-24 00:00:00,0.003291039988595053,0
M010,553,2026-06-24 01:00:00,0.003291039988595053,0
M010,554,2026-06-24 02:00:00,0.003291039988595053,0
M010,555,2026-06-24 03:00:00,0.003291039988595053,0
M010,556,2026-06-24 04:00:00,0.003291039988595053,0
M010,557,2026-06-24 05:00:00,0.003291039988595053,0
M010,558,2026-06-24 06:00:00,0.003291039988595053,0
M010,559,2026-06-24 07:00:00,0.003291039988595053,0
M010,560,2026-06-24 08:00:00,0.003291039988595053,0
M010,561,2026-06-24 09:00:00,0.003291039988595053,0
M010,562,2026-06-24 10:00:00,0.003291039988595053,0
M010,563,2026-06-24 11:00:00,0.003291039988595053,0
M010,564,2026-06-24 12:00:00,0.003291039988595053,0
M010,565,2026-06-24 13:00:00,0.0,0
M010,566,2026-06-24 14:00:00,0.0,0
M010,567,2026-06-24 15:00:00,0.0,0
M010,568,2026-06-24 16:00:00,0.0,0
M010,569,2026-06-24 17:00:00,0.0,0
M010,570,2026-06-24 18:00:00,0.0,0
M010,571,2026-06-24 19:00:00,0.0,0
M010,572,2026-06-24 20:00:00,0.0,0
M010,573,2026-06-24 21:00:00,0.0,0
M010,574,2026-06-24 22:00:00,0.0,0
M010,575,2026-06-24 23:00:00,0.0,0
M010,576,2026-06-25 00:00:00,0.0033333333333333335,0
M010,577,2026-06-25 01:00:00,0.0,0
M010,578,2026-06-25 02:00:00,0.0,0
M010,579,2026-06-25 03:00:00,0.05753689685141989,0
M010,580,2026-06-25 04:00:00,0.04671367319093001,0
M010,581,2026-06-25 05:00:00,0.044271443694834774,0
M010,582,2026-06-25 06:00:00,0.043784790507002264,0
M010,583,2026-06-25 07:00:00,0.047490385769709056,0
M010,584,2026-06-25 08:00:00,0.04635889610910523,0
M010,585,2026-06-25 09:00:00,0.02896247280502935,0
M010,586,2026-06-25 10:00:00,0.02896247280502935,0
M010,587,2026-06-25 11:00:00,0.02896247280502935,0
M010,588,2026-06-25 12:00:00,0.03152252745891883,0
M010,589,2026-06-25 13:00:00,0.02896247280502935,0
M010,590,2026-06-25 14:00:00,0.032295806138362686,0
M010,591,2026-06-25 15:00:00,0.032782459326195196,0
M010,592,2026-06-25 16:00:00,0.03551474821323697,0
M010,593,2026-06-25 17:00:00,0.038848081546570296,0
M010,594,2026-06-25 18:00:00,0.03562913947169602,0
M010,595,2026-06-25 19:00:00,0.03562913947169602,0
M010,596,2026-06-25 20:00:00,0.03299568615893059,0
M010,597,2026-06-25 21:00:00,0.03299568615893059,0
M010,598,2026-06-25 22:00:00,0.03299568615893059,0
M010,599,2026-06-25 23:00:00,0.02966235282559726,0
M010,600,2026-06-26 00:00:00,0.02966235282559726,0
M010,601,2026-06-26 01:00:00,0.02966235282559726,0
M010,602,2026-06-26 02:00:00,0.02966235282559726,0
M010,603,2026-06-26 03:00:00,0.0033333333333333335,0
M010,604,2026-06-26 04:00:00,0.0033333333333333335,0
M010,605,2026-06-26 05:00:00,0.0033333333333333335,0
M010,606,2026-06-26 06:00:00,0.0033333333333333335,0
M010,607,2026-06-26 07:00:00,0.0033333333333333335,0
M010,608,2026-06-26 08:00:00,0.0033333333333333335,0
M010,609,2026-06-26 09:00:00,0.009669939801780767,0
M010,610,2026-06-26 10:00:00,0.016018793232768648,0
M010,611,2026-06-26 11:00:00,0.016018793232768648,0
M010,612,2026-06-26 12:00:00,0.013003273135114101,0
M010,613,2026-06-26 13:00:00,0.013003273135114101,0
M010,614,2026-06-26 14:00:00,0.013003273135114101,0
M010,615,2026-06-26 15:00:00,0.07697008245721575,0
M010,616,2026-06-26 16:00:00,0.06532199832022195,0
M010,617,2026-06-26 17:00:00,0.0710151884615831,0
M010,618,2026-06-26 18:00:00,0.0710151884615831,0
M010,619,2026-06-26 19:00:00,0.08068396117731697,0
M010,620,2026-06-26 20:00:00,0.09265718861979466,0
M010,621,2026-06-26 21:00:00,0.0921172405867419,0
M010,622,2026-06-26 22:00:00,0.09561353036069369,0
M010,623,2026-06-26 23:00:00,0.09228019702736036,0
M010,624,2026-06-27 00:00:00,0.09221478991748722,0
M010,625,2026-06-27 01:00:00,0.1313323316773494,0
M010,626,2026-06-27 02:00:00,0.1593744561940163,0
M010,627,2026-06-27 03:00:00,0.15822195262857838,0
M010,628,2026-06-27 04:00:00,0.24243031354805353,1
M010,629,2026-06-27 05:00:00,0.21438633040574387,1
M010,630,2026-06-27 06:00:00,0.21115864413686708,1
M010,631,2026-06-27 07:00:00,0.20419105985537508,1
M010,632,2026-06-27 08:00:00,0.22159267047447875,1
M010,633,2026-06-27 09:00:00,0.17768039736180224,1
M010,634,2026-06-27 10:00:00,0.17714484847839504,1
M010,635,2026-06-27 11:00:00,0.1715527161007424,1
M010,636,2026-06-27 12:00:00,0.1665044533546045,1
M010,637,2026-06-27 13:00:00,0.21390838159990305,1
M010,638,2026-06-27 14:00:00,0.22931369941099541,1
M010,639,2026-06-27 15:00:00,0.24834300704702855,1
M010,640,2026-06-27 16:00:00,0.2631547225993298,1
M010,641,2026-06-27 17:00:00,0.3946505618050133,1
M010,642,2026-06-27 18:00:00,0.39026147026499325,1
M010,643,2026-06-27 19:00:00,0.39940755257122723,1
M010,644,2026-06-27 20:00:00,0.45954619916546524,1
M010,645,2026-06-27 21:00:00,0.5787602501689497,1
M010,646,2026-06-27 22:00:00,0.5577181250183016,1
M010,647,2026-06-27 23:00:00,0.5769606880109803,1
M010,648,2026-06-28 00:00:00,0.6365017709026269,1
M010,649,2026-06-28 01:00:00,0.8724764343471031,1
M010,650,2026-06-28 02:00:00,0.843871341302229,1
M010,651,2026-06-28 03:00:00,0.8719621158258828,1
M010,652,2026-06-28 04:00:00,0.8925380402044444,1
M010,653,2026-06-28 05:00:00,0.8959958987320708,1
M010,654,2026-06-28 06:00:00,0.9100036308204443,1
M010,655,2026-06-28 07:00:00,0.9154286747078305,1
M010,656,2026-06-28 08:00:00,0.9359324432533533,1
M010,657,2026-06-28 09:00:00,0.9419339311545095,1
M010,658,2026-06-28 10:00:00,0.9419339311545095,1
M010,659,2026-06-28 11:00:00,0.9419339311545095,1
M010,660,2026-06-28 12:00:00,0.8464133519820505,1
M010,661,2026-06-28 13:00:00,0.8003495761864952,1
M010,662,2026-06-28 14:00:00,0.7970067589408177,1
M010,663,2026-06-28 15:00:00,0.8561918451411337,1
M010,664,2026-06-28 16:00:00,0.8561918451411337,1
M010,665,2026-06-28 17:00:00,0.8397430220848576,1
M010,666,2026-06-28 18:00:00,0.8164425089386131,1
M010,667,2026-06-28 19:00:00,0.8164425089386131,1
M010,668,2026-06-28 20:00:00,0.8219184424855339,1
M010,669,2026-06-28 21:00:00,0.8055363117847174,1
M010,670,2026-06-28 22:00:00,0.7924850745280834,1
M010,671,2026-06-28 23:00:00,0.7595908301302534,1
M010,672,2026-06-29 00:00:00,0.7595908301302534,1
M010,673,2026-06-29 01:00:00,0.7924850745280834,1
M010,674,2026-06-29 02:00:00,0.7924850745280834,1
M010,675,2026-06-29 03:00:00,0.7851701488992298,1
M010,676,2026-06-29 04:00:00,0.7561037463042091,0
M010,677,2026-06-29 05:00:00,0.5308082179780326,0
M010,678,2026-06-29 06:00:00,0.33372018575605666,0
M010,679,2026-06-29 07:00:00,0.3370043652744247,0
M010,680,2026-06-29 08:00:00,0.4421674978182994,0
M010,681,2026-06-29 09:00:00,0.4724789647067401,0
M010,682,2026-06-29 10:00:00,0.8013108376959064,0
M010,683,2026-06-29 11:00:00,0.7907963691540347,0
M010,684,2026-06-29 12:00:00,0.7931394850957388,0
M010,685,2026-06-29 13:00:00,0.7173194653036232,0
M010,686,2026-06-29 14:00:00,0.723094706736859,0
M010,687,2026-06-29 15:00:00,0.7247743489735592,0
M010,688,2026-06-29 16:00:00,0.7241555909087343,0
M010,689,2026-06-29 17:00:00,0.7216044483725064,0
M010,690,2026-06-29 18:00:00,0.7276807732465377,0
M010,691,2026-06-29 19:00:00,0.7807605995549429,0
M011,23,2026-06-01 23:00:00,0.0,0
M011,24,2026-06-02 00:00:00,0.0,0
M011,25,2026-06-02 01:00:00,0.0,0
M011,26,2026-06-02 02:00:00,0.0,0
M011,27,2026-06-02 03:00:00,0.0,0
M011,28,2026-06-02 04:00:00,0.0,0
M011,29,2026-06-02 05:00:00,0.0,0
M011,30,2026-06-02 06:00:00,0.0,0
M011,31,2026-06-02 07:00:00,0.0,0
M011,32,2026-06-02 08:00:00,0.0,0
M011,33,2026-06-02 09:00:00,0.0,0
M011,34,2026-06-02 10:00:00,0.0,0
M011,35,2026-06-02 11:00:00,0.0,0
M011,36,2026-06-02 12:00:00,0.0,0
M011,37,2026-06-02 13:00:00,0.0,0
M011,38,2026-06-02 14:00:00,0.0,0
M011,39,2026-06-02 15:00:00,0.0,0
M011,40,2026-06-02 16:00:00,0.0,0
M011,41,2026-06-02 17:00:00,0.0,0
M011,42,2026-06-02 18:00:00,0.0,0
M011,43,2026-06-02 19:00:00,0.0,0
M011,44,2026-06-02 20:00:00,0.0,0
M011,45,2026-06-02 21:00:00,0.0,0
M011,46,2026-06-02 22:00:00,0.0,0
M011,47,2026-06-02 23:00:00,0.0,0
M011,48,2026-06-03 00:00:00,0.0,0
M011,49,2026-06-03 01:00:00,0.0,0
M011,50,2026-06-03 02:00:00,0.0,0
M011,51,2026-06-03 03:00:00,0.0,0
M011,52,2026-06-03 04:00:00,0.0,0
M011,53,2026-06-03 05:00:00,0.0,0
M011,54,2026-06-03 06:00:00,0.0,0
M011,55,2026-06-03 07:00:00,0.0,0
M011,56,2026-06-03 08:00:00,0.0,0
M011,57,2026-06-03 09:00:00,0.0,0
M011,58,2026-06-03 10:00:00,0.0,0
M011,59,2026-06-03 11:00:00,0.0,0
M011,60,2026-06-03 12:00:00,0.0,0
M011,61,2026-06-03 13:00:00,0.0,0
M011,62,2026-06-03 14:00:00,0.0,0
M011,63,2026-06-03 15:00:00,0.0,0
M011,64,2026-06-03 16:00:00,0.0,0
M011,65,2026-06-03 17:00:00,0.0,0
M011,66,2026-06-03 18:00:00,0.0,0
M011,67,2026-06-03 19:00:00,0.0,0
M011,68,2026-06-03 20:00:00,0.0,0
M011,69,2026-06-03 21:00:00,0.0,0
M011,70,2026-06-03 22:00:00,0.0,0
M011,71,2026-06-03 23:00:00,0.0,0
M011,72,2026-06-04 00:00:00,0.0,0
M011,73,2026-06-04 01:00:00,0.0,0
M011,74,2026-06-04 02:00:00,0.0,0
M011,75,2026-06-04 03:00:00,0.0,0
M011,76,2026-06-04 04:00:00,0.0,0
M011,77,2026-06-04 05:00:00,0.0,0
M011,78,2026-06-04 06:00:00,0.0,0
M011,79,2026-06-04 07:00:00,0.0,0
M011,80,2026-06-04 08:00:00,0.0,0
M011,81,2026-06-04 09:00:00,0.0,0
M011,82,2026-06-04 10:00:00,0.0,0
M011,83,2026-06-04 11:00:00,0.0,0
M011,84,2026-06-04 12:00:00,0.0,0
M011,85,2026-06-04 13:00:00,0.0,0
M011,86,2026-06-04 14:00:00,0.0,0
M011,87,2026-06-04 15:00:00,0.0,0
M011,88,2026-06-04 16:00:00,0.0,0
M011,89,2026-06-04 17:00:00,0.0,0
M011,90,2026-06-04 18:00:00,0.0,0
M011,91,2026-06-04 19:00:00,0.0,0
M011,92,2026-06-04 20:00:00,0.0,0
M011,93,2026-06-04 21:00:00,0.0,0
M011,94,2026-06-04 22:00:00,0.0,0
M011,95,2026-06-04 23:00:00,0.0,0
M011,96,2026-06-05 00:00:00,0.0,0
M011,97,2026-06-05 01:00:00,0.0,0
M011,98,2026-06-05 02:00:00,0.0,0
M011,99,2026-06-05 03:00:00,0.0,0
M011,100,2026-06-05 04:00:00,0.0,0
M011,101,2026-06-05 05:00:00,0.0,0
M011,102,2026-06-05 06:00:00,0.0,0
M011,103,2026-06-05 07:00:00,0.0,0
M011,104,2026-06-05 08:00:00,0.0,0
M011,105,2026-06-05 09:00:00,0.0,0
M011,106,2026-06-05 10:00:00,0.0,0
M011,107,2026-06-05 11:00:00,0.0,0
M011,108,2026-06-05 12:00:00,0.0,0
M011,109,2026-06-05 13:00:00,0.0,0
M011,110,2026-06-05 14:00:00,0.0,0
M011,111,2026-06-05 15:00:00,0.0,0
M011,112,2026-06-05 16:00:00,0.0,0
M011,113,2026-06-05 17:00:00,0.0,0
M011,114,2026-06-05 18:00:00,0.0,0
M011,115,2026-06-05 19:00:00,0.0,0
M011,116,2026-06-05 20:00:00,0.0,0
M011,117,2026-06-05 21:00:00,0.0,0
M011,118,2026-06-05 22:00:00,0.0,0
M011,119,2026-06-05 23:00:00,0.0,0
M011,120,2026-06-06 00:00:00,0.0,0
M011,121,2026-06-06 01:00:00,0.0,0
M011,122,2026-06-06 02:00:00,0.0,0
M011,123,2026-06-06 03:00:00,0.0,0
M011,124,2026-06-06 04:00:00,0.0,0
M011,125,2026-06-06 05:00:00,0.0,0
M011,126,2026-06-06 06:00:00,0.0,0
M011,127,2026-06-06 07:00:00,0.0,0
M011,128,2026-06-06 08:00:00,0.0,0
M011,129,2026-06-06 09:00:00,0.0,0
M011,130,2026-06-06 10:00:00,0.0,0
M011,131,2026-06-06 11:00:00,0.0,0
M011,132,2026-06-06 12:00:00,0.0,0
M011,133,2026-06-06 13:00:00,0.0,0
M011,134,2026-06-06 14:00:00,0.0,0
M011,135,2026-06-06 15:00:00,0.0,0
M011,136,2026-06-06 16:00:00,0.0,0
M011,137,2026-06-06 17:00:00,0.0,0
M011,138,2026-06-06 18:00:00,0.0,0
M011,139,2026-06-06 19:00:00,0.0,0
M011,140,2026-06-06 20:00:00,0.0,0
M011,141,2026-06-06 21:00:00,0.0,0
M011,142,2026-06-06 22:00:00,0.0,0
M011,143,2026-06-06 23:00:00,0.0,0
M011,144,2026-06-07 00:00:00,0.0,0
M011,145,2026-06-07 01:00:00,0.0,0
M011,146,2026-06-07 02:00:00,0.0,0
M011,147,2026-06-07 03:00:00,0.0,0
M011,148,2026-06-07 04:00:00,0.0,0
M011,149,2026-06-07 05:00:00,0.0,0
M011,150,2026-06-07 06:00:00,0.0,0
M011,151,2026-06-07 07:00:00,0.0,0
M011,152,2026-06-07 08:00:00,0.0,0
M011,153,2026-06-07 09:00:00,0.0,0
M011,154,2026-06-07 10:00:00,0.0,0
M011,155,2026-06-07 11:00:00,0.0,0
M011,156,2026-06-07 12:00:00,0.0,0
M011,157,2026-06-07 13:00:00,0.0,0
M011,158,2026-06-07 14:00:00,0.0,0
M011,159,2026-06-07 15:00:00,0.0,0
M011,160,2026-06-07 16:00:00,0.0,0
M011,161,2026-06-07 17:00:00,0.0,0
M011,162,2026-06-07 18:00:00,0.0,0
M011,163,2026-06-07 19:00:00,0.0,0
M011,164,2026-06-07 20:00:00,0.0,0
M011,165,2026-06-07 21:00:00,0.0,0
M011,166,2026-06-07 22:00:00,0.0,0
M011,167,2026-06-07 23:00:00,0.0,0
M011,168,2026-06-08 00:00:00,0.0,0
M011,169,2026-06-08 01:00:00,0.0,0
M011,170,2026-06-08 02:00:00,0.0,0
M011,171,2026-06-08 03:00:00,0.0,0
M011,172,2026-06-08 04:00:00,0.0030205061082024423,0
M011,173,2026-06-08 05:00:00,0.0,0
M011,174,2026-06-08 06:00:00,0.0,0
M011,175,2026-06-08 07:00:00,0.0,0
M011,176,2026-06-08 08:00:00,0.0,0
M011,177,2026-06-08 09:00:00,0.0,0
M011,178,2026-06-08 10:00:00,0.0,0
M011,179,2026-06-08 11:00:00,0.0,0
M011,180,2026-06-08 12:00:00,0.0,0
M011,181,2026-06-08 13:00:00,0.0,0
M011,182,2026-06-08 14:00:00,0.0,0
M011,183,2026-06-08 15:00:00,0.0,0
M011,184,2026-06-08 16:00:00,0.0,0
M011,185,2026-06-08 17:00:00,0.0,0
M011,186,2026-06-08 18:00:00,0.0,0
M011,187,2026-06-08 19:00:00,0.0,0
M011,188,2026-06-08 20:00:00,0.0,0
M011,189,2026-06-08 21:00:00,0.0,0
M011,190,2026-06-08 22:00:00,0.0,0
M011,191,2026-06-08 23:00:00,0.0,0
M011,192,2026-06-09 00:00:00,0.0,0
M011,193,2026-06-09 01:00:00,0.0,0
M011,194,2026-06-09 02:00:00,0.0,0
M011,195,2026-06-09 03:00:00,0.0,0
M011,196,2026-06-09 04:00:00,0.0,0
M011,197,2026-06-09 05:00:00,0.0,0
M011,198,2026-06-09 06:00:00,0.0,0
M011,199,2026-06-09 07:00:00,0.0,0
M011,200,2026-06-09 08:00:00,0.0,0
M011,201,2026-06-09 09:00:00,0.0,0
M011,202,2026-06-09 10:00:00,0.0,0
M011,203,2026-06-09 11:00:00,0.0,0
M011,204,2026-06-09 12:00:00,0.0,0
M011,205,2026-06-09 13:00:00,0.0,0
M011,206,2026-06-09 14:00:00,0.0,0
M011,207,2026-06-09 15:00:00,0.0,0
M011,208,2026-06-09 16:00:00,0.0,0
M011,209,2026-06-09 17:00:00,0.0,0
M011,210,2026-06-09 18:00:00,0.0,0
M011,211,2026-06-09 19:00:00,0.0,0
M011,212,2026-06-09 20:00:00,0.0,0
M011,213,2026-06-09 21:00:00,0.0,0
M011,214,2026-06-09 22:00:00,0.0,0
M011,215,2026-06-09 23:00:00,0.0,0
M011,216,2026-06-10 00:00:00,0.0,0
M011,217,2026-06-10 01:00:00,0.0,0
M011,218,2026-06-10 02:00:00,0.0,0
M011,219,2026-06-10 03:00:00,0.0,0
M011,220,2026-06-10 04:00:00,0.0,0
M011,221,2026-06-10 05:00:00,0.0,0
M011,222,2026-06-10 06:00:00,0.0,0
M011,223,2026-06-10 07:00:00,0.0,0
M011,224,2026-06-10 08:00:00,0.0,0
M011,225,2026-06-10 09:00:00,0.0,0
M011,226,2026-06-10 10:00:00,0.0,0
M011,227,2026-06-10 11:00:00,0.0,0
M011,228,2026-06-10 12:00:00,0.0,0
M011,229,2026-06-10 13:00:00,0.0,0
M011,230,2026-06-10 14:00:00,0.0,0
M011,231,2026-06-10 15:00:00,0.0,0
M011,232,2026-06-10 16:00:00,0.0,0
M011,233,2026-06-10 17:00:00,0.0,0
M011,234,2026-06-10 18:00:00,0.0,0
M011,235,2026-06-10 19:00:00,0.0,0
M011,236,2026-06-10 20:00:00,0.0,0
M011,237,2026-06-10 21:00:00,0.0,0
M011,238,2026-06-10 22:00:00,0.0,0
M011,239,2026-06-10 23:00:00,0.0,0
M011,240,2026-06-11 00:00:00,0.0,0
M011,241,2026-06-11 01:00:00,0.0,0
M011,242,2026-06-11 02:00:00,0.0,0
M011,243,2026-06-11 03:00:00,0.0,0
M011,244,2026-06-11 04:00:00,0.0,0
M011,245,2026-06-11 05:00:00,0.0,0
M011,246,2026-06-11 06:00:00,0.0,0
M011,247,2026-06-11 07:00:00,0.0,0
M011,248,2026-06-11 08:00:00,0.0,0
M011,249,2026-06-11 09:00:00,0.0,0
M011,250,2026-06-11 10:00:00,0.0,0
M011,251,2026-06-11 11:00:00,0.0,0
M011,252,2026-06-11 12:00:00,0.0,0
M011,253,2026-06-11 13:00:00,0.0,0
M011,254,2026-06-11 14:00:00,0.0,0
M011,255,2026-06-11 15:00:00,0.0,0
M011,256,2026-06-11 16:00:00,0.0,0
M011,257,2026-06-11 17:00:00,0.0,0
M011,258,2026-06-11 18:00:00,0.0,0
M011,259,2026-06-11 19:00:00,0.0,0
M011,260,2026-06-11 20:00:00,0.0,0
M011,261,2026-06-11 21:00:00,0.0,0
M011,262,2026-06-11 22:00:00,0.0,0
M011,263,2026-06-11 23:00:00,0.0,0
M011,264,2026-06-12 00:00:00,0.0,0
M011,265,2026-06-12 01:00:00,0.0,0
M011,266,2026-06-12 02:00:00,0.0,0
M011,267,2026-06-12 03:00:00,0.0,0
M011,268,2026-06-12 04:00:00,0.0,0
M011,269,2026-06-12 05:00:00,0.0,0
M011,270,2026-06-12 06:00:00,0.0,0
M011,271,2026-06-12 07:00:00,0.0,0
M011,272,2026-06-12 08:00:00,0.0,0
M011,273,2026-06-12 09:00:00,0.0,0
M011,274,2026-06-12 10:00:00,0.0,0
M011,275,2026-06-12 11:00:00,0.0,0
M011,276,2026-06-12 12:00:00,0.0,0
M011,277,2026-06-12 13:00:00,0.0,0
M011,278,2026-06-12 14:00:00,0.0,0
M011,279,2026-06-12 15:00:00,0.0,0
M011,280,2026-06-12 16:00:00,0.0,0
M011,281,2026-06-12 17:00:00,0.0,0
M011,282,2026-06-12 18:00:00,0.0,0
M011,283,2026-06-12 19:00:00,0.0,0
M011,284,2026-06-12 20:00:00,0.0,0
M011,285,2026-06-12 21:00:00,0.0,0
M011,286,2026-06-12 22:00:00,0.0,0
M011,287,2026-06-12 23:00:00,0.0,0
M011,288,2026-06-13 00:00:00,0.0,0
M011,289,2026-06-13 01:00:00,0.0,0
M011,290,2026-06-13 02:00:00,0.0,0
M011,291,2026-06-13 03:00:00,0.0,0
M011,292,2026-06-13 04:00:00,0.0,0
M011,293,2026-06-13 05:00:00,0.0,0
M011,294,2026-06-13 06:00:00,0.0,0
M011,295,2026-06-13 07:00:00,0.0,0
M011,296,2026-06-13 08:00:00,0.0,0
M011,297,2026-06-13 09:00:00,0.0,0
M011,298,2026-06-13 10:00:00,0.0,0
M011,299,2026-06-13 11:00:00,0.0,0
M011,300,2026-06-13 12:00:00,0.0,0
M011,301,2026-06-13 13:00:00,0.0,0
M011,302,2026-06-13 14:00:00,0.0,0
M011,303,2026-06-13 15:00:00,0.0,0
M011,304,2026-06-13 16:00:00,0.0,0
M011,305,2026-06-13 17:00:00,0.0,0
M011,306,2026-06-13 18:00:00,0.0,0
M011,307,2026-06-13 19:00:00,0.0,0
M011,308,2026-06-13 20:00:00,0.0,0
M011,309,2026-06-13 21:00:00,0.0,0
M011,310,2026-06-13 22:00:00,0.0,0
M011,311,2026-06-13 23:00:00,0.0,0
M011,312,2026-06-14 00:00:00,0.0,0
M011,313,2026-06-14 01:00:00,0.0,0
M011,314,2026-06-14 02:00:00,0.0,0
M011,315,2026-06-14 03:00:00,0.0,0
M011,316,2026-06-14 04:00:00,0.0,0
M011,317,2026-06-14 05:00:00,0.0,0
M011,318,2026-06-14 06:00:00,0.0,0
M011,319,2026-06-14 07:00:00,0.0,0
M011,320,2026-06-14 08:00:00,0.0,0
M011,321,2026-06-14 09:00:00,0.0,0
M011,322,2026-06-14 10:00:00,0.0,0
M011,323,2026-06-14 11:00:00,0.0,0
M011,324,2026-06-14 12:00:00,0.0,0
M011,325,2026-06-14 13:00:00,0.0,0
M011,326,2026-06-14 14:00:00,0.0,0
M011,327,2026-06-14 15:00:00,0.0,0
M011,328,2026-06-14 16:00:00,0.0,0
M011,329,2026-06-14 17:00:00,0.0,0
M011,330,2026-06-14 18:00:00,0.0,0
M011,331,2026-06-14 19:00:00,0.0,0
M011,332,2026-06-14 20:00:00,0.0,0
M011,333,2026-06-14 21:00:00,0.0,0
M011,334,2026-06-14 22:00:00,0.0,0
M011,335,2026-06-14 23:00:00,0.0,0
M011,336,2026-06-15 00:00:00,0.0,0
M011,337,2026-06-15 01:00:00,0.0,0
M011,338,2026-06-15 02:00:00,0.0,0
M011,339,2026-06-15 03:00:00,0.0,0
M011,340,2026-06-15 04:00:00,0.0,0
M011,341,2026-06-15 05:00:00,0.0,0
M011,342,2026-06-15 06:00:00,0.0,0
M011,343,2026-06-15 07:00:00,0.0,0
M011,344,2026-06-15 08:00:00,0.0,0
M011,345,2026-06-15 09:00:00,0.0,0
M011,346,2026-06-15 10:00:00,0.0,0
M011,347,2026-06-15 11:00:00,0.0,0
M011,348,2026-06-15 12:00:00,0.0,0
M011,349,2026-06-15 13:00:00,0.0,0
M011,350,2026-06-15 14:00:00,0.0,0
M011,351,2026-06-15 15:00:00,0.0,0
M011,352,2026-06-15 16:00:00,0.0,0
M011,353,2026-06-15 17:00:00,0.0,0
M011,354,2026-06-15 18:00:00,0.0,0
M011,355,2026-06-15 19:00:00,0.0,0
M011,356,2026-06-15 20:00:00,0.0,0
M011,357,2026-06-15 21:00:00,0.0,0
M011,358,2026-06-15 22:00:00,0.0,0
M011,359,2026-06-15 23:00:00,0.0,0
M011,360,2026-06-16 00:00:00,0.0,0
M011,361,2026-06-16 01:00:00,0.0,0
M011,362,2026-06-16 02:00:00,0.0,0
M011,363,2026-06-16 03:00:00,0.0,0
M011,364,2026-06-16 04:00:00,0.0,0
M011,365,2026-06-16 05:00:00,0.0,0
M011,366,2026-06-16 06:00:00,0.0,0
M011,367,2026-06-16 07:00:00,0.0,0
M011,368,2026-06-16 08:00:00,0.0,0
M011,369,2026-06-16 09:00:00,0.0,0
M011,370,2026-06-16 10:00:00,0.0,0
M011,371,2026-06-16 11:00:00,0.0,0
M011,372,2026-06-16 12:00:00,0.0,0
M011,373,2026-06-16 13:00:00,0.0,0
M011,374,2026-06-16 14:00:00,0.0,0
M011,375,2026-06-16 15:00:00,0.0,0
M011,376,2026-06-16 16:00:00,0.0,0
M011,377,2026-06-16 17:00:00,0.0,0
M011,378,2026-06-16 18:00:00,0.0,0
M011,379,2026-06-16 19:00:00,0.0,0
M011,380,2026-06-16 20:00:00,0.0,0
M011,381,2026-06-16 21:00:00,0.0,0
M011,382,2026-06-16 22:00:00,0.0,0
M011,383,2026-06-16 23:00:00,0.0,0
M011,384,2026-06-17 00:00:00,0.0,0
M011,385,2026-06-17 01:00:00,0.002534344433454225,0
M011,386,2026-06-17 02:00:00,0.006066865719116291,0
M011,387,2026-06-17 03:00:00,0.0,0
M011,388,2026-06-17 04:00:00,0.0,0
M011,389,2026-06-17 05:00:00,0.002534344433454225,0
M011,390,2026-06-17 06:00:00,0.0,0
M011,391,2026-06-17 07:00:00,0.0,0
M011,392,2026-06-17 08:00:00,0.0,0
M011,393,2026-06-17 09:00:00,0.0,0
M011,394,2026-06-17 10:00:00,0.0,0
M011,395,2026-06-17 11:00:00,0.0,0
M011,396,2026-06-17 12:00:00,0.0,0
M011,397,2026-06-17 13:00:00,0.0,0
M011,398,2026-06-17 14:00:00,0.0,0
M011,399,2026-06-17 15:00:00,0.0,0
M011,400,2026-06-17 16:00:00,0.0,0
M011,401,2026-06-17 17:00:00,0.0,0
M011,402,2026-06-17 18:00:00,0.0,0
M011,403,2026-06-17 19:00:00,0.0,0
M011,404,2026-06-17 20:00:00,0.0,0
M011,405,2026-06-17 21:00:00,0.0,0
M011,406,2026-06-17 22:00:00,0.0,0
M011,407,2026-06-17 23:00:00,0.0,0
M011,408,2026-06-18 00:00:00,0.0,0
M011,409,2026-06-18 01:00:00,0.0,0
M011,410,2026-06-18 02:00:00,0.0,0
M011,411,2026-06-18 03:00:00,0.0,0
M011,412,2026-06-18 04:00:00,0.0,0
M011,413,2026-06-18 05:00:00,0.0,0
M011,414,2026-06-18 06:00:00,0.0,0
M011,415,2026-06-18 07:00:00,0.0,0
M011,416,2026-06-18 08:00:00,0.0,0
M011,417,2026-06-18 09:00:00,0.0,0
M011,418,2026-06-18 10:00:00,0.0,0
M011,419,2026-06-18 11:00:00,0.0,0
M011,420,2026-06-18 12:00:00,0.0,0
M011,421,2026-06-18 13:00:00,0.0,0
M011,422,2026-06-18 14:00:00,0.0,0
M011,423,2026-06-18 15:00:00,0.0,0
M011,424,2026-06-18 16:00:00,0.0,0
M011,425,2026-06-18 17:00:00,0.0,0
M011,426,2026-06-18 18:00:00,0.0,0
M011,427,2026-06-18 19:00:00,0.0,0
M011,428,2026-06-18 20:00:00,0.0,0
M011,429,2026-06-18 21:00:00,0.0,0
M011,430,2026-06-18 22:00:00,0.0,0
M011,431,2026-06-18 23:00:00,0.0,0
M011,432,2026-06-19 00:00:00,0.0,0
M011,433,2026-06-19 01:00:00,0.0,0
M011,434,2026-06-19 02:00:00,0.0,0
M011,435,2026-06-19 03:00:00,0.0,0
M011,436,2026-06-19 04:00:00,0.0,0
M011,437,2026-06-19 05:00:00,0.0,0
M011,438,2026-06-19 06:00:00,0.0,0
M011,439,2026-06-19 07:00:00,0.0,0
M011,440,2026-06-19 08:00:00,0.0,0
M011,441,2026-06-19 09:00:00,0.0,0
M011,442,2026-06-19 10:00:00,0.0,0
M011,443,2026-06-19 11:00:00,0.0,0
M011,444,2026-06-19 12:00:00,0.0,0
M011,445,2026-06-19 13:00:00,0.0,0
M011,446,2026-06-19 14:00:00,0.0,0
M011,447,2026-06-19 15:00:00,0.0,0
M011,448,2026-06-19 16:00:00,0.0,0
M011,449,2026-06-19 17:00:00,0.0,0
M011,450,2026-06-19 18:00:00,0.0,0
M011,451,2026-06-19 19:00:00,0.0,0
M011,452,2026-06-19 20:00:00,0.0,0
M011,453,2026-06-19 21:00:00,0.0,0
M011,454,2026-06-19 22:00:00,0.0,0
M011,455,2026-06-19 23:00:00,0.0,0
M011,456,2026-06-20 00:00:00,0.0,0
M011,457,2026-06-20 01:00:00,0.0,0
M011,458,2026-06-20 02:00:00,0.0,0
M011,459,2026-06-20 03:00:00,0.0,0
M011,460,2026-06-20 04:00:00,0.0,0
M011,461,2026-06-20 05:00:00,0.0,0
M011,462,2026-06-20 06:00:00,0.0,0
M011,463,2026-06-20 07:00:00,0.0,0
M011,464,2026-06-20 08:00:00,0.0,0
M011,465,2026-06-20 09:00:00,0.0,0
M011,466,2026-06-20 10:00:00,0.0,0
M011,467,2026-06-20 11:00:00,0.0,0
M011,468,2026-06-20 12:00:00,0.0,0
M011,469,2026-06-20 13:00:00,0.0,0
M011,470,2026-06-20 14:00:00,0.0,0
M011,471,2026-06-20 15:00:00,0.0,0
M011,472,2026-06-20 16:00:00,0.0,0
M011,473,2026-06-20 17:00:00,0.0,0
M011,474,2026-06-20 18:00:00,0.0,0
M011,475,2026-06-20 19:00:00,0.0,0
M011,476,2026-06-20 20:00:00,0.0,0
M011,477,2026-06-20 21:00:00,0.0,0
M011,478,2026-06-20 22:00:00,0.0027781116051756602,0
M011,479,2026-06-20 23:00:00,0.0,0
M011,480,2026-06-21 00:00:00,0.0,0
M011,481,2026-06-21 01:00:00,0.0,0
M011,482,2026-06-21 02:00:00,0.0,0
M011,483,2026-06-21 03:00:00,0.0,0
M011,484,2026-06-21 04:00:00,0.0,0
M011,485,2026-06-21 05:00:00,0.0,0
M011,486,2026-06-21 06:00:00,0.0,0
M011,487,2026-06-21 07:00:00,0.0,0
M011,488,2026-06-21 08:00:00,0.0,0
M011,489,2026-06-21 09:00:00,0.0,0
M011,490,2026-06-21 10:00:00,0.0,0
M011,491,2026-06-21 11:00:00,0.0,0
M011,492,2026-06-21 12:00:00,0.0,0
M011,493,2026-06-21 13:00:00,0.0,0
M011,494,2026-06-21 14:00:00,0.0,0
M011,495,2026-06-21 15:00:00,0.0,0
M011,496,2026-06-21 16:00:00,0.0,0
M011,497,2026-06-21 17:00:00,0.0,0
M011,498,2026-06-21 18:00:00,0.0,0
M011,499,2026-06-21 19:00:00,0.0,0
M011,500,2026-06-21 20:00:00,0.0,0
M011,501,2026-06-21 21:00:00,0.0,0
M011,502,2026-06-21 22:00:00,0.0,0
M011,503,2026-06-21 23:00:00,0.0,0
M011,504,2026-06-22 00:00:00,0.0,0
M011,505,2026-06-22 01:00:00,0.0,0
M011,506,2026-06-22 02:00:00,0.0,0
M011,507,2026-06-22 03:00:00,0.0,0
M011,508,2026-06-22 04:00:00,0.0,0
M011,509,2026-06-22 05:00:00,0.0,0
M011,510,2026-06-22 06:00:00,0.0,0
M011,511,2026-06-22 07:00:00,0.0,0
M011,512,2026-06-22 08:00:00,0.0,0
M011,513,2026-06-22 09:00:00,0.0,0
M011,514,2026-06-22 10:00:00,0.0,0
M011,515,2026-06-22 11:00:00,0.0,0
M011,516,2026-06-22 12:00:00,0.0,0
M011,517,2026-06-22 13:00:00,0.0,0
M011,518,2026-06-22 14:00:00,0.0,0
M011,519,2026-06-22 15:00:00,0.0,0
M011,520,2026-06-22 16:00:00,0.0,0
M011,521,2026-06-22 17:00:00,0.0,0
M011,522,2026-06-22 18:00:00,0.0,0
M011,523,2026-06-22 19:00:00,0.0,0
M011,524,2026-06-22 20:00:00,0.0,0
M011,525,2026-06-22 21:00:00,0.0,0
M011,526,2026-06-22 22:00:00,0.0026461761951182216,0
M011,527,2026-06-22 23:00:00,0.0,0
M011,528,2026-06-23 00:00:00,0.0,0
M011,529,2026-06-23 01:00:00,0.0,0
M011,530,2026-06-23 02:00:00,0.0,0
M011,531,2026-06-23 03:00:00,0.0,0
M011,532,2026-06-23 04:00:00,0.0,0
M011,533,2026-06-23 05:00:00,0.0,0
M011,534,2026-06-23 06:00:00,0.0,0
M011,535,2026-06-23 07:00:00,0.008246801583880588,0
M011,536,2026-06-23 08:00:00,0.002268384220790927,0
M011,537,2026-06-23 09:00:00,0.0,0
M011,538,2026-06-23 10:00:00,0.002268384220790927,0
M011,539,2026-06-23 11:00:00,0.0,0
M011,540,2026-06-23 12:00:00,0.0,0
M011,541,2026-06-23 13:00:00,0.0,0
M011,542,2026-06-23 14:00:00,0.0,0
M011,543,2026-06-23 15:00:00,0.0,0
M011,544,2026-06-23 16:00:00,0.0,0
M011,545,2026-06-23 17:00:00,0.0,0
M011,546,2026-06-23 18:00:00,0.0,0
M011,547,2026-06-23 19:00:00,0.0,0
M011,548,2026-06-23 20:00:00,0.0027571918081122,0
M011,549,2026-06-23 21:00:00,0.0,0
M011,550,2026-06-23 22:00:00,0.0,0
M011,551,2026-06-23 23:00:00,0.0,0
M011,552,2026-06-24 00:00:00,0.0,0
M011,553,2026-06-24 01:00:00,0.0,0
M011,554,2026-06-24 02:00:00,0.0,0
M011,555,2026-06-24 03:00:00,0.0,0
M011,556,2026-06-24 04:00:00,0.0,0
M011,557,2026-06-24 05:00:00,0.0,0
M011,558,2026-06-24 06:00:00,0.0,0
M011,559,2026-06-24 07:00:00,0.0,0
M011,560,2026-06-24 08:00:00,0.0,0
M011,561,2026-06-24 09:00:00,0.0,0
M011,562,2026-06-24 10:00:00,0.0,0
M011,563,2026-06-24 11:00:00,0.0,0
M011,564,2026-06-24 12:00:00,0.0,0
M011,565,2026-06-24 13:00:00,0.0,0
M011,566,2026-06-24 14:00:00,0.0,0
M011,567,2026-06-24 15:00:00,0.0,0
M011,568,2026-06-24 16:00:00,0.0,0
M011,569,2026-06-24 17:00:00,0.0,0
M011,570,2026-06-24 18:00:00,0.0,0
M011,571,2026-06-24 19:00:00,0.0,0
M011,572,2026-06-24 20:00:00,0.0,0
M011,573,2026-06-24 21:00:00,0.0,0
M011,574,2026-06-24 22:00:00,0.0,0
M011,575,2026-06-24 23:00:00,0.0,0
M011,576,2026-06-25 00:00:00,0.0,0
M011,577,2026-06-25 01:00:00,0.0,0
M011,578,2026-06-25 02:00:00,0.0,0
M011,579,2026-06-25 03:00:00,0.0026247601679299406,0
M011,580,2026-06-25 04:00:00,0.0,0
M011,581,2026-06-25 05:00:00,0.005882344686157256,0
M011,582,2026-06-25 06:00:00,0.0,0
M011,583,2026-06-25 07:00:00,0.0,0
M011,584,2026-06-25 08:00:00,0.003164412094577583,0
M011,585,2026-06-25 09:00:00,0.0,0
M011,586,2026-06-25 10:00:00,0.0027571918081122,0
M011,587,2026-06-25 11:00:00,0.0,0
M011,588,2026-06-25 12:00:00,0.0,0
M011,589,2026-06-25 13:00:00,0.0,0
M011,590,2026-06-25 14:00:00,0.0,0
M011,591,2026-06-25 15:00:00,0.0,0
M011,592,2026-06-25 16:00:00,0.0,0
M011,593,2026-06-25 17:00:00,0.0,0
M011,594,2026-06-25 18:00:00,0.0,0
M011,595,2026-06-25 19:00:00,0.0,0
M011,596,2026-06-25 20:00:00,0.0,0
M011,597,2026-06-25 21:00:00,0.0,0
M011,598,2026-06-25 22:00:00,0.0,0
M011,599,2026-06-25 23:00:00,0.0,0
M011,600,2026-06-26 00:00:00,0.0,0
M011,601,2026-06-26 01:00:00,0.0,0
M011,602,2026-06-26 02:00:00,0.0,0
M011,603,2026-06-26 03:00:00,0.0,0
M011,604,2026-06-26 04:00:00,0.0,0
M011,605,2026-06-26 05:00:00,0.0,0
M011,606,2026-06-26 06:00:00,0.0,0
M011,607,2026-06-26 07:00:00,0.0,0
M011,608,2026-06-26 08:00:00,0.0,0
M011,609,2026-06-26 09:00:00,0.0,0
M011,610,2026-06-26 10:00:00,0.0,0
M011,611,2026-06-26 11:00:00,0.0,0
M011,612,2026-06-26 12:00:00,0.0,0
M011,613,2026-06-26 13:00:00,0.0,0
M011,614,2026-06-26 14:00:00,0.0,0
M011,615,2026-06-26 15:00:00,0.0,0
M011,616,2026-06-26 16:00:00,0.0,0
M011,617,2026-06-26 17:00:00,0.0,0
M011,618,2026-06-26 18:00:00,0.0,0
M011,619,2026-06-26 19:00:00,0.0,0
M011,620,2026-06-26 20:00:00,0.0,0
M011,621,2026-06-26 21:00:00,0.0,0
M011,622,2026-06-26 22:00:00,0.0,0
M011,623,2026-06-26 23:00:00,0.0,0
M011,624,2026-06-27 00:00:00,0.0,0
M011,625,2026-06-27 01:00:00,0.0,0
M011,626,2026-06-27 02:00:00,0.0,0
M011,627,2026-06-27 03:00:00,0.0,0
M011,628,2026-06-27 04:00:00,0.0,0
M011,629,2026-06-27 05:00:00,0.0,0
M011,630,2026-06-27 06:00:00,0.0,0
M011,631,2026-06-27 07:00:00,0.0,0
M011,632,2026-06-27 08:00:00,0.0,0
M011,633,2026-06-27 09:00:00,0.0,0
M011,634,2026-06-27 10:00:00,0.0,0
M011,635,2026-06-27 11:00:00,0.0,0
M011,636,2026-06-27 12:00:00,0.0,0
M011,637,2026-06-27 13:00:00,0.0,0
M011,638,2026-06-27 14:00:00,0.0,0
M011,639,2026-06-27 15:00:00,0.0,0
M011,640,2026-06-27 16:00:00,0.0,0
M011,641,2026-06-27 17:00:00,0.0,0
M011,642,2026-06-27 18:00:00,0.0,0
M011,643,2026-06-27 19:00:00,0.0,0
M011,644,2026-06-27 20:00:00,0.0,0
M011,645,2026-06-27 21:00:00,0.0,0
M011,646,2026-06-27 22:00:00,0.0,0
M011,647,2026-06-27 23:00:00,0.0,0
M011,648,2026-06-28 00:00:00,0.0,0
M011,649,2026-06-28 01:00:00,0.0,0
M011,650,2026-06-28 02:00:00,0.0,0
M011,651,2026-06-28 03:00:00,0.0,0
M011,652,2026-06-28 04:00:00,0.0,0
M011,653,2026-06-28 05:00:00,0.0,0
M011,654,2026-06-28 06:00:00,0.0,0
M011,655,2026-06-28 07:00:00,0.0,0
M011,656,2026-06-28 08:00:00,0.0,0
M011,657,2026-06-28 09:00:00,0.0,0
M011,658,2026-06-28 10:00:00,0.0,0
M011,659,2026-06-28 11:00:00,0.0,0
M011,660,2026-06-28 12:00:00,0.0,0
M011,661,2026-06-28 13:00:00,0.0,0
M011,662,2026-06-28 14:00:00,0.0,0
M011,663,2026-06-28 15:00:00,0.0,0
M011,664,2026-06-28 16:00:00,0.0,0
M011,665,2026-06-28 17:00:00,0.0,0
M011,666,2026-06-28 18:00:00,0.0,0
M011,667,2026-06-28 19:00:00,0.0,0
M011,668,2026-06-28 20:00:00,0.0,0
M011,669,2026-06-28 21:00:00,0.0,0
M011,670,2026-06-28 22:00:00,0.0,0
M011,671,2026-06-28 23:00:00,0.0,0
M011,672,2026-06-29 00:00:00,0.0,0
M011,673,2026-06-29 01:00:00,0.0,0
M011,674,2026-06-29 02:00:00,0.0,0
M011,675,2026-06-29 03:00:00,0.0,0
M011,676,2026-06-29 04:00:00,0.0,0
M011,677,2026-06-29 05:00:00,0.0,0
M011,678,2026-06-29 06:00:00,0.0,0
M011,679,2026-06-29 07:00:00,0.0,0
M011,680,2026-06-29 08:00:00,0.0,0
M011,681,2026-06-29 09:00:00,0.0,0
M011,682,2026-06-29 10:00:00,0.0,0
M011,683,2026-06-29 11:00:00,0.0028794405943684833,0
M011,684,2026-06-29 12:00:00,0.0,0
M011,685,2026-06-29 13:00:00,0.0,0
M011,686,2026-06-29 14:00:00,0.0,0
M011,687,2026-06-29 15:00:00,0.0,0
M011,688,2026-06-29 16:00:00,0.0,0
M011,689,2026-06-29 17:00:00,0.0,0
M011,690,2026-06-29 18:00:00,0.0,0
M011,691,2026-06-29 19:00:00,0.0,0
M011,692,2026-06-29 20:00:00,0.0,0
M011,693,2026-06-29 21:00:00,0.0,0
M011,694,2026-06-29 22:00:00,0.0,0
M011,695,2026-06-29 23:00:00,0.0,0
M011,696,2026-06-30 00:00:00,0.0,0
M011,697,2026-06-30 01:00:00,0.0,0
M011,698,2026-06-30 02:00:00,0.0,0
M011,699,2026-06-30 03:00:00,0.0,0
M011,700,2026-06-30 04:00:00,0.0,0
M011,701,2026-06-30 05:00:00,0.0,0
M011,702,2026-06-30 06:00:00,0.0,0
M011,703,2026-06-30 07:00:00,0.0,0
M011,704,2026-06-30 08:00:00,0.0,0
M011,705,2026-06-30 09:00:00,0.0,0
M011,706,2026-06-30 10:00:00,0.0,0
M011,707,2026-06-30 11:00:00,0.0,0
M011,708,2026-06-30 12:00:00,0.0,0
M011,709,2026-06-30 13:00:00,0.0,0
M011,710,2026-06-30 14:00:00,0.0,0
M011,711,2026-06-30 15:00:00,0.0,0
M011,712,2026-06-30 16:00:00,0.0,0
M011,713,2026-06-30 17:00:00,0.0,0
M011,714,2026-06-30 18:00:00,0.0,0
M011,715,2026-06-30 19:00:00,0.0,0
M011,716,2026-06-30 20:00:00,0.0,0
M011,717,2026-06-30 21:00:00,0.0,0
M011,718,2026-06-30 22:00:00,0.0,0
M011,719,2026-06-30 23:00:00,0.0,0
M012,23,2026-06-01 23:00:00,0.0,0
M012,24,2026-06-02 00:00:00,0.0,0
M012,25,2026-06-02 01:00:00,0.0,0
M012,26,2026-06-02 02:00:00,0.0,0
M012,27,2026-06-02 03:00:00,0.0,0
M012,28,2026-06-02 04:00:00,0.0,0
M012,29,2026-06-02 05:00:00,0.0,0
M012,30,2026-06-02 06:00:00,0.0,0
M012,31,2026-06-02 07:00:00,0.0,0
M012,32,2026-06-02 08:00:00,0.0,0
M012,33,2026-06-02 09:00:00,0.0,0
M012,34,2026-06-02 10:00:00,0.0,0
M012,35,2026-06-02 11:00:00,0.0,0
M012,36,2026-06-02 12:00:00,0.0,0
M012,37,2026-06-02 13:00:00,0.0,0
M012,38,2026-06-02 14:00:00,0.0,0
M012,39,2026-06-02 15:00:00,0.0,0
M012,40,2026-06-02 16:00:00,0.0,0
M012,41,2026-06-02 17:00:00,0.0,0
M012,42,2026-06-02 18:00:00,0.0,0
M012,43,2026-06-02 19:00:00,0.0,0
M012,44,2026-06-02 20:00:00,0.0,0
M012,45,2026-06-02 21:00:00,0.0,0
M012,46,2026-06-02 22:00:00,0.0,0
M012,47,2026-06-02 23:00:00,0.0,0
M012,48,2026-06-03 00:00:00,0.0,0
M012,49,2026-06-03 01:00:00,0.0,0
M012,50,2026-06-03 02:00:00,0.0,0
M012,51,2026-06-03 03:00:00,0.0,0
M012,52,2026-06-03 04:00:00,0.0,0
M012,53,2026-06-03 05:00:00,0.0,0
M012,54,2026-06-03 06:00:00,0.0,0
M012,55,2026-06-03 07:00:00,0.0,0
M012,56,2026-06-03 08:00:00,0.0,0
M012,57,2026-06-03 09:00:00,0.0,0
M012,58,2026-06-03 10:00:00,0.0,0
M012,59,2026-06-03 11:00:00,0.0,0
M012,60,2026-06-03 12:00:00,0.0,0
M012,61,2026-06-03 13:00:00,0.0,0
M012,62,2026-06-03 14:00:00,0.0,0
M012,63,2026-06-03 15:00:00,0.0,0
M012,64,2026-06-03 16:00:00,0.0,0
M012,65,2026-06-03 17:00:00,0.0,0
M012,66,2026-06-03 18:00:00,0.0,0
M012,67,2026-06-03 19:00:00,0.0,0
M012,68,2026-06-03 20:00:00,0.0,0
M012,69,2026-06-03 21:00:00,0.0,0
M012,70,2026-06-03 22:00:00,0.0,0
M012,71,2026-06-03 23:00:00,0.0,0
M012,72,2026-06-04 00:00:00,0.0,0
M012,73,2026-06-04 01:00:00,0.0,0
M012,74,2026-06-04 02:00:00,0.0,0
M012,75,2026-06-04 03:00:00,0.0,0
M012,76,2026-06-04 04:00:00,0.0,0
M012,77,2026-06-04 05:00:00,0.0,0
M012,78,2026-06-04 06:00:00,0.0,0
M012,79,2026-06-04 07:00:00,0.0,0
M012,80,2026-06-04 08:00:00,0.0,0
M012,81,2026-06-04 09:00:00,0.0,0
M012,82,2026-06-04 10:00:00,0.0,0
M012,83,2026-06-04 11:00:00,0.0,0
M012,84,2026-06-04 12:00:00,0.0,0
M012,85,2026-06-04 13:00:00,0.0,0
M012,86,2026-06-04 14:00:00,0.0,0
M012,87,2026-06-04 15:00:00,0.0,0
M012,88,2026-06-04 16:00:00,0.0,0
M012,89,2026-06-04 17:00:00,0.0,0
M012,90,2026-06-04 18:00:00,0.0,0
M012,91,2026-06-04 19:00:00,0.0,0
M012,92,2026-06-04 20:00:00,0.0,0
M012,93,2026-06-04 21:00:00,0.009308578975566735,0
M012,94,2026-06-04 22:00:00,0.015420023914075728,0
M012,95,2026-06-04 23:00:00,0.002534344433454225,0
M012,96,2026-06-05 00:00:00,0.0,0
M012,97,2026-06-05 01:00:00,0.0,0
M012,98,2026-06-05 02:00:00,0.0,0
M012,99,2026-06-05 03:00:00,0.0,0
M012,100,2026-06-05 04:00:00,0.0,0
M012,101,2026-06-05 05:00:00,0.0,0
M012,102,2026-06-05 06:00:00,0.0,0
M012,103,2026-06-05 07:00:00,0.0,0
M012,104,2026-06-05 08:00:00,0.0,0
M012,105,2026-06-05 09:00:00,0.0,0
M012,106,2026-06-05 10:00:00,0.0,0
M012,107,2026-06-05 11:00:00,0.0,0
M012,108,2026-06-05 12:00:00,0.0,0
M012,109,2026-06-05 13:00:00,0.0,0
M012,110,2026-06-05 14:00:00,0.0,0
M012,111,2026-06-05 15:00:00,0.0,0
M012,112,2026-06-05 16:00:00,0.0,0
M012,113,2026-06-05 17:00:00,0.0,0
M012,114,2026-06-05 18:00:00,0.0,0
M012,115,2026-06-05 19:00:00,0.0,0
M012,116,2026-06-05 20:00:00,0.0,0
M012,117,2026-06-05 21:00:00,0.0,0
M012,118,2026-06-05 22:00:00,0.0,0
M012,119,2026-06-05 23:00:00,0.0,0
M012,120,2026-06-06 00:00:00,0.0,0
M012,121,2026-06-06 01:00:00,0.0,0
M012,122,2026-06-06 02:00:00,0.0,0
M012,123,2026-06-06 03:00:00,0.0,0
M012,124,2026-06-06 04:00:00,0.0,0
M012,125,2026-06-06 05:00:00,0.0,0
M012,126,2026-06-06 06:00:00,0.0,0
M012,127,2026-06-06 07:00:00,0.0,0
M012,128,2026-06-06 08:00:00,0.0,0
M012,129,2026-06-06 09:00:00,0.0,0
M012,130,2026-06-06 10:00:00,0.0,0
M012,131,2026-06-06 11:00:00,0.0,0
M012,132,2026-06-06 12:00:00,0.0,0
M012,133,2026-06-06 13:00:00,0.0,0
M012,134,2026-06-06 14:00:00,0.0,0
M012,135,2026-06-06 15:00:00,0.0,0
M012,136,2026-06-06 16:00:00,0.0,0
M012,137,2026-06-06 17:00:00,0.0,0
M012,138,2026-06-06 18:00:00,0.0,0
M012,139,2026-06-06 19:00:00,0.0,0
M012,140,2026-06-06 20:00:00,0.0,0
M012,141,2026-06-06 21:00:00,0.0,0
M012,142,2026-06-06 22:00:00,0.0,0
M012,143,2026-06-06 23:00:00,0.0,0
M012,144,2026-06-07 00:00:00,0.0,0
M012,145,2026-06-07 01:00:00,0.0,0
M012,146,2026-06-07 02:00:00,0.0,0
M012,147,2026-06-07 03:00:00,0.0,0
M012,148,2026-06-07 04:00:00,0.0,0
M012,149,2026-06-07 05:00:00,0.0,0
M012,150,2026-06-07 06:00:00,0.0,0
M012,151,2026-06-07 07:00:00,0.0,0
M012,152,2026-06-07 08:00:00,0.0,0
M012,153,2026-06-07 09:00:00,0.0,0
M012,154,2026-06-07 10:00:00,0.0,0
M012,155,2026-06-07 11:00:00,0.0,0
M012,156,2026-06-07 12:00:00,0.0,0
M012,157,2026-06-07 13:00:00,0.0,0
M012,158,2026-06-07 14:00:00,0.0,0
M012,159,2026-06-07 15:00:00,0.0,0
M012,160,2026-06-07 16:00:00,0.0,0
M012,161,2026-06-07 17:00:00,0.0,0
M012,162,2026-06-07 18:00:00,0.0,0
M012,163,2026-06-07 19:00:00,0.0,0
M012,164,2026-06-07 20:00:00,0.0,0
M012,165,2026-06-07 21:00:00,0.0,0
M012,166,2026-06-07 22:00:00,0.0,0
M012,167,2026-06-07 23:00:00,0.0,0
M012,168,2026-06-08 00:00:00,0.0,0
M012,169,2026-06-08 01:00:00,0.0,0
M012,170,2026-06-08 02:00:00,0.0,0
M012,171,2026-06-08 03:00:00,0.0,0
M012,172,2026-06-08 04:00:00,0.0,0
M012,173,2026-06-08 05:00:00,0.0,0
M012,174,2026-06-08 06:00:00,0.0,0
M012,175,2026-06-08 07:00:00,0.0,0
M012,176,2026-06-08 08:00:00,0.0,0
M012,177,2026-06-08 09:00:00,0.0,0
M012,178,2026-06-08 10:00:00,0.0,0
M012,179,2026-06-08 11:00:00,0.0,0
M012,180,2026-06-08 12:00:00,0.0,0
M012,181,2026-06-08 13:00:00,0.0,0
M012,182,2026-06-08 14:00:00,0.0,0
M012,183,2026-06-08 15:00:00,0.0,0
M012,184,2026-06-08 16:00:00,0.0,0
M012,185,2026-06-08 17:00:00,0.0,0
M012,186,2026-06-08 18:00:00,0.0,0
M012,187,2026-06-08 19:00:00,0.0,0
M012,188,2026-06-08 20:00:00,0.0,0
M012,189,2026-06-08 21:00:00,0.0,0
M012,190,2026-06-08 22:00:00,0.0,0
M012,191,2026-06-08 23:00:00,0.0,0
M012,192,2026-06-09 00:00:00,0.0,0
M012,193,2026-06-09 01:00:00,0.0,0
M012,194,2026-06-09 02:00:00,0.0,0
M012,195,2026-06-09 03:00:00,0.0,0
M012,196,2026-06-09 04:00:00,0.0,0
M012,197,2026-06-09 05:00:00,0.0,0
M012,198,2026-06-09 06:00:00,0.0,0
M012,199,2026-06-09 07:00:00,0.0,0
M012,200,2026-06-09 08:00:00,0.0,0
M012,201,2026-06-09 09:00:00,0.0,0
M012,202,2026-06-09 10:00:00,0.002947296678487375,0
M012,203,2026-06-09 11:00:00,0.0,0
M012,204,2026-06-09 12:00:00,0.0030526368043949496,0
M012,205,2026-06-09 13:00:00,0.0,0
M012,206,2026-06-09 14:00:00,0.0030526368043949496,0
M012,207,2026-06-09 15:00:00,0.005951460137101285,0
M012,208,2026-06-09 16:00:00,0.0,0
M012,209,2026-06-09 17:00:00,0.0,0
M012,210,2026-06-09 18:00:00,0.0,0
M012,211,2026-06-09 19:00:00,0.0,0
M012,212,2026-06-09 20:00:00,0.0,0
M012,213,2026-06-09 21:00:00,0.0,0
M012,214,2026-06-09 22:00:00,0.0,0
M012,215,2026-06-09 23:00:00,0.0,0
M012,216,2026-06-10 00:00:00,0.0,0
M012,217,2026-06-10 01:00:00,0.0,0
M012,218,2026-06-10 02:00:00,0.0,0
M012,219,2026-06-10 03:00:00,0.0,0
M012,220,2026-06-10 04:00:00,0.0,0
M012,221,2026-06-10 05:00:00,0.0,0
M012,222,2026-06-10 06:00:00,0.0,0
M012,223,2026-06-10 07:00:00,0.0,0
M012,224,2026-06-10 08:00:00,0.0,0
M012,225,2026-06-10 09:00:00,0.0,0
M012,226,2026-06-10 10:00:00,0.0,0
M012,227,2026-06-10 11:00:00,0.0,0
M012,228,2026-06-10 12:00:00,0.0,0
M012,229,2026-06-10 13:00:00,0.0,0
M012,230,2026-06-10 14:00:00,0.0,0
M012,231,2026-06-10 15:00:00,0.0,0
M012,232,2026-06-10 16:00:00,0.0,0
M012,233,2026-06-10 17:00:00,0.0,0
M012,234,2026-06-10 18:00:00,0.0,0
M012,235,2026-06-10 19:00:00,0.0,0
M012,236,2026-06-10 20:00:00,0.0,0
M012,237,2026-06-10 21:00:00,0.0,0
M012,238,2026-06-10 22:00:00,0.0,0
M012,239,2026-06-10 23:00:00,0.0,0
M012,240,2026-06-11 00:00:00,0.0,0
M012,241,2026-06-11 01:00:00,0.0,0
M012,242,2026-06-11 02:00:00,0.0,0
M012,243,2026-06-11 03:00:00,0.0,0
M012,244,2026-06-11 04:00:00,0.0,0
M012,245,2026-06-11 05:00:00,0.0,0
M012,246,2026-06-11 06:00:00,0.0,0
M012,247,2026-06-11 07:00:00,0.0,0
M012,248,2026-06-11 08:00:00,0.0,0
M012,249,2026-06-11 09:00:00,0.0,0
M012,250,2026-06-11 10:00:00,0.0,0
M012,251,2026-06-11 11:00:00,0.0,0
M012,252,2026-06-11 12:00:00,0.0,0
M012,253,2026-06-11 13:00:00,0.0,0
M012,254,2026-06-11 14:00:00,0.0,0
M012,255,2026-06-11 15:00:00,0.0,0
M012,256,2026-06-11 16:00:00,0.0,0
M012,257,2026-06-11 17:00:00,0.0,0
M012,258,2026-06-11 18:00:00,0.0,0
M012,259,2026-06-11 19:00:00,0.0,0
M012,260,2026-06-11 20:00:00,0.0,0
M012,261,2026-06-11 21:00:00,0.0,0
M012,262,2026-06-11 22:00:00,0.0,0
M012,263,2026-06-11 23:00:00,0.0,0
M012,264,2026-06-12 00:00:00,0.0,0
M012,265,2026-06-12 01:00:00,0.0,0
M012,266,2026-06-12 02:00:00,0.0,0
M012,267,2026-06-12 03:00:00,0.0,0
M012,268,2026-06-12 04:00:00,0.0,0
M012,269,2026-06-12 05:00:00,0.0,0
M012,270,2026-06-12 06:00:00,0.0,0
M012,271,2026-06-12 07:00:00,0.0,0
M012,272,2026-06-12 08:00:00,0.0,0
M012,273,2026-06-12 09:00:00,0.0,0
M012,274,2026-06-12 10:00:00,0.0,0
M012,275,2026-06-12 11:00:00,0.0,0
M012,276,2026-06-12 12:00:00,0.0,0
M012,277,2026-06-12 13:00:00,0.0,0
M012,278,2026-06-12 14:00:00,0.0,0
M012,279,2026-06-12 15:00:00,0.0,0
M012,280,2026-06-12 16:00:00,0.0,0
M012,281,2026-06-12 17:00:00,0.0,0
M012,282,2026-06-12 18:00:00,0.0,0
M012,283,2026-06-12 19:00:00,0.0,0
M012,284,2026-06-12 20:00:00,0.0,0
M012,285,2026-06-12 21:00:00,0.0,0
M012,286,2026-06-12 22:00:00,0.0,0
M012,287,2026-06-12 23:00:00,0.0,0
M012,288,2026-06-13 00:00:00,0.0,0
M012,289,2026-06-13 01:00:00,0.0,0
M012,290,2026-06-13 02:00:00,0.0,0
M012,291,2026-06-13 03:00:00,0.0,0
M012,292,2026-06-13 04:00:00,0.0,0
M012,293,2026-06-13 05:00:00,0.0,0
M012,294,2026-06-13 06:00:00,0.0,0
M012,295,2026-06-13 07:00:00,0.0,0
M012,296,2026-06-13 08:00:00,0.0,0
M012,297,2026-06-13 09:00:00,0.0,0
M012,298,2026-06-13 10:00:00,0.0,0
M012,299,2026-06-13 11:00:00,0.0,0
M012,300,2026-06-13 12:00:00,0.0,0
M012,301,2026-06-13 13:00:00,0.0,0
M012,302,2026-06-13 14:00:00,0.0,0
M012,303,2026-06-13 15:00:00,0.0,0
M012,304,2026-06-13 16:00:00,0.0,0
M012,305,2026-06-13 17:00:00,0.0,0
M012,306,2026-06-13 18:00:00,0.0,0
M012,307,2026-06-13 19:00:00,0.0,0
M012,308,2026-06-13 20:00:00,0.0,0
M012,309,2026-06-13 21:00:00,0.0,0
M012,310,2026-06-13 22:00:00,0.0,0
M012,311,2026-06-13 23:00:00,0.0,0
M012,312,2026-06-14 00:00:00,0.0,0
M012,313,2026-06-14 01:00:00,0.0,0
M012,314,2026-06-14 02:00:00,0.0,0
M012,315,2026-06-14 03:00:00,0.0,0
M012,316,2026-06-14 04:00:00,0.0,0
M012,317,2026-06-14 05:00:00,0.0,0
M012,318,2026-06-14 06:00:00,0.0,0
M012,319,2026-06-14 07:00:00,0.0,0
M012,320,2026-06-14 08:00:00,0.0,0
M012,321,2026-06-14 09:00:00,0.0,0
M012,322,2026-06-14 10:00:00,0.0,0
M012,323,2026-06-14 11:00:00,0.0,0
M012,324,2026-06-14 12:00:00,0.0,0
M012,325,2026-06-14 13:00:00,0.0,0
M012,326,2026-06-14 14:00:00,0.0,0
M012,327,2026-06-14 15:00:00,0.0,0
M012,328,2026-06-14 16:00:00,0.0,0
M012,329,2026-06-14 17:00:00,0.0,0
M012,330,2026-06-14 18:00:00,0.0,0
M012,331,2026-06-14 19:00:00,0.0,0
M012,332,2026-06-14 20:00:00,0.0,0
M012,333,2026-06-14 21:00:00,0.0,0
M012,334,2026-06-14 22:00:00,0.0,0
M012,335,2026-06-14 23:00:00,0.0,0
M012,336,2026-06-15 00:00:00,0.0,0
M012,337,2026-06-15 01:00:00,0.0,0
M012,338,2026-06-15 02:00:00,0.0,0
M012,339,2026-06-15 03:00:00,0.0,0
M012,340,2026-06-15 04:00:00,0.0,0
M012,341,2026-06-15 05:00:00,0.0,0
M012,342,2026-06-15 06:00:00,0.0,0
M012,343,2026-06-15 07:00:00,0.0,0
M012,344,2026-06-15 08:00:00,0.0,0
M012,345,2026-06-15 09:00:00,0.0,0
M012,346,2026-06-15 10:00:00,0.0,0
M012,347,2026-06-15 11:00:00,0.0,0
M012,348,2026-06-15 12:00:00,0.0,0
M012,349,2026-06-15 13:00:00,0.0,0
M012,350,2026-06-15 14:00:00,0.0,0
M012,351,2026-06-15 15:00:00,0.0,0
M012,352,2026-06-15 16:00:00,0.0,0
M012,353,2026-06-15 17:00:00,0.0,0
M012,354,2026-06-15 18:00:00,0.0,0
M012,355,2026-06-15 19:00:00,0.0,0
M012,356,2026-06-15 20:00:00,0.0,0
M012,357,2026-06-15 21:00:00,0.0,0
M012,358,2026-06-15 22:00:00,0.0,0
M012,359,2026-06-15 23:00:00,0.0,0
M012,360,2026-06-16 00:00:00,0.0,0
M012,361,2026-06-16 01:00:00,0.0,0
M012,362,2026-06-16 02:00:00,0.0,0
M012,363,2026-06-16 03:00:00,0.0,0
M012,364,2026-06-16 04:00:00,0.0,0
M012,365,2026-06-16 05:00:00,0.0,0
M012,366,2026-06-16 06:00:00,0.0,0
M012,367,2026-06-16 07:00:00,0.0,0
M012,368,2026-06-16 08:00:00,0.0,0
M012,369,2026-06-16 09:00:00,0.0,0
M012,370,2026-06-16 10:00:00,0.0,0
M012,371,2026-06-16 11:00:00,0.0,0
M012,372,2026-06-16 12:00:00,0.0,0
M012,373,2026-06-16 13:00:00,0.0,0
M012,374,2026-06-16 14:00:00,0.0,0
M012,375,2026-06-16 15:00:00,0.0,0
M012,376,2026-06-16 16:00:00,0.0,0
M012,377,2026-06-16 17:00:00,0.0,0
M012,378,2026-06-16 18:00:00,0.0,0
M012,379,2026-06-16 19:00:00,0.0,0
M012,380,2026-06-16 20:00:00,0.0,0
M012,381,2026-06-16 21:00:00,0.0,0
M012,382,2026-06-16 22:00:00,0.0,0
M012,383,2026-06-16 23:00:00,0.0,0
M012,384,2026-06-17 00:00:00,0.0,0
M012,385,2026-06-17 01:00:00,0.0,0
M012,386,2026-06-17 02:00:00,0.0,0
M012,387,2026-06-17 03:00:00,0.0,0
M012,388,2026-06-17 04:00:00,0.0,0
M012,389,2026-06-17 05:00:00,0.0,0
M012,390,2026-06-17 06:00:00,0.0,0
M012,391,2026-06-17 07:00:00,0.0,0
M012,392,2026-06-17 08:00:00,0.0,0
M012,393,2026-06-17 09:00:00,0.0,0
M012,394,2026-06-17 10:00:00,0.0,0
M012,395,2026-06-17 11:00:00,0.0,0
M012,396,2026-06-17 12:00:00,0.0,0
M012,397,2026-06-17 13:00:00,0.0,0
M012,398,2026-06-17 14:00:00,0.0,0
M012,399,2026-06-17 15:00:00,0.0,0
M012,400,2026-06-17 16:00:00,0.0,0
M012,401,2026-06-17 17:00:00,0.0,0
M012,402,2026-06-17 18:00:00,0.0,0
M012,403,2026-06-17 19:00:00,0.0,0
M012,404,2026-06-17 20:00:00,0.0,0
M012,405,2026-06-17 21:00:00,0.0,0
M012,406,2026-06-17 22:00:00,0.0,0
M012,407,2026-06-17 23:00:00,0.0,0
M012,408,2026-06-18 00:00:00,0.0,0
M012,409,2026-06-18 01:00:00,0.0,0
M012,410,2026-06-18 02:00:00,0.0,0
M012,411,2026-06-18 03:00:00,0.0,0
M012,412,2026-06-18 04:00:00,0.0,0
M012,413,2026-06-18 05:00:00,0.0,0
M012,414,2026-06-18 06:00:00,0.0,0
M012,415,2026-06-18 07:00:00,0.0,0
M012,416,2026-06-18 08:00:00,0.0,0
M012,417,2026-06-18 09:00:00,0.0,0
M012,418,2026-06-18 10:00:00,0.0,0
M012,419,2026-06-18 11:00:00,0.0,0
M012,420,2026-06-18 12:00:00,0.002534344433454225,0
M012,421,2026-06-18 13:00:00,0.002534344433454225,0
M012,422,2026-06-18 14:00:00,0.0,0
M012,423,2026-06-18 15:00:00,0.0,0
M012,424,2026-06-18 16:00:00,0.0,0
M012,425,2026-06-18 17:00:00,0.0,0
M012,426,2026-06-18 18:00:00,0.0,0
M012,427,2026-06-18 19:00:00,0.0,0
M012,428,2026-06-18 20:00:00,0.0,0
M012,429,2026-06-18 21:00:00,0.0,0
M012,430,2026-06-18 22:00:00,0.0,0
M012,431,2026-06-18 23:00:00,0.0,0
M012,432,2026-06-19 00:00:00,0.0,0
M012,433,2026-06-19 01:00:00,0.0,0
M012,434,2026-06-19 02:00:00,0.0,0
M012,435,2026-06-19 03:00:00,0.0,0
M012,436,2026-06-19 04:00:00,0.0,0
M012,437,2026-06-19 05:00:00,0.0,0
M012,438,2026-06-19 06:00:00,0.0,0
M012,439,2026-06-19 07:00:00,0.0,0
M012,440,2026-06-19 08:00:00,0.0,0
M012,441,2026-06-19 09:00:00,0.0,0
M012,442,2026-06-19 10:00:00,0.0,0
M012,443,2026-06-19 11:00:00,0.0,0
M012,444,2026-06-19 12:00:00,0.0,0
M012,445,2026-06-19 13:00:00,0.0,0
M012,446,2026-06-19 14:00:00,0.0,0
M012,447,2026-06-19 15:00:00,0.0,0
M012,448,2026-06-19 16:00:00,0.0,0
M012,449,2026-06-19 17:00:00,0.0,0
M012,450,2026-06-19 18:00:00,0.0,0
M012,451,2026-06-19 19:00:00,0.0,0
M012,452,2026-06-19 20:00:00,0.0,0
M012,453,2026-06-19 21:00:00,0.0,0
M012,454,2026-06-19 22:00:00,0.0,0
M012,455,2026-06-19 23:00:00,0.0,0
M012,456,2026-06-20 00:00:00,0.0,0
M012,457,2026-06-20 01:00:00,0.0,0
M012,458,2026-06-20 02:00:00,0.0,0
M012,459,2026-06-20 03:00:00,0.0,0
M012,460,2026-06-20 04:00:00,0.0,0
M012,461,2026-06-20 05:00:00,0.0,0
M012,462,2026-06-20 06:00:00,0.0,0
M012,463,2026-06-20 07:00:00,0.0,0
M012,464,2026-06-20 08:00:00,0.0,0
M012,465,2026-06-20 09:00:00,0.0,0
M012,466,2026-06-20 10:00:00,0.0,0
M012,467,2026-06-20 11:00:00,0.0,0
M012,468,2026-06-20 12:00:00,0.0,0
M012,469,2026-06-20 13:00:00,0.0,0
M012,470,2026-06-20 14:00:00,0.0,0
M012,471,2026-06-20 15:00:00,0.0,0
M012,472,2026-06-20 16:00:00,0.0031552564718807935,0
M012,473,2026-06-20 17:00:00,0.0,0
M012,474,2026-06-20 18:00:00,0.0,0
M012,475,2026-06-20 19:00:00,0.0,0
M012,476,2026-06-20 20:00:00,0.0,0
M012,477,2026-06-20 21:00:00,0.0,0
M012,478,2026-06-20 22:00:00,0.0,0
M012,479,2026-06-20 23:00:00,0.0,0
M012,480,2026-06-21 00:00:00,0.0,0
M012,481,2026-06-21 01:00:00,0.0,0
M012,482,2026-06-21 02:00:00,0.0,0
M012,483,2026-06-21 03:00:00,0.0,0
M012,484,2026-06-21 04:00:00,0.0,0
M012,485,2026-06-21 05:00:00,0.0,0
M012,486,2026-06-21 06:00:00,0.0,0
M012,487,2026-06-21 07:00:00,0.0,0
M012,488,2026-06-21 08:00:00,0.0,0
M012,489,2026-06-21 09:00:00,0.0,0
M012,490,2026-06-21 10:00:00,0.0,0
M012,491,2026-06-21 11:00:00,0.0,0
M012,492,2026-06-21 12:00:00,0.0,0
M012,493,2026-06-21 13:00:00,0.0,0
M012,494,2026-06-21 14:00:00,0.0,0
M012,495,2026-06-21 15:00:00,0.0,0
M012,496,2026-06-21 16:00:00,0.0,0
M012,497,2026-06-21 17:00:00,0.0,0
M012,498,2026-06-21 18:00:00,0.0,0
M012,499,2026-06-21 19:00:00,0.0,0
M012,500,2026-06-21 20:00:00,0.0,0
M012,501,2026-06-21 21:00:00,0.0,0
M012,502,2026-06-21 22:00:00,0.0,0
M012,503,2026-06-21 23:00:00,0.0,0
M012,504,2026-06-22 00:00:00,0.0,0
M012,505,2026-06-22 01:00:00,0.0,0
M012,506,2026-06-22 02:00:00,0.0,0
M012,507,2026-06-22 03:00:00,0.0,0
M012,508,2026-06-22 04:00:00,0.0,0
M012,509,2026-06-22 05:00:00,0.0,0
M012,510,2026-06-22 06:00:00,0.0,0
M012,511,2026-06-22 07:00:00,0.0,0
M012,512,2026-06-22 08:00:00,0.0,0
M012,513,2026-06-22 09:00:00,0.0,0
M012,514,2026-06-22 10:00:00,0.0,0
M012,515,2026-06-22 11:00:00,0.0,0
M012,516,2026-06-22 12:00:00,0.0,0
M012,517,2026-06-22 13:00:00,0.0,0
M012,518,2026-06-22 14:00:00,0.0,0
M012,519,2026-06-22 15:00:00,0.0,0
M012,520,2026-06-22 16:00:00,0.0,0
M012,521,2026-06-22 17:00:00,0.0,0
M012,522,2026-06-22 18:00:00,0.0,0
M012,523,2026-06-22 19:00:00,0.0,0
M012,524,2026-06-22 20:00:00,0.0,0
M012,525,2026-06-22 21:00:00,0.0,0
M012,526,2026-06-22 22:00:00,0.0,0
M012,527,2026-06-22 23:00:00,0.0,0
M012,528,2026-06-23 00:00:00,0.0,0
M012,529,2026-06-23 01:00:00,0.0,0
M012,530,2026-06-23 02:00:00,0.0,0
M012,531,2026-06-23 03:00:00,0.0,0
M012,532,2026-06-23 04:00:00,0.0,0
M012,533,2026-06-23 05:00:00,0.0,0
M012,534,2026-06-23 06:00:00,0.0,0
M012,535,2026-06-23 07:00:00,0.0,0
M012,536,2026-06-23 08:00:00,0.0,0
M012,537,2026-06-23 09:00:00,0.0,0
M012,538,2026-06-23 10:00:00,0.0,0
M012,539,2026-06-23 11:00:00,0.0,0
M012,540,2026-06-23 12:00:00,0.0,0
M012,541,2026-06-23 13:00:00,0.0,0
M012,542,2026-06-23 14:00:00,0.0,0
M012,543,2026-06-23 15:00:00,0.0,0
M012,544,2026-06-23 16:00:00,0.0,0
M012,545,2026-06-23 17:00:00,0.0,0
M012,546,2026-06-23 18:00:00,0.0,0
M012,547,2026-06-23 19:00:00,0.0,0
M012,548,2026-06-23 20:00:00,0.0,0
M012,549,2026-06-23 21:00:00,0.0,0
M012,550,2026-06-23 22:00:00,0.0,0
M012,551,2026-06-23 23:00:00,0.0,0
M012,552,2026-06-24 00:00:00,0.0,0
M012,553,2026-06-24 01:00:00,0.0,0
M012,554,2026-06-24 02:00:00,0.0,0
M012,555,2026-06-24 03:00:00,0.0,0
M012,556,2026-06-24 04:00:00,0.0,0
M012,557,2026-06-24 05:00:00,0.0,0
M012,558,2026-06-24 06:00:00,0.0,0
M012,559,2026-06-24 07:00:00,0.0,0
M012,560,2026-06-24 08:00:00,0.0,0
M012,561,2026-06-24 09:00:00,0.0,0
M012,562,2026-06-24 10:00:00,0.0,0
M012,563,2026-06-24 11:00:00,0.0,0
M012,564,2026-06-24 12:00:00,0.0,0
M012,565,2026-06-24 13:00:00,0.0,0
M012,566,2026-06-24 14:00:00,0.0,0
M012,567,2026-06-24 15:00:00,0.0,0
M012,568,2026-06-24 16:00:00,0.0,0
M012,569,2026-06-24 17:00:00,0.0,0
M012,570,2026-06-24 18:00:00,0.0,0
M012,571,2026-06-24 19:00:00,0.0,0
M012,572,2026-06-24 20:00:00,0.0,0
M012,573,2026-06-24 21:00:00,0.0,0
M012,574,2026-06-24 22:00:00,0.0,0
M012,575,2026-06-24 23:00:00,0.0,0
M012,576,2026-06-25 00:00:00,0.0,0
M012,577,2026-06-25 01:00:00,0.0,0
M012,578,2026-06-25 02:00:00,0.0,0
M012,579,2026-06-25 03:00:00,0.0,0
M012,580,2026-06-25 04:00:00,0.0027475060609673694,0
M012,581,2026-06-25 05:00:00,0.0027475060609673694,0
M012,582,2026-06-25 06:00:00,0.0,0
M012,583,2026-06-25 07:00:00,0.0,0
M012,584,2026-06-25 08:00:00,0.0,0
M012,585,2026-06-25 09:00:00,0.0,0
M012,586,2026-06-25 10:00:00,0.0,0
M012,587,2026-06-25 11:00:00,0.0,0
M012,588,2026-06-25 12:00:00,0.0,0
M012,589,2026-06-25 13:00:00,0.0,0
M012,590,2026-06-25 14:00:00,0.0,0
M012,591,2026-06-25 15:00:00,0.0,0
M012,592,2026-06-25 16:00:00,0.0,0
M012,593,2026-06-25 17:00:00,0.0,0
M012,594,2026-06-25 18:00:00,0.0,0
M012,595,2026-06-25 19:00:00,0.0,0
M012,596,2026-06-25 20:00:00,0.0,0
M012,597,2026-06-25 21:00:00,0.0,0
M012,598,2026-06-25 22:00:00,0.0,0
M012,599,2026-06-25 23:00:00,0.0,0
M012,600,2026-06-26 00:00:00,0.0,0
M012,601,2026-06-26 01:00:00,0.0,0
M012,602,2026-06-26 02:00:00,0.0,0
M012,603,2026-06-26 03:00:00,0.0,0
M012,604,2026-06-26 04:00:00,0.0,0
M012,605,2026-06-26 05:00:00,0.002536104391173668,0
M012,606,2026-06-26 06:00:00,0.0,0
M012,607,2026-06-26 07:00:00,0.0,0
M012,608,2026-06-26 08:00:00,0.0,0
M012,609,2026-06-26 09:00:00,0.0,0
M012,610,2026-06-26 10:00:00,0.0,0
M012,611,2026-06-26 11:00:00,0.0,0
M012,612,2026-06-26 12:00:00,0.0,0
M012,613,2026-06-26 13:00:00,0.0,0
M012,614,2026-06-26 14:00:00,0.0,0
M012,615,2026-06-26 15:00:00,0.0,0
M012,616,2026-06-26 16:00:00,0.0,0
M012,617,2026-06-26 17:00:00,0.0,0
M012,618,2026-06-26 18:00:00,0.0,0
M012,619,2026-06-26 19:00:00,0.00311450312936197,0
M012,620,2026-06-26 20:00:00,0.0,0
M012,621,2026-06-26 21:00:00,0.0,0
M012,622,2026-06-26 22:00:00,0.0,0
M012,623,2026-06-26 23:00:00,0.0,0
M012,624,2026-06-27 00:00:00,0.0,0
M012,625,2026-06-27 01:00:00,0.0,0
M012,626,2026-06-27 02:00:00,0.0,0
M012,627,2026-06-27 03:00:00,0.0,0
M012,628,2026-06-27 04:00:00,0.0,0
M012,629,2026-06-27 05:00:00,0.0,0
M012,630,2026-06-27 06:00:00,0.0,0
M012,631,2026-06-27 07:00:00,0.0,0
M012,632,2026-06-27 08:00:00,0.0,0
M012,633,2026-06-27 09:00:00,0.0,0
M012,634,2026-06-27 10:00:00,0.0,0
M012,635,2026-06-27 11:00:00,0.0,0
M012,636,2026-06-27 12:00:00,0.0,0
M012,637,2026-06-27 13:00:00,0.003015520097654547,0
M012,638,2026-06-27 14:00:00,0.003015520097654547,0
M012,639,2026-06-27 15:00:00,0.003015520097654547,0
M012,640,2026-06-27 16:00:00,0.0,0
M012,641,2026-06-27 17:00:00,0.0,0
M012,642,2026-06-27 18:00:00,0.0,0
M012,643,2026-06-27 19:00:00,0.0,0
M012,644,2026-06-27 20:00:00,0.0,0
M012,645,2026-06-27 21:00:00,0.0,0
M012,646,2026-06-27 22:00:00,0.0,0
M012,647,2026-06-27 23:00:00,0.0,0
M012,648,2026-06-28 00:00:00,0.0,0
M012,649,2026-06-28 01:00:00,0.00311450312936197,0
M012,650,2026-06-28 02:00:00,0.0,0
M012,651,2026-06-28 03:00:00,0.0027634440786191757,0
M012,652,2026-06-28 04:00:00,0.0027634440786191757,0
M012,653,2026-06-28 05:00:00,0.005775229800685271,0
M012,654,2026-06-28 06:00:00,0.0027634440786191757,0
M012,655,2026-06-28 07:00:00,0.0,0
M012,656,2026-06-28 08:00:00,0.0,0
M012,657,2026-06-28 09:00:00,0.0027634440786191757,0
M012,658,2026-06-28 10:00:00,0.0027634440786191757,0
M012,659,2026-06-28 11:00:00,0.0027634440786191757,0
M012,660,2026-06-28 12:00:00,0.0027634440786191757,0
M012,661,2026-06-28 13:00:00,0.005412016217637174,0
M012,662,2026-06-28 14:00:00,0.005412016217637174,0
M012,663,2026-06-28 15:00:00,0.005412016217637174,0
M012,664,2026-06-28 16:00:00,0.008526519346999144,0
M012,665,2026-06-28 17:00:00,0.0,0
M012,666,2026-06-28 18:00:00,0.0,0
M012,667,2026-06-28 19:00:00,0.0,0
M012,668,2026-06-28 20:00:00,0.0,0
M012,669,2026-06-28 21:00:00,0.0,0
M012,670,2026-06-28 22:00:00,0.0,0
M012,671,2026-06-28 23:00:00,0.0,0
M012,672,2026-06-29 00:00:00,0.0,0
M012,673,2026-06-29 01:00:00,0.0,0
M012,674,2026-06-29 02:00:00,0.0,0
M012,675,2026-06-29 03:00:00,0.0,0
M012,676,2026-06-29 04:00:00,0.0,0
M012,677,2026-06-29 05:00:00,0.0,0
M012,678,2026-06-29 06:00:00,0.0,0
M012,679,2026-06-29 07:00:00,0.0,0
M012,680,2026-06-29 08:00:00,0.0,0
M012,681,2026-06-29 09:00:00,0.0,0
M012,682,2026-06-29 10:00:00,0.0,0
M012,683,2026-06-29 11:00:00,0.0,0
M012,684,2026-06-29 12:00:00,0.0,0
M012,685,2026-06-29 13:00:00,0.0,0
M012,686,2026-06-29 14:00:00,0.0,0
M012,687,2026-06-29 15:00:00,0.0,0
M012,688,2026-06-29 16:00:00,0.0,0
M012,689,2026-06-29 17:00:00,0.0,0
M012,690,2026-06-29 18:00:00,0.0,0
M012,691,2026-06-29 19:00:00,0.0,0
M012,692,2026-06-29 20:00:00,0.0,0
M012,693,2026-06-29 21:00:00,0.0,0
M012,694,2026-06-29 22:00:00,0.0,0
M012,695,2026-06-29 23:00:00,0.0,0
M012,696,2026-06-30 00:00:00,0.0,0
M012,697,2026-06-30 01:00:00,0.0,0
M012,698,2026-06-30 02:00:00,0.0,0
M012,699,2026-06-30 03:00:00,0.0,0
M012,700,2026-06-30 04:00:00,0.0,0
M012,701,2026-06-30 05:00:00,0.0,0
M012,702,2026-06-30 06:00:00,0.0,0
M012,703,2026-06-30 07:00:00,0.0,0
M012,704,2026-06-30 08:00:00,0.0,0
M012,705,2026-06-30 09:00:00,0.0,0
M012,706,2026-06-30 10:00:00,0.0,0
M012,707,2026-06-30 11:00:00,0.0,0
M012,708,2026-06-30 12:00:00,0.0,0
M012,709,2026-06-30 13:00:00,0.00311450312936197,0
M012,710,2026-06-30 14:00:00,0.0,0
M012,711,2026-06-30 15:00:00,0.0,0
M012,712,2026-06-30 16:00:00,0.0,0
M012,713,2026-06-30 17:00:00,0.0,0
M012,714,2026-06-30 18:00:00,0.0,0
M012,715,2026-06-30 19:00:00,0.0,0
M012,716,2026-06-30 20:00:00,0.0,0
M012,717,2026-06-30 21:00:00,0.0,0
M012,718,2026-06-30 22:00:00,0.0,0
M012,719,2026-06-30 23:00:00,0.0,0
M013,23,2026-06-01 23:00:00,0.0056094361951439485,0
M013,24,2026-06-02 00:00:00,0.0,0
M013,25,2026-06-02 01:00:00,0.0,0
M013,26,2026-06-02 02:00:00,0.0056094361951439485,0
M013,27,2026-06-02 03:00:00,0.0,0
M013,28,2026-06-02 04:00:00,0.0,0
M013,29,2026-06-02 05:00:00,0.002449373021347341,0
M013,30,2026-06-02 06:00:00,0.005469879129549784,0
M013,31,2026-06-02 07:00:00,0.0,0
M013,32,2026-06-02 08:00:00,0.0,0
M013,33,2026-06-02 09:00:00,0.0,0
M013,34,2026-06-02 10:00:00,0.0,0
M013,35,2026-06-02 11:00:00,0.0030205061082024423,0
M013,36,2026-06-02 12:00:00,0.0,0
M013,37,2026-06-02 13:00:00,0.0,0
M013,38,2026-06-02 14:00:00,0.0,0
M013,39,2026-06-02 15:00:00,0.0,0
M013,40,2026-06-02 16:00:00,0.0,0
M013,41,2026-06-02 17:00:00,0.0,0
M013,42,2026-06-02 18:00:00,0.0,0
M013,43,2026-06-02 19:00:00,0.0,0
M013,44,2026-06-02 20:00:00,0.0,0
M013,45,2026-06-02 21:00:00,0.0,0
M013,46,2026-06-02 22:00:00,0.0,0
M013,47,2026-06-02 23:00:00,0.0,0
M013,48,2026-06-03 00:00:00,0.0,0
M013,49,2026-06-03 01:00:00,0.0,0
M013,50,2026-06-03 02:00:00,0.0,0
M013,51,2026-06-03 03:00:00,0.0,0
M013,52,2026-06-03 04:00:00,0.0,0
M013,53,2026-06-03 05:00:00,0.0,0
M013,54,2026-06-03 06:00:00,0.0,0
M013,55,2026-06-03 07:00:00,0.0,0
M013,56,2026-06-03 08:00:00,0.0,0
M013,57,2026-06-03 09:00:00,0.0,0
M013,58,2026-06-03 10:00:00,0.0,0
M013,59,2026-06-03 11:00:00,0.0,0
M013,60,2026-06-03 12:00:00,0.0,0
M013,61,2026-06-03 13:00:00,0.0,0
M013,62,2026-06-03 14:00:00,0.0,0
M013,63,2026-06-03 15:00:00,0.0,0
M013,64,2026-06-03 16:00:00,0.0,0
M013,65,2026-06-03 17:00:00,0.0,0
M013,66,2026-06-03 18:00:00,0.0,0
M013,67,2026-06-03 19:00:00,0.0,0
M013,68,2026-06-03 20:00:00,0.0,0
M013,69,2026-06-03 21:00:00,0.0,0
M013,70,2026-06-03 22:00:00,0.0,0
M013,71,2026-06-03 23:00:00,0.0,0
M013,72,2026-06-04 00:00:00,0.0,0
M013,73,2026-06-04 01:00:00,0.0,0
M013,74,2026-06-04 02:00:00,0.0,0
M013,75,2026-06-04 03:00:00,0.0,0
M013,76,2026-06-04 04:00:00,0.0,0
M013,77,2026-06-04 05:00:00,0.0,0
M013,78,2026-06-04 06:00:00,0.0,0
M013,79,2026-06-04 07:00:00,0.0,0
M013,80,2026-06-04 08:00:00,0.0,0
M013,81,2026-06-04 09:00:00,0.0,0
M013,82,2026-06-04 10:00:00,0.0,0
M013,83,2026-06-04 11:00:00,0.0,0
M013,84,2026-06-04 12:00:00,0.0,0
M013,85,2026-06-04 13:00:00,0.0,0
M013,86,2026-06-04 14:00:00,0.0,0
M013,87,2026-06-04 15:00:00,0.0,0
M013,88,2026-06-04 16:00:00,0.0,0
M013,89,2026-06-04 17:00:00,0.0,0
M013,90,2026-06-04 18:00:00,0.0,0
M013,91,2026-06-04 19:00:00,0.0,0
M013,92,2026-06-04 20:00:00,0.0,0
M013,93,2026-06-04 21:00:00,0.0,0
M013,94,2026-06-04 22:00:00,0.0,0
M013,95,2026-06-04 23:00:00,0.0,0
M013,96,2026-06-05 00:00:00,0.0,0
M013,97,2026-06-05 01:00:00,0.0,0
M013,98,2026-06-05 02:00:00,0.0,0
M013,99,2026-06-05 03:00:00,0.0,0
M013,100,2026-06-05 04:00:00,0.0,0
M013,101,2026-06-05 05:00:00,0.0,0
M013,102,2026-06-05 06:00:00,0.0,0
M013,103,2026-06-05 07:00:00,0.0,0
M013,104,2026-06-05 08:00:00,0.0,0
M013,105,2026-06-05 09:00:00,0.0,0
M013,106,2026-06-05 10:00:00,0.0,0
M013,107,2026-06-05 11:00:00,0.0,0
M013,108,2026-06-05 12:00:00,0.005884209487227758,0
M013,109,2026-06-05 13:00:00,0.0,0
M013,110,2026-06-05 14:00:00,0.0,0
M013,111,2026-06-05 15:00:00,0.0,0
M013,112,2026-06-05 16:00:00,0.0,0
M013,113,2026-06-05 17:00:00,0.0,0
M013,114,2026-06-05 18:00:00,0.0,0
M013,115,2026-06-05 19:00:00,0.0,0
M013,116,2026-06-05 20:00:00,0.022392939959706232,0
M013,117,2026-06-05 21:00:00,0.008449111170860836,0
M013,118,2026-06-05 22:00:00,0.0030059854173468273,0
M013,119,2026-06-05 23:00:00,0.0030059854173468273,0
M013,120,2026-06-06 00:00:00,0.0030059854173468273,0
M013,121,2026-06-06 01:00:00,0.0030059854173468273,0
M013,122,2026-06-06 02:00:00,0.0,0
M013,123,2026-06-06 03:00:00,0.0,0
M013,124,2026-06-06 04:00:00,0.0,0
M013,125,2026-06-06 05:00:00,0.0,0
M013,126,2026-06-06 06:00:00,0.0,0
M013,127,2026-06-06 07:00:00,0.0,0
M013,128,2026-06-06 08:00:00,0.0,0
M013,129,2026-06-06 09:00:00,0.0,0
M013,130,2026-06-06 10:00:00,0.0,0
M013,131,2026-06-06 11:00:00,0.0,0
M013,132,2026-06-06 12:00:00,0.0,0
M013,133,2026-06-06 13:00:00,0.0,0
M013,134,2026-06-06 14:00:00,0.0,0
M013,135,2026-06-06 15:00:00,0.0,0
M013,136,2026-06-06 16:00:00,0.0,0
M013,137,2026-06-06 17:00:00,0.005247270408194294,0
M013,138,2026-06-06 18:00:00,0.0,0
M013,139,2026-06-06 19:00:00,0.0,0
M013,140,2026-06-06 20:00:00,0.0,0
M013,141,2026-06-06 21:00:00,0.0,0
M013,142,2026-06-06 22:00:00,0.0,0
M013,143,2026-06-06 23:00:00,0.0,0
M013,144,2026-06-07 00:00:00,0.0,0
M013,145,2026-06-07 01:00:00,0.0,0
M013,146,2026-06-07 02:00:00,0.0,0
M013,147,2026-06-07 03:00:00,0.0,0
M013,148,2026-06-07 04:00:00,0.0,0
M013,149,2026-06-07 05:00:00,0.0,0
M013,150,2026-06-07 06:00:00,0.0,0
M013,151,2026-06-07 07:00:00,0.0,0
M013,152,2026-06-07 08:00:00,0.0,0
M013,153,2026-06-07 09:00:00,0.0,0
M013,154,2026-06-07 10:00:00,0.0,0
M013,155,2026-06-07 11:00:00,0.0,0
M013,156,2026-06-07 12:00:00,0.0,0
M013,157,2026-06-07 13:00:00,0.0,0
M013,158,2026-06-07 14:00:00,0.0,0
M013,159,2026-06-07 15:00:00,0.0,0
M013,160,2026-06-07 16:00:00,0.0,0
M013,161,2026-06-07 17:00:00,0.0,0
M013,162,2026-06-07 18:00:00,0.0,0
M013,163,2026-06-07 19:00:00,0.0,0
M013,164,2026-06-07 20:00:00,0.0,0
M013,165,2026-06-07 21:00:00,0.0,0
M013,166,2026-06-07 22:00:00,0.0,0
M013,167,2026-06-07 23:00:00,0.0,0
M013,168,2026-06-08 00:00:00,0.0,0
M013,169,2026-06-08 01:00:00,0.0,0
M013,170,2026-06-08 02:00:00,0.0,0
M013,171,2026-06-08 03:00:00,0.0,0
M013,172,2026-06-08 04:00:00,0.0,0
M013,173,2026-06-08 05:00:00,0.0,0
M013,174,2026-06-08 06:00:00,0.0,0
M013,175,2026-06-08 07:00:00,0.0,0
M013,176,2026-06-08 08:00:00,0.0,0
M013,177,2026-06-08 09:00:00,0.0,0
M013,178,2026-06-08 10:00:00,0.0,0
M013,179,2026-06-08 11:00:00,0.0,0
M013,180,2026-06-08 12:00:00,0.0,0
M013,181,2026-06-08 13:00:00,0.0,0
M013,182,2026-06-08 14:00:00,0.0,0
M013,183,2026-06-08 15:00:00,0.0,0
M013,184,2026-06-08 16:00:00,0.0,0
M013,185,2026-06-08 17:00:00,0.0,0
M013,186,2026-06-08 18:00:00,0.0,0
M013,187,2026-06-08 19:00:00,0.0,0
M013,188,2026-06-08 20:00:00,0.0,0
M013,189,2026-06-08 21:00:00,0.0,0
M013,190,2026-06-08 22:00:00,0.0,0
M013,191,2026-06-08 23:00:00,0.0,0
M013,192,2026-06-09 00:00:00,0.0,0
M013,193,2026-06-09 01:00:00,0.0,0
M013,194,2026-06-09 02:00:00,0.0,0
M013,195,2026-06-09 03:00:00,0.0,0
M013,196,2026-06-09 04:00:00,0.0,0
M013,197,2026-06-09 05:00:00,0.0,0
M013,198,2026-06-09 06:00:00,0.0,0
M013,199,2026-06-09 07:00:00,0.0,0
M013,200,2026-06-09 08:00:00,0.0,0
M013,201,2026-06-09 09:00:00,0.0,0
M013,202,2026-06-09 10:00:00,0.0,0
M013,203,2026-06-09 11:00:00,0.0,0
M013,204,2026-06-09 12:00:00,0.0,0
M013,205,2026-06-09 13:00:00,0.0,0
M013,206,2026-06-09 14:00:00,0.0,0
M013,207,2026-06-09 15:00:00,0.0,0
M013,208,2026-06-09 16:00:00,0.0,0
M013,209,2026-06-09 17:00:00,0.0,0
M013,210,2026-06-09 18:00:00,0.0,0
M013,211,2026-06-09 19:00:00,0.0,0
M013,212,2026-06-09 20:00:00,0.0,0
M013,213,2026-06-09 21:00:00,0.0,0
M013,214,2026-06-09 22:00:00,0.0,0
M013,215,2026-06-09 23:00:00,0.0,0
M013,216,2026-06-10 00:00:00,0.0,0
M013,217,2026-06-10 01:00:00,0.0,0
M013,218,2026-06-10 02:00:00,0.0,0
M013,219,2026-06-10 03:00:00,0.0,0
M013,220,2026-06-10 04:00:00,0.0,0
M013,221,2026-06-10 05:00:00,0.0,0
M013,222,2026-06-10 06:00:00,0.0,0
M013,223,2026-06-10 07:00:00,0.0,0
M013,224,2026-06-10 08:00:00,0.0,0
M013,225,2026-06-10 09:00:00,0.0,0
M013,226,2026-06-10 10:00:00,0.0,0
M013,227,2026-06-10 11:00:00,0.0,0
M013,228,2026-06-10 12:00:00,0.0,0
M013,229,2026-06-10 13:00:00,0.0,0
M013,230,2026-06-10 14:00:00,0.0,0
M013,231,2026-06-10 15:00:00,0.0,0
M013,232,2026-06-10 16:00:00,0.0,0
M013,233,2026-06-10 17:00:00,0.0,0
M013,234,2026-06-10 18:00:00,0.0,0
M013,235,2026-06-10 19:00:00,0.0,0
M013,236,2026-06-10 20:00:00,0.0,0
M013,237,2026-06-10 21:00:00,0.0,0
M013,238,2026-06-10 22:00:00,0.0,0
M013,239,2026-06-10 23:00:00,0.0,0
M013,240,2026-06-11 00:00:00,0.0,0
M013,241,2026-06-11 01:00:00,0.0,0
M013,242,2026-06-11 02:00:00,0.0,0
M013,243,2026-06-11 03:00:00,0.0,0
M013,244,2026-06-11 04:00:00,0.0,0
M013,245,2026-06-11 05:00:00,0.0,0
M013,246,2026-06-11 06:00:00,0.0,0
M013,247,2026-06-11 07:00:00,0.0,0
M013,248,2026-06-11 08:00:00,0.0,0
M013,249,2026-06-11 09:00:00,0.0,0
M013,250,2026-06-11 10:00:00,0.0,0
M013,251,2026-06-11 11:00:00,0.0,0
M013,252,2026-06-11 12:00:00,0.0,0
M013,253,2026-06-11 13:00:00,0.0,0
M013,254,2026-06-11 14:00:00,0.0,0
M013,255,2026-06-11 15:00:00,0.0,0
M013,256,2026-06-11 16:00:00,0.0,0
M013,257,2026-06-11 17:00:00,0.0,0
M013,258,2026-06-11 18:00:00,0.0,0
M013,259,2026-06-11 19:00:00,0.0,0
M013,260,2026-06-11 20:00:00,0.0,0
M013,261,2026-06-11 21:00:00,0.009308578975566735,0
M013,262,2026-06-11 22:00:00,0.0,0
M013,263,2026-06-11 23:00:00,0.0,0
M013,264,2026-06-12 00:00:00,0.0,0
M013,265,2026-06-12 01:00:00,0.0,0
M013,266,2026-06-12 02:00:00,0.0,0
M013,267,2026-06-12 03:00:00,0.0,0
M013,268,2026-06-12 04:00:00,0.0,0
M013,269,2026-06-12 05:00:00,0.0,0
M013,270,2026-06-12 06:00:00,0.0,0
M013,271,2026-06-12 07:00:00,0.0,0
M013,272,2026-06-12 08:00:00,0.0,0
M013,273,2026-06-12 09:00:00,0.0,0
M013,274,2026-06-12 10:00:00,0.0026988816411696454,0
M013,275,2026-06-12 11:00:00,0.0,0
M013,276,2026-06-12 12:00:00,0.0,0
M013,277,2026-06-12 13:00:00,0.0,0
M013,278,2026-06-12 14:00:00,0.0,0
M013,279,2026-06-12 15:00:00,0.0,0
M013,280,2026-06-12 16:00:00,0.0,0
M013,281,2026-06-12 17:00:00,0.0,0
M013,282,2026-06-12 18:00:00,0.0,0
M013,283,2026-06-12 19:00:00,0.0,0
M013,284,2026-06-12 20:00:00,0.0,0
M013,285,2026-06-12 21:00:00,0.0,0
M013,286,2026-06-12 22:00:00,0.0,0
M013,287,2026-06-12 23:00:00,0.0,0
M013,288,2026-06-13 00:00:00,0.0,0
M013,289,2026-06-13 01:00:00,0.0,0
M013,290,2026-06-13 02:00:00,0.0,0
M013,291,2026-06-13 03:00:00,0.0,0
M013,292,2026-06-13 04:00:00,0.0,0
M013,293,2026-06-13 05:00:00,0.0,0
M013,294,2026-06-13 06:00:00,0.0,0
M013,295,2026-06-13 07:00:00,0.0,0
M013,296,2026-06-13 08:00:00,0.0,0
M013,297,2026-06-13 09:00:00,0.0,0
M013,298,2026-06-13 10:00:00,0.0,0
M013,299,2026-06-13 11:00:00,0.0,0
M013,300,2026-06-13 12:00:00,0.0,0
M013,301,2026-06-13 13:00:00,0.0,0
M013,302,2026-06-13 14:00:00,0.0,0
M013,303,2026-06-13 15:00:00,0.0,0
M013,304,2026-06-13 16:00:00,0.0,0
M013,305,2026-06-13 17:00:00,0.0,0
M013,306,2026-06-13 18:00:00,0.0,0
M013,307,2026-06-13 19:00:00,0.0,0
M013,308,2026-06-13 20:00:00,0.0,0
M013,309,2026-06-13 21:00:00,0.0,0
M013,310,2026-06-13 22:00:00,0.0,0
M013,311,2026-06-13 23:00:00,0.0,0
M013,312,2026-06-14 00:00:00,0.0,0
M013,313,2026-06-14 01:00:00,0.0,0
M013,314,2026-06-14 02:00:00,0.0,0
M013,315,2026-06-14 03:00:00,0.0,0
M013,316,2026-06-14 04:00:00,0.0,0
M013,317,2026-06-14 05:00:00,0.0,0
M013,318,2026-06-14 06:00:00,0.0,0
M013,319,2026-06-14 07:00:00,0.0,0
M013,320,2026-06-14 08:00:00,0.0,0
M013,321,2026-06-14 09:00:00,0.0025997171145686,0
M013,322,2026-06-14 10:00:00,0.0,0
M013,323,2026-06-14 11:00:00,0.0,0
M013,324,2026-06-14 12:00:00,0.0,0
M013,325,2026-06-14 13:00:00,0.0,0
M013,326,2026-06-14 14:00:00,0.0,0
M013,327,2026-06-14 15:00:00,0.0,0
M013,328,2026-06-14 16:00:00,0.0,0
M013,329,2026-06-14 17:00:00,0.0,0
M013,330,2026-06-14 18:00:00,0.0,0
M013,331,2026-06-14 19:00:00,0.0,0
M013,332,2026-06-14 20:00:00,0.0,0
M013,333,2026-06-14 21:00:00,0.0,0
M013,334,2026-06-14 22:00:00,0.0,0
M013,335,2026-06-14 23:00:00,0.0,0
M013,336,2026-06-15 00:00:00,0.0,0
M013,337,2026-06-15 01:00:00,0.0,0
M013,338,2026-06-15 02:00:00,0.0,0
M013,339,2026-06-15 03:00:00,0.0,0
M013,340,2026-06-15 04:00:00,0.0,0
M013,341,2026-06-15 05:00:00,0.0,0
M013,342,2026-06-15 06:00:00,0.0,0
M013,343,2026-06-15 07:00:00,0.0,0
M013,344,2026-06-15 08:00:00,0.0,0
M013,345,2026-06-15 09:00:00,0.0,0
M013,346,2026-06-15 10:00:00,0.0,0
M013,347,2026-06-15 11:00:00,0.0,0
M013,348,2026-06-15 12:00:00,0.0,0
M013,349,2026-06-15 13:00:00,0.0,0
M013,350,2026-06-15 14:00:00,0.0,0
M013,351,2026-06-15 15:00:00,0.0,0
M013,352,2026-06-15 16:00:00,0.0,0
M013,353,2026-06-15 17:00:00,0.0,0
M013,354,2026-06-15 18:00:00,0.0,0
M013,355,2026-06-15 19:00:00,0.0,0
M013,356,2026-06-15 20:00:00,0.0,0
M013,357,2026-06-15 21:00:00,0.0,0
M013,358,2026-06-15 22:00:00,0.0,0
M013,359,2026-06-15 23:00:00,0.0,0
M013,360,2026-06-16 00:00:00,0.0,0
M013,361,2026-06-16 01:00:00,0.0,0
M013,362,2026-06-16 02:00:00,0.0,0
M013,363,2026-06-16 03:00:00,0.0,0
M013,364,2026-06-16 04:00:00,0.0,0
M013,365,2026-06-16 05:00:00,0.0,0
M013,366,2026-06-16 06:00:00,0.0,0
M013,367,2026-06-16 07:00:00,0.0,0
M013,368,2026-06-16 08:00:00,0.0,0
M013,369,2026-06-16 09:00:00,0.0,0
M013,370,2026-06-16 10:00:00,0.0,0
M013,371,2026-06-16 11:00:00,0.003164412094577583,0
M013,372,2026-06-16 12:00:00,0.0,0
M013,373,2026-06-16 13:00:00,0.0,0
M013,374,2026-06-16 14:00:00,0.0,0
M013,375,2026-06-16 15:00:00,0.0,0
M013,376,2026-06-16 16:00:00,0.0,0
M013,377,2026-06-16 17:00:00,0.0,0
M013,378,2026-06-16 18:00:00,0.0,0
M013,379,2026-06-16 19:00:00,0.0,0
M013,380,2026-06-16 20:00:00,0.0,0
M013,381,2026-06-16 21:00:00,0.0,0
M013,382,2026-06-16 22:00:00,0.0,0
M013,383,2026-06-16 23:00:00,0.0,0
M013,384,2026-06-17 00:00:00,0.0,0
M013,385,2026-06-17 01:00:00,0.0,0
M013,386,2026-06-17 02:00:00,0.0,0
M013,387,2026-06-17 03:00:00,0.0,0
M013,388,2026-06-17 04:00:00,0.0,0
M013,389,2026-06-17 05:00:00,0.0,0
M013,390,2026-06-17 06:00:00,0.0,0
M013,391,2026-06-17 07:00:00,0.0,0
M013,392,2026-06-17 08:00:00,0.008706390829742384,0
M013,393,2026-06-17 09:00:00,0.003120106500597938,0
M013,394,2026-06-17 10:00:00,0.00540806258614399,0
M013,395,2026-06-17 11:00:00,0.0052828248331694945,0
M013,396,2026-06-17 12:00:00,0.017147297441880274,0
M013,397,2026-06-17 13:00:00,0.005864338255701724,0
M013,398,2026-06-17 14:00:00,0.0052828248331694945,0
M013,399,2026-06-17 15:00:00,0.002633453312765431,0
M013,400,2026-06-17 16:00:00,0.005731437309904585,0
M013,401,2026-06-17 17:00:00,0.008414726591259459,0
M013,402,2026-06-17 18:00:00,0.011337592135576138,0
M013,403,2026-06-17 19:00:00,0.010366258086020364,0
M013,404,2026-06-17 20:00:00,0.007669928835787011,0
M013,405,2026-06-17 21:00:00,0.02823309903445867,0
M013,406,2026-06-17 22:00:00,0.005734521751649656,0
M013,407,2026-06-17 23:00:00,0.02191678224973702,0
M013,408,2026-06-18 00:00:00,0.012162095815081675,0
M013,409,2026-06-18 01:00:00,0.08326802314441194,0
M013,410,2026-06-18 02:00:00,0.08528484587881534,0
M013,411,2026-06-18 03:00:00,0.09196398132457366,0
M013,412,2026-06-18 04:00:00,0.07418448354561083,0
M013,413,2026-06-18 05:00:00,0.09322274177941224,0
M013,414,2026-06-18 06:00:00,0.08758566331238832,0
M013,415,2026-06-18 07:00:00,0.12195114975321503,0
M013,416,2026-06-18 08:00:00,0.14173144486251293,0
M013,417,2026-06-18 09:00:00,0.23843162146044122,0
M013,418,2026-06-18 10:00:00,0.3474899367560327,0
M013,419,2026-06-18 11:00:00,0.286599115712185,0
M013,420,2026-06-18 12:00:00,0.23319788017852075,0
M013,421,2026-06-18 13:00:00,0.296233459144499,0
M013,422,2026-06-18 14:00:00,0.1855246879391916,0
M013,423,2026-06-18 15:00:00,0.2534617016251146,0
M013,424,2026-06-18 16:00:00,0.3645115895266017,0
M013,425,2026-06-18 17:00:00,0.37535283815330106,0
M013,426,2026-06-18 18:00:00,0.44576035545834924,0
M013,427,2026-06-18 19:00:00,0.39795118377155886,0
M013,428,2026-06-18 20:00:00,0.36750233725927134,0
M013,429,2026-06-18 21:00:00,0.5748711357708807,0
M013,430,2026-06-18 22:00:00,0.6222777242044202,0
M013,431,2026-06-18 23:00:00,0.6382164545420901,0
M013,432,2026-06-19 00:00:00,0.6506060855830585,0
M013,433,2026-06-19 01:00:00,0.6689720950004322,0
M013,434,2026-06-19 02:00:00,0.7608214648189782,0
M013,435,2026-06-19 03:00:00,0.8840436742988746,0
M013,436,2026-06-19 04:00:00,0.8666543368466758,0
M013,437,2026-06-19 05:00:00,0.8924923328954875,0
M013,438,2026-06-19 06:00:00,0.8495882120734715,0
M013,439,2026-06-19 07:00:00,0.9264724751759917,0
M013,440,2026-06-19 08:00:00,0.8988797218740213,0
M013,441,2026-06-19 09:00:00,0.92435412629247,0
M013,442,2026-06-19 10:00:00,0.9580437628344682,1
M013,443,2026-06-19 11:00:00,0.9763058257415236,1
M013,444,2026-06-19 12:00:00,0.9830707685882782,1
M013,445,2026-06-19 13:00:00,0.9830707685882782,1
M013,446,2026-06-19 14:00:00,0.9804849970579579,1
M013,447,2026-06-19 15:00:00,0.9855498006639825,1
M013,448,2026-06-19 16:00:00,0.9777285371145265,1
M013,449,2026-06-19 17:00:00,0.9857684894243657,1
M013,450,2026-06-19 18:00:00,0.9859031418525585,1
M013,451,2026-06-19 19:00:00,0.9859031418525585,1
M013,452,2026-06-19 20:00:00,0.9859031418525585,1
M013,453,2026-06-19 21:00:00,0.9859031418525585,1
M013,454,2026-06-19 22:00:00,0.9795372159804462,1
M013,455,2026-06-19 23:00:00,0.9829775714351696,1
M013,456,2026-06-20 00:00:00,0.9829775714351696,1
M013,457,2026-06-20 01:00:00,0.9862272485049196,1
M013,458,2026-06-20 02:00:00,0.9862272485049196,1
M013,459,2026-06-20 03:00:00,0.9862272485049196,1
M013,460,2026-06-20 04:00:00,0.9862272485049196,1
M013,461,2026-06-20 05:00:00,0.9857950351425209,1
M013,462,2026-06-20 06:00:00,0.9862272485049196,1
M013,463,2026-06-20 07:00:00,0.9863187873683137,1
M013,464,2026-06-20 08:00:00,0.9863187873683137,1
M013,465,2026-06-20 09:00:00,0.9863187873683137,1
M013,466,2026-06-20 10:00:00,0.9863187873683137,1
M013,467,2026-06-20 11:00:00,0.9863187873683137,1
M013,468,2026-06-20 12:00:00,0.9863187873683137,1
M013,469,2026-06-20 13:00:00,0.9863187873683137,1
M013,470,2026-06-20 14:00:00,0.9781429351333956,1
M013,471,2026-06-20 15:00:00,0.9863187873683137,1
M013,472,2026-06-20 16:00:00,0.9863187873683137,1
M013,473,2026-06-20 17:00:00,0.97642858106665,1
M013,474,2026-06-20 18:00:00,0.9863187873683137,1
M013,475,2026-06-20 19:00:00,0.9863187873683137,1
M013,476,2026-06-20 20:00:00,0.9863187873683137,1
M013,477,2026-06-20 21:00:00,0.9863187873683137,1
M013,478,2026-06-20 22:00:00,0.9863187873683137,1
M013,479,2026-06-20 23:00:00,0.9863187873683137,1
M013,480,2026-06-21 00:00:00,0.9863187873683137,1
M013,481,2026-06-21 01:00:00,0.9863187873683137,1
M013,482,2026-06-21 02:00:00,0.9863187873683137,1
M013,483,2026-06-21 03:00:00,0.9863187873683137,1
M013,484,2026-06-21 04:00:00,0.9863187873683137,1
M013,485,2026-06-21 05:00:00,0.9863187873683137,1
M013,486,2026-06-21 06:00:00,0.9863187873683137,1
M013,487,2026-06-21 07:00:00,0.9862279695887328,1
M013,488,2026-06-21 08:00:00,0.9861161135102133,1
M013,489,2026-06-21 09:00:00,0.9861543627262604,1
M013,490,2026-06-21 10:00:00,0.5506449395304905,0
M013,491,2026-06-21 11:00:00,0.47865765977223634,0
M013,492,2026-06-21 12:00:00,0.5325573892392166,0
M013,493,2026-06-21 13:00:00,0.5424475955408801,0
M013,494,2026-06-21 14:00:00,0.35118857516951524,0
M013,495,2026-06-21 15:00:00,0.6701039072577026,0
M013,496,2026-06-21 16:00:00,0.8062916206809914,0
M013,497,2026-06-21 17:00:00,0.7560800333490217,0
M013,498,2026-06-21 18:00:00,0.7494674792329741,0
M013,499,2026-06-21 19:00:00,0.7494674792329741,0
M013,500,2026-06-21 20:00:00,0.7290021123992403,0
M013,501,2026-06-21 21:00:00,0.7319820596962701,0
M013,502,2026-06-21 22:00:00,0.7326108898757802,0
M013,503,2026-06-21 23:00:00,0.7451508874409373,0
M013,504,2026-06-22 00:00:00,0.7914488306804796,0
M013,505,2026-06-22 01:00:00,0.8064103686894476,0
M014,23,2026-06-01 23:00:00,0.0,0
M014,24,2026-06-02 00:00:00,0.0,0
M014,25,2026-06-02 01:00:00,0.0,0
M014,26,2026-06-02 02:00:00,0.0,0
M014,27,2026-06-02 03:00:00,0.0,0
M014,28,2026-06-02 04:00:00,0.0,0
M014,29,2026-06-02 05:00:00,0.0,0
M014,30,2026-06-02 06:00:00,0.0,0
M014,31,2026-06-02 07:00:00,0.0,0
M014,32,2026-06-02 08:00:00,0.0,0
M014,33,2026-06-02 09:00:00,0.0,0
M014,34,2026-06-02 10:00:00,0.0,0
M014,35,2026-06-02 11:00:00,0.0,0
M014,36,2026-06-02 12:00:00,0.0,0
M014,37,2026-06-02 13:00:00,0.0,0
M014,38,2026-06-02 14:00:00,0.0,0
M014,39,2026-06-02 15:00:00,0.0,0
M014,40,2026-06-02 16:00:00,0.0,0
M014,41,2026-06-02 17:00:00,0.0,0
M014,42,2026-06-02 18:00:00,0.0,0
M014,43,2026-06-02 19:00:00,0.0,0
M014,44,2026-06-02 20:00:00,0.0,0
M014,45,2026-06-02 21:00:00,0.0,0
M014,46,2026-06-02 22:00:00,0.0,0
M014,47,2026-06-02 23:00:00,0.0,0
M014,48,2026-06-03 00:00:00,0.0,0
M014,49,2026-06-03 01:00:00,0.0,0
M014,50,2026-06-03 02:00:00,0.0,0
M014,51,2026-06-03 03:00:00,0.0,0
M014,52,2026-06-03 04:00:00,0.0,0
M014,53,2026-06-03 05:00:00,0.0,0
M014,54,2026-06-03 06:00:00,0.0,0
M014,55,2026-06-03 07:00:00,0.0,0
M014,56,2026-06-03 08:00:00,0.0,0
M014,57,2026-06-03 09:00:00,0.0,0
M014,58,2026-06-03 10:00:00,0.0,0
M014,59,2026-06-03 11:00:00,0.0,0
M014,60,2026-06-03 12:00:00,0.0,0
M014,61,2026-06-03 13:00:00,0.0,0
M014,62,2026-06-03 14:00:00,0.0,0
M014,63,2026-06-03 15:00:00,0.0,0
M014,64,2026-06-03 16:00:00,0.0,0
M014,65,2026-06-03 17:00:00,0.0,0
M014,66,2026-06-03 18:00:00,0.0,0
M014,67,2026-06-03 19:00:00,0.0,0
M014,68,2026-06-03 20:00:00,0.0,0
M014,69,2026-06-03 21:00:00,0.0,0
M014,70,2026-06-03 22:00:00,0.0,0
M014,71,2026-06-03 23:00:00,0.0,0
M014,72,2026-06-04 00:00:00,0.0,0
M014,73,2026-06-04 01:00:00,0.0,0
M014,74,2026-06-04 02:00:00,0.0,0
M014,75,2026-06-04 03:00:00,0.0,0
M014,76,2026-06-04 04:00:00,0.0,0
M014,77,2026-06-04 05:00:00,0.0,0
M014,78,2026-06-04 06:00:00,0.0,0
M014,79,2026-06-04 07:00:00,0.0,0
M014,80,2026-06-04 08:00:00,0.0,0
M014,81,2026-06-04 09:00:00,0.0,0
M014,82,2026-06-04 10:00:00,0.0,0
M014,83,2026-06-04 11:00:00,0.0,0
M014,84,2026-06-04 12:00:00,0.0,0
M014,85,2026-06-04 13:00:00,0.0,0
M014,86,2026-06-04 14:00:00,0.0,0
M014,87,2026-06-04 15:00:00,0.0,0
M014,88,2026-06-04 16:00:00,0.0,0
M014,89,2026-06-04 17:00:00,0.0,0
M014,90,2026-06-04 18:00:00,0.0,0
M014,91,2026-06-04 19:00:00,0.0,0
M014,92,2026-06-04 20:00:00,0.0,0
M014,93,2026-06-04 21:00:00,0.0,0
M014,94,2026-06-04 22:00:00,0.0,0
M014,95,2026-06-04 23:00:00,0.0,0
M014,96,2026-06-05 00:00:00,0.0,0
M014,97,2026-06-05 01:00:00,0.0,0
M014,98,2026-06-05 02:00:00,0.0,0
M014,99,2026-06-05 03:00:00,0.0,0
M014,100,2026-06-05 04:00:00,0.0030117857220660965,0
M014,101,2026-06-05 05:00:00,0.0,0
M014,102,2026-06-05 06:00:00,0.0,0
M014,103,2026-06-05 07:00:00,0.0,0
M014,104,2026-06-05 08:00:00,0.0,0
M014,105,2026-06-05 09:00:00,0.0,0
M014,106,2026-06-05 10:00:00,0.0,0
M014,107,2026-06-05 11:00:00,0.0,0
M014,108,2026-06-05 12:00:00,0.0,0
M014,109,2026-06-05 13:00:00,0.0,0
M014,110,2026-06-05 14:00:00,0.0,0
M014,111,2026-06-05 15:00:00,0.0,0
M014,112,2026-06-05 16:00:00,0.0,0
M014,113,2026-06-05 17:00:00,0.0,0
M014,114,2026-06-05 18:00:00,0.0,0
M014,115,2026-06-05 19:00:00,0.0,0
M014,116,2026-06-05 20:00:00,0.0,0
M014,117,2026-06-05 21:00:00,0.0,0
M014,118,2026-06-05 22:00:00,0.0,0
M014,119,2026-06-05 23:00:00,0.0,0
M014,120,2026-06-06 00:00:00,0.0,0
M014,121,2026-06-06 01:00:00,0.0,0
M014,122,2026-06-06 02:00:00,0.0,0
M014,123,2026-06-06 03:00:00,0.0,0
M014,124,2026-06-06 04:00:00,0.0,0
M014,125,2026-06-06 05:00:00,0.0,0
M014,126,2026-06-06 06:00:00,0.0,0
M014,127,2026-06-06 07:00:00,0.0,0
M014,128,2026-06-06 08:00:00,0.0,0
M014,129,2026-06-06 09:00:00,0.0,0
M014,130,2026-06-06 10:00:00,0.0,0
M014,131,2026-06-06 11:00:00,0.0,0
M014,132,2026-06-06 12:00:00,0.0,0
M014,133,2026-06-06 13:00:00,0.0,0
M014,134,2026-06-06 14:00:00,0.0,0
M014,135,2026-06-06 15:00:00,0.0,0
M014,136,2026-06-06 16:00:00,0.0,0
M014,137,2026-06-06 17:00:00,0.0,0
M014,138,2026-06-06 18:00:00,0.0,0
M014,139,2026-06-06 19:00:00,0.0,0
M014,140,2026-06-06 20:00:00,0.0,0
M014,141,2026-06-06 21:00:00,0.0,0
M014,142,2026-06-06 22:00:00,0.0,0
M014,143,2026-06-06 23:00:00,0.0,0
M014,144,2026-06-07 00:00:00,0.0,0
M014,145,2026-06-07 01:00:00,0.0,0
M014,146,2026-06-07 02:00:00,0.0,0
M014,147,2026-06-07 03:00:00,0.0,0
M014,148,2026-06-07 04:00:00,0.0,0
M014,149,2026-06-07 05:00:00,0.0,0
M014,150,2026-06-07 06:00:00,0.0,0
M014,151,2026-06-07 07:00:00,0.0,0
M014,152,2026-06-07 08:00:00,0.0,0
M014,153,2026-06-07 09:00:00,0.0,0
M014,154,2026-06-07 10:00:00,0.0,0
M014,155,2026-06-07 11:00:00,0.0,0
M014,156,2026-06-07 12:00:00,0.0,0
M014,157,2026-06-07 13:00:00,0.0,0
M014,158,2026-06-07 14:00:00,0.0,0
M014,159,2026-06-07 15:00:00,0.0,0
M014,160,2026-06-07 16:00:00,0.0,0
M014,161,2026-06-07 17:00:00,0.0,0
M014,162,2026-06-07 18:00:00,0.0,0
M014,163,2026-06-07 19:00:00,0.0,0
M014,164,2026-06-07 20:00:00,0.0,0
M014,165,2026-06-07 21:00:00,0.0,0
M014,166,2026-06-07 22:00:00,0.0,0
M014,167,2026-06-07 23:00:00,0.0,0
M014,168,2026-06-08 00:00:00,0.0,0
M014,169,2026-06-08 01:00:00,0.0,0
M014,170,2026-06-08 02:00:00,0.0,0
M014,171,2026-06-08 03:00:00,0.0,0
M014,172,2026-06-08 04:00:00,0.0,0
M014,173,2026-06-08 05:00:00,0.0,0
M014,174,2026-06-08 06:00:00,0.0,0
M014,175,2026-06-08 07:00:00,0.0,0
M014,176,2026-06-08 08:00:00,0.0,0
M014,177,2026-06-08 09:00:00,0.0,0
M014,178,2026-06-08 10:00:00,0.0,0
M014,179,2026-06-08 11:00:00,0.0,0
M014,180,2026-06-08 12:00:00,0.0,0
M014,181,2026-06-08 13:00:00,0.0,0
M014,182,2026-06-08 14:00:00,0.0,0
M014,183,2026-06-08 15:00:00,0.0,0
M014,184,2026-06-08 16:00:00,0.0,0
M014,185,2026-06-08 17:00:00,0.0,0
M014,186,2026-06-08 18:00:00,0.0,0
M014,187,2026-06-08 19:00:00,0.0,0
M014,188,2026-06-08 20:00:00,0.0,0
M014,189,2026-06-08 21:00:00,0.0,0
M014,190,2026-06-08 22:00:00,0.0,0
M014,191,2026-06-08 23:00:00,0.0,0
M014,192,2026-06-09 00:00:00,0.0,0
M014,193,2026-06-09 01:00:00,0.0,0
M014,194,2026-06-09 02:00:00,0.0,0
M014,195,2026-06-09 03:00:00,0.0,0
M014,196,2026-06-09 04:00:00,0.0,0
M014,197,2026-06-09 05:00:00,0.0,0
M014,198,2026-06-09 06:00:00,0.0,0
M014,199,2026-06-09 07:00:00,0.0,0
M014,200,2026-06-09 08:00:00,0.0,0
M014,201,2026-06-09 09:00:00,0.0,0
M014,202,2026-06-09 10:00:00,0.0,0
M014,203,2026-06-09 11:00:00,0.0,0
M014,204,2026-06-09 12:00:00,0.0,0
M014,205,2026-06-09 13:00:00,0.0,0
M014,206,2026-06-09 14:00:00,0.0,0
M014,207,2026-06-09 15:00:00,0.0,0
M014,208,2026-06-09 16:00:00,0.0,0
M014,209,2026-06-09 17:00:00,0.0,0
M014,210,2026-06-09 18:00:00,0.0,0
M014,211,2026-06-09 19:00:00,0.0,0
M014,212,2026-06-09 20:00:00,0.0,0
M014,213,2026-06-09 21:00:00,0.0,0
M014,214,2026-06-09 22:00:00,0.0,0
M014,215,2026-06-09 23:00:00,0.0,0
M014,216,2026-06-10 00:00:00,0.0,0
M014,217,2026-06-10 01:00:00,0.0,0
M014,218,2026-06-10 02:00:00,0.0,0
M014,219,2026-06-10 03:00:00,0.0,0
M014,220,2026-06-10 04:00:00,0.0,0
M014,221,2026-06-10 05:00:00,0.0,0
M014,222,2026-06-10 06:00:00,0.0,0
M014,223,2026-06-10 07:00:00,0.0,0
M014,224,2026-06-10 08:00:00,0.0,0
M014,225,2026-06-10 09:00:00,0.0,0
M014,226,2026-06-10 10:00:00,0.0,0
M014,227,2026-06-10 11:00:00,0.0,0
M014,228,2026-06-10 12:00:00,0.0,0
M014,229,2026-06-10 13:00:00,0.0,0
M014,230,2026-06-10 14:00:00,0.0,0
M014,231,2026-06-10 15:00:00,0.0,0
M014,232,2026-06-10 16:00:00,0.0,0
M014,233,2026-06-10 17:00:00,0.0,0
M014,234,2026-06-10 18:00:00,0.0,0
M014,235,2026-06-10 19:00:00,0.0,0
M014,236,2026-06-10 20:00:00,0.0,0
M014,237,2026-06-10 21:00:00,0.0,0
M014,238,2026-06-10 22:00:00,0.0,0
M014,239,2026-06-10 23:00:00,0.0,0
M014,240,2026-06-11 00:00:00,0.0,0
M014,241,2026-06-11 01:00:00,0.0,0
M014,242,2026-06-11 02:00:00,0.0,0
M014,243,2026-06-11 03:00:00,0.0,0
M014,244,2026-06-11 04:00:00,0.0,0
M014,245,2026-06-11 05:00:00,0.0,0
M014,246,2026-06-11 06:00:00,0.0,0
M014,247,2026-06-11 07:00:00,0.0,0
M014,248,2026-06-11 08:00:00,0.0,0
M014,249,2026-06-11 09:00:00,0.0,0
M014,250,2026-06-11 10:00:00,0.0,0
M014,251,2026-06-11 11:00:00,0.0,0
M014,252,2026-06-11 12:00:00,0.0,0
M014,253,2026-06-11 13:00:00,0.0,0
M014,254,2026-06-11 14:00:00,0.0,0
M014,255,2026-06-11 15:00:00,0.0,0
M014,256,2026-06-11 16:00:00,0.0,0
M014,257,2026-06-11 17:00:00,0.0,0
M014,258,2026-06-11 18:00:00,0.0,0
M014,259,2026-06-11 19:00:00,0.0,0
M014,260,2026-06-11 20:00:00,0.0,0
M014,261,2026-06-11 21:00:00,0.0,0
M014,262,2026-06-11 22:00:00,0.0,0
M014,263,2026-06-11 23:00:00,0.0,0
M014,264,2026-06-12 00:00:00,0.0,0
M014,265,2026-06-12 01:00:00,0.0,0
M014,266,2026-06-12 02:00:00,0.0,0
M014,267,2026-06-12 03:00:00,0.0,0
M014,268,2026-06-12 04:00:00,0.0,0
M014,269,2026-06-12 05:00:00,0.0,0
M014,270,2026-06-12 06:00:00,0.0,0
M014,271,2026-06-12 07:00:00,0.0,0
M014,272,2026-06-12 08:00:00,0.0,0
M014,273,2026-06-12 09:00:00,0.0,0
M014,274,2026-06-12 10:00:00,0.0,0
M014,275,2026-06-12 11:00:00,0.0,0
M014,276,2026-06-12 12:00:00,0.0,0
M014,277,2026-06-12 13:00:00,0.0,0
M014,278,2026-06-12 14:00:00,0.0,0
M014,279,2026-06-12 15:00:00,0.0,0
M014,280,2026-06-12 16:00:00,0.0,0
M014,281,2026-06-12 17:00:00,0.0,0
M014,282,2026-06-12 18:00:00,0.0,0
M014,283,2026-06-12 19:00:00,0.0,0
M014,284,2026-06-12 20:00:00,0.0,0
M014,285,2026-06-12 21:00:00,0.0,0
M014,286,2026-06-12 22:00:00,0.0,0
M014,287,2026-06-12 23:00:00,0.0,0
M014,288,2026-06-13 00:00:00,0.0,0
M014,289,2026-06-13 01:00:00,0.0,0
M014,290,2026-06-13 02:00:00,0.0,0
M014,291,2026-06-13 03:00:00,0.0,0
M014,292,2026-06-13 04:00:00,0.0,0
M014,293,2026-06-13 05:00:00,0.0,0
M014,294,2026-06-13 06:00:00,0.0,0
M014,295,2026-06-13 07:00:00,0.0,0
M014,296,2026-06-13 08:00:00,0.0,0
M014,297,2026-06-13 09:00:00,0.0,0
M014,298,2026-06-13 10:00:00,0.0,0
M014,299,2026-06-13 11:00:00,0.0,0
M014,300,2026-06-13 12:00:00,0.0,0
M014,301,2026-06-13 13:00:00,0.0,0
M014,302,2026-06-13 14:00:00,0.0,0
M014,303,2026-06-13 15:00:00,0.0,0
M014,304,2026-06-13 16:00:00,0.0,0
M014,305,2026-06-13 17:00:00,0.0,0
M014,306,2026-06-13 18:00:00,0.0,0
M014,307,2026-06-13 19:00:00,0.0,0
M014,308,2026-06-13 20:00:00,0.0,0
M014,309,2026-06-13 21:00:00,0.0,0
M014,310,2026-06-13 22:00:00,0.0,0
M014,311,2026-06-13 23:00:00,0.0,0
M014,312,2026-06-14 00:00:00,0.0,0
M014,313,2026-06-14 01:00:00,0.0,0
M014,314,2026-06-14 02:00:00,0.0,0
M014,315,2026-06-14 03:00:00,0.0,0
M014,316,2026-06-14 04:00:00,0.0,0
M014,317,2026-06-14 05:00:00,0.0,0
M014,318,2026-06-14 06:00:00,0.0,0
M014,319,2026-06-14 07:00:00,0.0,0
M014,320,2026-06-14 08:00:00,0.0,0
M014,321,2026-06-14 09:00:00,0.0,0
M014,322,2026-06-14 10:00:00,0.0,0
M014,323,2026-06-14 11:00:00,0.0,0
M014,324,2026-06-14 12:00:00,0.0,0
M014,325,2026-06-14 13:00:00,0.0,0
M014,326,2026-06-14 14:00:00,0.0,0
M014,327,2026-06-14 15:00:00,0.0,0
M014,328,2026-06-14 16:00:00,0.0,0
M014,329,2026-06-14 17:00:00,0.0,0
M014,330,2026-06-14 18:00:00,0.0,0
M014,331,2026-06-14 19:00:00,0.0,0
M014,332,2026-06-14 20:00:00,0.0,0
M014,333,2026-06-14 21:00:00,0.0,0
M014,334,2026-06-14 22:00:00,0.0,0
M014,335,2026-06-14 23:00:00,0.0,0
M014,336,2026-06-15 00:00:00,0.0,0
M014,337,2026-06-15 01:00:00,0.0,0
M014,338,2026-06-15 02:00:00,0.0,0
M014,339,2026-06-15 03:00:00,0.0,0
M014,340,2026-06-15 04:00:00,0.0,0
M014,341,2026-06-15 05:00:00,0.0,0
M014,342,2026-06-15 06:00:00,0.0,0
M014,343,2026-06-15 07:00:00,0.0,0
M014,344,2026-06-15 08:00:00,0.0,0
M014,345,2026-06-15 09:00:00,0.0,0
M014,346,2026-06-15 10:00:00,0.0,0
M014,347,2026-06-15 11:00:00,0.0,0
M014,348,2026-06-15 12:00:00,0.0,0
M014,349,2026-06-15 13:00:00,0.0,0
M014,350,2026-06-15 14:00:00,0.0,0
M014,351,2026-06-15 15:00:00,0.0,0
M014,352,2026-06-15 16:00:00,0.0,0
M014,353,2026-06-15 17:00:00,0.0,0
M014,354,2026-06-15 18:00:00,0.0,0
M014,355,2026-06-15 19:00:00,0.0,0
M014,356,2026-06-15 20:00:00,0.0,0
M014,357,2026-06-15 21:00:00,0.0,0
M014,358,2026-06-15 22:00:00,0.0,0
M014,359,2026-06-15 23:00:00,0.0,0
M014,360,2026-06-16 00:00:00,0.0,0
M014,361,2026-06-16 01:00:00,0.0,0
M014,362,2026-06-16 02:00:00,0.0,0
M014,363,2026-06-16 03:00:00,0.0,0
M014,364,2026-06-16 04:00:00,0.002632661221225795,0
M014,365,2026-06-16 05:00:00,0.0,0
M014,366,2026-06-16 06:00:00,0.0,0
M014,367,2026-06-16 07:00:00,0.0026493715204040633,0
M014,368,2026-06-16 08:00:00,0.0,0
M014,369,2026-06-16 09:00:00,0.0,0
M014,370,2026-06-16 10:00:00,0.0,0
M014,371,2026-06-16 11:00:00,0.0,0
M014,372,2026-06-16 12:00:00,0.0,0
M014,373,2026-06-16 13:00:00,0.0,0
M014,374,2026-06-16 14:00:00,0.0,0
M014,375,2026-06-16 15:00:00,0.0,0
M014,376,2026-06-16 16:00:00,0.0,0
M014,377,2026-06-16 17:00:00,0.0,0
M014,378,2026-06-16 18:00:00,0.0,0
M014,379,2026-06-16 19:00:00,0.0,0
M014,380,2026-06-16 20:00:00,0.0,0
M014,381,2026-06-16 21:00:00,0.0,0
M014,382,2026-06-16 22:00:00,0.0,0
M014,383,2026-06-16 23:00:00,0.0,0
M014,384,2026-06-17 00:00:00,0.0,0
M014,385,2026-06-17 01:00:00,0.0,0
M014,386,2026-06-17 02:00:00,0.0,0
M014,387,2026-06-17 03:00:00,0.0,0
M014,388,2026-06-17 04:00:00,0.0,0
M014,389,2026-06-17 05:00:00,0.0,0
M014,390,2026-06-17 06:00:00,0.0,0
M014,391,2026-06-17 07:00:00,0.0,0
M014,392,2026-06-17 08:00:00,0.0,0
M014,393,2026-06-17 09:00:00,0.0,0
M014,394,2026-06-17 10:00:00,0.0,0
M014,395,2026-06-17 11:00:00,0.0,0
M014,396,2026-06-17 12:00:00,0.0,0
M014,397,2026-06-17 13:00:00,0.0,0
M014,398,2026-06-17 14:00:00,0.0,0
M014,399,2026-06-17 15:00:00,0.0,0
M014,400,2026-06-17 16:00:00,0.0,0
M014,401,2026-06-17 17:00:00,0.0,0
M014,402,2026-06-17 18:00:00,0.0,0
M014,403,2026-06-17 19:00:00,0.0,0
M014,404,2026-06-17 20:00:00,0.0,0
M014,405,2026-06-17 21:00:00,0.0,0
M014,406,2026-06-17 22:00:00,0.0,0
M014,407,2026-06-17 23:00:00,0.0,0
M014,408,2026-06-18 00:00:00,0.0,0
M014,409,2026-06-18 01:00:00,0.0,0
M014,410,2026-06-18 02:00:00,0.0,0
M014,411,2026-06-18 03:00:00,0.0,0
M014,412,2026-06-18 04:00:00,0.0,0
M014,413,2026-06-18 05:00:00,0.0,0
M014,414,2026-06-18 06:00:00,0.0,0
M014,415,2026-06-18 07:00:00,0.0,0
M014,416,2026-06-18 08:00:00,0.0,0
M014,417,2026-06-18 09:00:00,0.0,0
M014,418,2026-06-18 10:00:00,0.0,0
M014,419,2026-06-18 11:00:00,0.0,0
M014,420,2026-06-18 12:00:00,0.0,0
M014,421,2026-06-18 13:00:00,0.0,0
M014,422,2026-06-18 14:00:00,0.0,0
M014,423,2026-06-18 15:00:00,0.0,0
M014,424,2026-06-18 16:00:00,0.0,0
M014,425,2026-06-18 17:00:00,0.0,0
M014,426,2026-06-18 18:00:00,0.0,0
M014,427,2026-06-18 19:00:00,0.0,0
M014,428,2026-06-18 20:00:00,0.0,0
M014,429,2026-06-18 21:00:00,0.0,0
M014,430,2026-06-18 22:00:00,0.0,0
M014,431,2026-06-18 23:00:00,0.0,0
M014,432,2026-06-19 00:00:00,0.0,0
M014,433,2026-06-19 01:00:00,0.0,0
M014,434,2026-06-19 02:00:00,0.0,0
M014,435,2026-06-19 03:00:00,0.0,0
M014,436,2026-06-19 04:00:00,0.0,0
M014,437,2026-06-19 05:00:00,0.0,0
M014,438,2026-06-19 06:00:00,0.0,0
M014,439,2026-06-19 07:00:00,0.0,0
M014,440,2026-06-19 08:00:00,0.0,0
M014,441,2026-06-19 09:00:00,0.0,0
M014,442,2026-06-19 10:00:00,0.0,0
M014,443,2026-06-19 11:00:00,0.0,0
M014,444,2026-06-19 12:00:00,0.0,0
M014,445,2026-06-19 13:00:00,0.0,0
M014,446,2026-06-19 14:00:00,0.0,0
M014,447,2026-06-19 15:00:00,0.0,0
M014,448,2026-06-19 16:00:00,0.0,0
M014,449,2026-06-19 17:00:00,0.0,0
M014,450,2026-06-19 18:00:00,0.0,0
M014,451,2026-06-19 19:00:00,0.0,0
M014,452,2026-06-19 20:00:00,0.0,0
M014,453,2026-06-19 21:00:00,0.0,0
M014,454,2026-06-19 22:00:00,0.0,0
M014,455,2026-06-19 23:00:00,0.0,0
M014,456,2026-06-20 00:00:00,0.0,0
M014,457,2026-06-20 01:00:00,0.0,0
M014,458,2026-06-20 02:00:00,0.0,0
M014,459,2026-06-20 03:00:00,0.0,0
M014,460,2026-06-20 04:00:00,0.0,0
M014,461,2026-06-20 05:00:00,0.0,0
M014,462,2026-06-20 06:00:00,0.0,0
M014,463,2026-06-20 07:00:00,0.0,0
M014,464,2026-06-20 08:00:00,0.0,0
M014,465,2026-06-20 09:00:00,0.0,0
M014,466,2026-06-20 10:00:00,0.0,0
M014,467,2026-06-20 11:00:00,0.0,0
M014,468,2026-06-20 12:00:00,0.0,0
M014,469,2026-06-20 13:00:00,0.0,0
M014,470,2026-06-20 14:00:00,0.0,0
M014,471,2026-06-20 15:00:00,0.0,0
M014,472,2026-06-20 16:00:00,0.0,0
M014,473,2026-06-20 17:00:00,0.0,0
M014,474,2026-06-20 18:00:00,0.0,0
M014,475,2026-06-20 19:00:00,0.0,0
M014,476,2026-06-20 20:00:00,0.0,0
M014,477,2026-06-20 21:00:00,0.0,0
M014,478,2026-06-20 22:00:00,0.0,0
M014,479,2026-06-20 23:00:00,0.0,0
M014,480,2026-06-21 00:00:00,0.0,0
M014,481,2026-06-21 01:00:00,0.0,0
M014,482,2026-06-21 02:00:00,0.0,0
M014,483,2026-06-21 03:00:00,0.0,0
M014,484,2026-06-21 04:00:00,0.0049476810105864985,0
M014,485,2026-06-21 05:00:00,0.0023150197893607033,0
M014,486,2026-06-21 06:00:00,0.0023150197893607033,0
M014,487,2026-06-21 07:00:00,0.0023150197893607033,0
M014,488,2026-06-21 08:00:00,0.0023150197893607033,0
M014,489,2026-06-21 09:00:00,0.0023150197893607033,0
M014,490,2026-06-21 10:00:00,0.0,0
M014,491,2026-06-21 11:00:00,0.0,0
M014,492,2026-06-21 12:00:00,0.0,0
M014,493,2026-06-21 13:00:00,0.0,0
M014,494,2026-06-21 14:00:00,0.0,0
M014,495,2026-06-21 15:00:00,0.0,0
M014,496,2026-06-21 16:00:00,0.0,0
M014,497,2026-06-21 17:00:00,0.0,0
M014,498,2026-06-21 18:00:00,0.0,0
M014,499,2026-06-21 19:00:00,0.02007429911794166,0
M014,500,2026-06-21 20:00:00,0.02406696418234672,0
M014,501,2026-06-21 21:00:00,0.04846249026916284,0
M014,502,2026-06-21 22:00:00,0.05787084111094401,0
M014,503,2026-06-21 23:00:00,0.10431547942367168,0
M014,504,2026-06-22 00:00:00,0.08899142755778136,0
M014,505,2026-06-22 01:00:00,0.1118121743368207,0
M014,506,2026-06-22 02:00:00,0.1528034641303544,0
M014,507,2026-06-22 03:00:00,0.16133147550261762,0
M014,508,2026-06-22 04:00:00,0.14400241867875235,0
M014,509,2026-06-22 05:00:00,0.13123808274844626,0
M014,510,2026-06-22 06:00:00,0.27758585793348517,0
M014,511,2026-06-22 07:00:00,0.3803802984431336,1
M014,512,2026-06-22 08:00:00,0.4599479059838261,1
M014,513,2026-06-22 09:00:00,0.5257884123947709,1
M014,514,2026-06-22 10:00:00,0.5863495392648371,1
M014,515,2026-06-22 11:00:00,0.5733106012205447,1
M014,516,2026-06-22 12:00:00,0.7119038562983501,1
M014,517,2026-06-22 13:00:00,0.7285674914988708,1
M014,518,2026-06-22 14:00:00,0.7834406981374423,1
M014,519,2026-06-22 15:00:00,0.7465017423135892,1
M014,520,2026-06-22 16:00:00,0.7537689555306779,1
M014,521,2026-06-22 17:00:00,0.8943278195896448,1
M014,522,2026-06-22 18:00:00,0.890844285692788,1
M014,523,2026-06-22 19:00:00,0.9174902073691923,1
M014,524,2026-06-22 20:00:00,0.9304508790330241,1
M014,525,2026-06-22 21:00:00,0.9403572172652604,1
M014,526,2026-06-22 22:00:00,0.943677690656491,1
M014,527,2026-06-22 23:00:00,0.949086450109972,1
M014,528,2026-06-23 00:00:00,0.9070098788258938,1
M014,529,2026-06-23 01:00:00,0.9413973983667004,1
M014,530,2026-06-23 02:00:00,0.9153959427319062,1
M014,531,2026-06-23 03:00:00,0.93255732573775,1
M014,532,2026-06-23 04:00:00,0.9689775471166109,1
M014,533,2026-06-23 05:00:00,0.9661007349447084,1
M014,534,2026-06-23 06:00:00,0.9328611151749858,1
M014,535,2026-06-23 07:00:00,0.9328611151749858,1
M014,536,2026-06-23 08:00:00,0.9789671676106908,1
M014,537,2026-06-23 09:00:00,0.9789671676106908,1
M014,538,2026-06-23 10:00:00,0.9789671676106908,1
M014,539,2026-06-23 11:00:00,0.9789671676106908,1
M014,540,2026-06-23 12:00:00,0.9789671676106908,1
M014,541,2026-06-23 13:00:00,0.9789671676106908,1
M014,542,2026-06-23 14:00:00,0.9789671676106908,1
M014,543,2026-06-23 15:00:00,0.9863187873683137,1
M014,544,2026-06-23 16:00:00,0.9863187873683137,1
M014,545,2026-06-23 17:00:00,0.9863187873683137,1
M014,546,2026-06-23 18:00:00,0.9863187873683137,1
M014,547,2026-06-23 19:00:00,0.9863522414194591,1
M014,548,2026-06-23 20:00:00,0.9663630637025322,1
M014,549,2026-06-23 21:00:00,0.969681324282879,1
M014,550,2026-06-23 22:00:00,0.9623345479745079,1
M014,551,2026-06-23 23:00:00,0.9863187873683137,1
M014,552,2026-06-24 00:00:00,0.9863187873683137,1
M014,553,2026-06-24 01:00:00,0.9861311524441273,1
M014,554,2026-06-24 02:00:00,0.9630957235567613,1
M014,555,2026-06-24 03:00:00,0.9481627773255502,1
M014,556,2026-06-24 04:00:00,0.9429173674413935,1
M014,557,2026-06-24 05:00:00,0.9397132312771989,1
M014,558,2026-06-24 06:00:00,0.9165190125034819,1
M014,559,2026-06-24 07:00:00,0.903880304024492,0
M014,560,2026-06-24 08:00:00,0.8925658837218865,0
M014,561,2026-06-24 09:00:00,0.7775991661006763,0
M014,562,2026-06-24 10:00:00,0.8334529253419954,0
M014,563,2026-06-24 11:00:00,0.8481392216625678,0
M014,564,2026-06-24 12:00:00,0.6957349887219828,0
M014,565,2026-06-24 13:00:00,0.7158589523988553,0
M014,566,2026-06-24 14:00:00,0.7158589523988553,0
M014,567,2026-06-24 15:00:00,0.7257906307825716,0
M014,568,2026-06-24 16:00:00,0.7520988854843976,0
M014,569,2026-06-24 17:00:00,0.748251549139207,0
M014,570,2026-06-24 18:00:00,0.7448444548741132,0
M014,571,2026-06-24 19:00:00,0.7175609531484675,0
M014,572,2026-06-24 20:00:00,0.38240567043487905,0
M014,573,2026-06-24 21:00:00,0.40050554919823433,0
M014,574,2026-06-24 22:00:00,0.3941199538415697,0
M015,23,2026-06-01 23:00:00,0.0,0
M015,24,2026-06-02 00:00:00,0.0,0
M015,25,2026-06-02 01:00:00,0.0,0
M015,26,2026-06-02 02:00:00,0.0,0
M015,27,2026-06-02 03:00:00,0.0,0
M015,28,2026-06-02 04:00:00,0.0,0
M015,29,2026-06-02 05:00:00,0.0,0
M015,30,2026-06-02 06:00:00,0.0,0
M015,31,2026-06-02 07:00:00,0.0,0
M015,32,2026-06-02 08:00:00,0.0,0
M015,33,2026-06-02 09:00:00,0.0,0
M015,34,2026-06-02 10:00:00,0.0,0
M015,35,2026-06-02 11:00:00,0.0,0
M015,36,2026-06-02 12:00:00,0.0,0
M015,37,2026-06-02 13:00:00,0.0,0
M015,38,2026-06-02 14:00:00,0.0,0
M015,39,2026-06-02 15:00:00,0.0,0
M015,40,2026-06-02 16:00:00,0.0,0
M015,41,2026-06-02 17:00:00,0.0,0
M015,42,2026-06-02 18:00:00,0.0,0
M015,43,2026-06-02 19:00:00,0.0,0
M015,44,2026-06-02 20:00:00,0.0,0
M015,45,2026-06-02 21:00:00,0.0,0
M015,46,2026-06-02 22:00:00,0.0,0
M015,47,2026-06-02 23:00:00,0.0,0
M015,48,2026-06-03 00:00:00,0.0,0
M015,49,2026-06-03 01:00:00,0.0,0
M015,50,2026-06-03 02:00:00,0.0,0
M015,51,2026-06-03 03:00:00,0.0,0
M015,52,2026-06-03 04:00:00,0.0,0
M015,53,2026-06-03 05:00:00,0.0,0
M015,54,2026-06-03 06:00:00,0.0,0
M015,55,2026-06-03 07:00:00,0.0,0
M015,56,2026-06-03 08:00:00,0.0,0
M015,57,2026-06-03 09:00:00,0.0,0
M015,58,2026-06-03 10:00:00,0.0,0
M015,59,2026-06-03 11:00:00,0.0,0
M015,60,2026-06-03 12:00:00,0.0,0
M015,61,2026-06-03 13:00:00,0.0,0
M015,62,2026-06-03 14:00:00,0.0,0
M015,63,2026-06-03 15:00:00,0.0,0
M015,64,2026-06-03 16:00:00,0.0,0
M015,65,2026-06-03 17:00:00,0.0,0
M015,66,2026-06-03 18:00:00,0.0,0
M015,67,2026-06-03 19:00:00,0.0,0
M015,68,2026-06-03 20:00:00,0.0,0
M015,69,2026-06-03 21:00:00,0.0,0
M015,70,2026-06-03 22:00:00,0.0,0
M015,71,2026-06-03 23:00:00,0.0,0
M015,72,2026-06-04 00:00:00,0.0,0
M015,73,2026-06-04 01:00:00,0.0,0
M015,74,2026-06-04 02:00:00,0.0,0
M015,75,2026-06-04 03:00:00,0.0,0
M015,76,2026-06-04 04:00:00,0.0,0
M015,77,2026-06-04 05:00:00,0.0,0
M015,78,2026-06-04 06:00:00,0.0,0
M015,79,2026-06-04 07:00:00,0.0,0
M015,80,2026-06-04 08:00:00,0.0,0
M015,81,2026-06-04 09:00:00,0.0,0
M015,82,2026-06-04 10:00:00,0.0,0
M015,83,2026-06-04 11:00:00,0.0,0
M015,84,2026-06-04 12:00:00,0.0,0
M015,85,2026-06-04 13:00:00,0.0,0
M015,86,2026-06-04 14:00:00,0.0,0
M015,87,2026-06-04 15:00:00,0.0,0
M015,88,2026-06-04 16:00:00,0.0,0
M015,89,2026-06-04 17:00:00,0.0,0
M015,90,2026-06-04 18:00:00,0.0,0
M015,91,2026-06-04 19:00:00,0.0,0
M015,92,2026-06-04 20:00:00,0.0,0
M015,93,2026-06-04 21:00:00,0.0,0
M015,94,2026-06-04 22:00:00,0.0,0
M015,95,2026-06-04 23:00:00,0.0,0
M015,96,2026-06-05 00:00:00,0.0,0
M015,97,2026-06-05 01:00:00,0.0,0
M015,98,2026-06-05 02:00:00,0.0,0
M015,99,2026-06-05 03:00:00,0.0,0
M015,100,2026-06-05 04:00:00,0.0,0
M015,101,2026-06-05 05:00:00,0.0,0
M015,102,2026-06-05 06:00:00,0.0,0
M015,103,2026-06-05 07:00:00,0.0,0
M015,104,2026-06-05 08:00:00,0.0,0
M015,105,2026-06-05 09:00:00,0.0,0
M015,106,2026-06-05 10:00:00,0.0,0
M015,107,2026-06-05 11:00:00,0.0,0
M015,108,2026-06-05 12:00:00,0.0,0
M015,109,2026-06-05 13:00:00,0.0,0
M015,110,2026-06-05 14:00:00,0.0,0
M015,111,2026-06-05 15:00:00,0.0,0
M015,112,2026-06-05 16:00:00,0.0,0
M015,113,2026-06-05 17:00:00,0.0,0
M015,114,2026-06-05 18:00:00,0.0,0
M015,115,2026-06-05 19:00:00,0.0,0
M015,116,2026-06-05 20:00:00,0.0,0
M015,117,2026-06-05 21:00:00,0.0,0
M015,118,2026-06-05 22:00:00,0.0,0
M015,119,2026-06-05 23:00:00,0.0,0
M015,120,2026-06-06 00:00:00,0.0,0
M015,121,2026-06-06 01:00:00,0.0,0
M015,122,2026-06-06 02:00:00,0.0,0
M015,123,2026-06-06 03:00:00,0.0,0
M015,124,2026-06-06 04:00:00,0.0,0
M015,125,2026-06-06 05:00:00,0.0,0
M015,126,2026-06-06 06:00:00,0.0,0
M015,127,2026-06-06 07:00:00,0.0,0
M015,128,2026-06-06 08:00:00,0.0,0
M015,129,2026-06-06 09:00:00,0.0,0
M015,130,2026-06-06 10:00:00,0.0,0
M015,131,2026-06-06 11:00:00,0.0,0
M015,132,2026-06-06 12:00:00,0.0,0
M015,133,2026-06-06 13:00:00,0.0,0
M015,134,2026-06-06 14:00:00,0.0,0
M015,135,2026-06-06 15:00:00,0.0,0
M015,136,2026-06-06 16:00:00,0.0,0
M015,137,2026-06-06 17:00:00,0.0,0
M015,138,2026-06-06 18:00:00,0.0,0
M015,139,2026-06-06 19:00:00,0.0,0
M015,140,2026-06-06 20:00:00,0.0,0
M015,141,2026-06-06 21:00:00,0.0,0
M015,142,2026-06-06 22:00:00,0.0,0
M015,143,2026-06-06 23:00:00,0.0,0
M015,144,2026-06-07 00:00:00,0.0,0
M015,145,2026-06-07 01:00:00,0.0,0
M015,146,2026-06-07 02:00:00,0.0,0
M015,147,2026-06-07 03:00:00,0.0,0
M015,148,2026-06-07 04:00:00,0.0,0
M015,149,2026-06-07 05:00:00,0.0,0
M015,150,2026-06-07 06:00:00,0.0,0
M015,151,2026-06-07 07:00:00,0.0,0
M015,152,2026-06-07 08:00:00,0.0,0
M015,153,2026-06-07 09:00:00,0.0,0
M015,154,2026-06-07 10:00:00,0.0,0
M015,155,2026-06-07 11:00:00,0.0,0
M015,156,2026-06-07 12:00:00,0.0,0
M015,157,2026-06-07 13:00:00,0.0,0
M015,158,2026-06-07 14:00:00,0.0,0
M015,159,2026-06-07 15:00:00,0.0,0
M015,160,2026-06-07 16:00:00,0.0,0
M015,161,2026-06-07 17:00:00,0.0,0
M015,162,2026-06-07 18:00:00,0.0,0
M015,163,2026-06-07 19:00:00,0.0,0
M015,164,2026-06-07 20:00:00,0.0,0
M015,165,2026-06-07 21:00:00,0.0,0
M015,166,2026-06-07 22:00:00,0.0,0
M015,167,2026-06-07 23:00:00,0.0,0
M015,168,2026-06-08 00:00:00,0.0,0
M015,169,2026-06-08 01:00:00,0.0,0
M015,170,2026-06-08 02:00:00,0.0,0
M015,171,2026-06-08 03:00:00,0.0,0
M015,172,2026-06-08 04:00:00,0.0,0
M015,173,2026-06-08 05:00:00,0.0,0
M015,174,2026-06-08 06:00:00,0.0,0
M015,175,2026-06-08 07:00:00,0.0,0
M015,176,2026-06-08 08:00:00,0.0,0
M015,177,2026-06-08 09:00:00,0.0,0
M015,178,2026-06-08 10:00:00,0.0,0
M015,179,2026-06-08 11:00:00,0.0,0
M015,180,2026-06-08 12:00:00,0.0,0
M015,181,2026-06-08 13:00:00,0.0,0
M015,182,2026-06-08 14:00:00,0.0,0
M015,183,2026-06-08 15:00:00,0.0,0
M015,184,2026-06-08 16:00:00,0.0,0
M015,185,2026-06-08 17:00:00,0.0,0
M015,186,2026-06-08 18:00:00,0.0,0
M015,187,2026-06-08 19:00:00,0.0,0
M015,188,2026-06-08 20:00:00,0.0,0
M015,189,2026-06-08 21:00:00,0.0,0
M015,190,2026-06-08 22:00:00,0.0,0
M015,191,2026-06-08 23:00:00,0.0,0
M015,192,2026-06-09 00:00:00,0.0,0
M015,193,2026-06-09 01:00:00,0.0,0
M015,194,2026-06-09 02:00:00,0.0,0
M015,195,2026-06-09 03:00:00,0.0,0
M015,196,2026-06-09 04:00:00,0.0,0
M015,197,2026-06-09 05:00:00,0.0,0
M015,198,2026-06-09 06:00:00,0.0,0
M015,199,2026-06-09 07:00:00,0.0,0
M015,200,2026-06-09 08:00:00,0.0,0
M015,201,2026-06-09 09:00:00,0.0,0
M015,202,2026-06-09 10:00:00,0.0,0
M015,203,2026-06-09 11:00:00,0.0,0
M015,204,2026-06-09 12:00:00,0.0,0
M015,205,2026-06-09 13:00:00,0.0,0
M015,206,2026-06-09 14:00:00,0.0,0
M015,207,2026-06-09 15:00:00,0.0,0
M015,208,2026-06-09 16:00:00,0.0,0
M015,209,2026-06-09 17:00:00,0.0,0
M015,210,2026-06-09 18:00:00,0.0,0
M015,211,2026-06-09 19:00:00,0.0,0
M015,212,2026-06-09 20:00:00,0.0,0
M015,213,2026-06-09 21:00:00,0.0,0
M015,214,2026-06-09 22:00:00,0.0,0
M015,215,2026-06-09 23:00:00,0.0,0
M015,216,2026-06-10 00:00:00,0.0,0
M015,217,2026-06-10 01:00:00,0.012472991070144318,0
M015,218,2026-06-10 02:00:00,0.0,0
M015,219,2026-06-10 03:00:00,0.0,0
M015,220,2026-06-10 04:00:00,0.0,0
M015,221,2026-06-10 05:00:00,0.0,0
M015,222,2026-06-10 06:00:00,0.0,0
M015,223,2026-06-10 07:00:00,0.0,0
M015,224,2026-06-10 08:00:00,0.0,0
M015,225,2026-06-10 09:00:00,0.0,0
M015,226,2026-06-10 10:00:00,0.0,0
M015,227,2026-06-10 11:00:00,0.0,0
M015,228,2026-06-10 12:00:00,0.0,0
M015,229,2026-06-10 13:00:00,0.0,0
M015,230,2026-06-10 14:00:00,0.0,0
M015,231,2026-06-10 15:00:00,0.0,0
M015,232,2026-06-10 16:00:00,0.008960944851160585,0
M015,233,2026-06-10 17:00:00,0.0,0
M015,234,2026-06-10 18:00:00,0.0,0
M015,235,2026-06-10 19:00:00,0.0,0
M015,236,2026-06-10 20:00:00,0.0,0
M015,237,2026-06-10 21:00:00,0.0,0
M015,238,2026-06-10 22:00:00,0.0,0
M015,239,2026-06-10 23:00:00,0.0,0
M015,240,2026-06-11 00:00:00,0.0,0
M015,241,2026-06-11 01:00:00,0.0,0
M015,242,2026-06-11 02:00:00,0.0,0
M015,243,2026-06-11 03:00:00,0.0,0
M015,244,2026-06-11 04:00:00,0.0,0
M015,245,2026-06-11 05:00:00,0.0,0
M015,246,2026-06-11 06:00:00,0.0,0
M015,247,2026-06-11 07:00:00,0.0,0
M015,248,2026-06-11 08:00:00,0.0,0
M015,249,2026-06-11 09:00:00,0.0,0
M015,250,2026-06-11 10:00:00,0.0,0
M015,251,2026-06-11 11:00:00,0.0,0
M015,252,2026-06-11 12:00:00,0.0,0
M015,253,2026-06-11 13:00:00,0.0,0
M015,254,2026-06-11 14:00:00,0.007873895628260992,0
M015,255,2026-06-11 15:00:00,0.007873895628260992,0
M015,256,2026-06-11 16:00:00,0.0,0
M015,257,2026-06-11 17:00:00,0.0,0
M015,258,2026-06-11 18:00:00,0.0,0
M015,259,2026-06-11 19:00:00,0.0,0
M015,260,2026-06-11 20:00:00,0.0,0
M015,261,2026-06-11 21:00:00,0.0,0
M015,262,2026-06-11 22:00:00,0.0,0
M015,263,2026-06-11 23:00:00,0.0,0
M015,264,2026-06-12 00:00:00,0.0,0
M015,265,2026-06-12 01:00:00,0.0,0
M015,266,2026-06-12 02:00:00,0.0,0
M015,267,2026-06-12 03:00:00,0.0,0
M015,268,2026-06-12 04:00:00,0.0,0
M015,269,2026-06-12 05:00:00,0.0,0
M015,270,2026-06-12 06:00:00,0.0,0
M015,271,2026-06-12 07:00:00,0.0,0
M015,272,2026-06-12 08:00:00,0.0,0
M015,273,2026-06-12 09:00:00,0.0,0
M015,274,2026-06-12 10:00:00,0.0,0
M015,275,2026-06-12 11:00:00,0.0,0
M015,276,2026-06-12 12:00:00,0.0,0
M015,277,2026-06-12 13:00:00,0.0,0
M015,278,2026-06-12 14:00:00,0.0,0
M015,279,2026-06-12 15:00:00,0.0,0
M015,280,2026-06-12 16:00:00,0.0,0
M015,281,2026-06-12 17:00:00,0.0,0
M015,282,2026-06-12 18:00:00,0.0,0
M015,283,2026-06-12 19:00:00,0.0,0
M015,284,2026-06-12 20:00:00,0.0,0
M015,285,2026-06-12 21:00:00,0.0,0
M015,286,2026-06-12 22:00:00,0.0,0
M015,287,2026-06-12 23:00:00,0.0,0
M015,288,2026-06-13 00:00:00,0.0,0
M015,289,2026-06-13 01:00:00,0.0,0
M015,290,2026-06-13 02:00:00,0.0,0
M015,291,2026-06-13 03:00:00,0.0,0
M015,292,2026-06-13 04:00:00,0.0,0
M015,293,2026-06-13 05:00:00,0.0,0
M015,294,2026-06-13 06:00:00,0.0,0
M015,295,2026-06-13 07:00:00,0.0,0
M015,296,2026-06-13 08:00:00,0.0,0
M015,297,2026-06-13 09:00:00,0.0,0
M015,298,2026-06-13 10:00:00,0.0,0
M015,299,2026-06-13 11:00:00,0.0,0
M015,300,2026-06-13 12:00:00,0.0,0
M015,301,2026-06-13 13:00:00,0.0,0
M015,302,2026-06-13 14:00:00,0.0,0
M015,303,2026-06-13 15:00:00,0.0,0
M015,304,2026-06-13 16:00:00,0.0,0
M015,305,2026-06-13 17:00:00,0.0,0
M015,306,2026-06-13 18:00:00,0.0,0
M015,307,2026-06-13 19:00:00,0.0,0
M015,308,2026-06-13 20:00:00,0.0,0
M015,309,2026-06-13 21:00:00,0.0,0
M015,310,2026-06-13 22:00:00,0.0,0
M015,311,2026-06-13 23:00:00,0.0,0
M015,312,2026-06-14 00:00:00,0.0,0
M015,313,2026-06-14 01:00:00,0.0,0
M015,314,2026-06-14 02:00:00,0.0,0
M015,315,2026-06-14 03:00:00,0.0,0
M015,316,2026-06-14 04:00:00,0.0,0
M015,317,2026-06-14 05:00:00,0.0,0
M015,318,2026-06-14 06:00:00,0.0,0
M015,319,2026-06-14 07:00:00,0.0,0
M015,320,2026-06-14 08:00:00,0.0,0
M015,321,2026-06-14 09:00:00,0.0,0
M015,322,2026-06-14 10:00:00,0.0,0
M015,323,2026-06-14 11:00:00,0.0,0
M015,324,2026-06-14 12:00:00,0.0,0
M015,325,2026-06-14 13:00:00,0.0,0
M015,326,2026-06-14 14:00:00,0.0,0
M015,327,2026-06-14 15:00:00,0.0,0
M015,328,2026-06-14 16:00:00,0.0,0
M015,329,2026-06-14 17:00:00,0.0,0
M015,330,2026-06-14 18:00:00,0.0,0
M015,331,2026-06-14 19:00:00,0.0,0
M015,332,2026-06-14 20:00:00,0.0,0
M015,333,2026-06-14 21:00:00,0.0,0
M015,334,2026-06-14 22:00:00,0.0,0
M015,335,2026-06-14 23:00:00,0.0,0
M015,336,2026-06-15 00:00:00,0.0,0
M015,337,2026-06-15 01:00:00,0.0,0
M015,338,2026-06-15 02:00:00,0.0,0
M015,339,2026-06-15 03:00:00,0.0,0
M015,340,2026-06-15 04:00:00,0.0,0
M015,341,2026-06-15 05:00:00,0.0,0
M015,342,2026-06-15 06:00:00,0.0,0
M015,343,2026-06-15 07:00:00,0.0,0
M015,344,2026-06-15 08:00:00,0.0,0
M015,345,2026-06-15 09:00:00,0.0,0
M015,346,2026-06-15 10:00:00,0.0,0
M015,347,2026-06-15 11:00:00,0.0,0
M015,348,2026-06-15 12:00:00,0.0,0
M015,349,2026-06-15 13:00:00,0.0,0
M015,350,2026-06-15 14:00:00,0.0,0
M015,351,2026-06-15 15:00:00,0.0,0
M015,352,2026-06-15 16:00:00,0.0,0
M015,353,2026-06-15 17:00:00,0.0,0
M015,354,2026-06-15 18:00:00,0.0,0
M015,355,2026-06-15 19:00:00,0.0,0
M015,356,2026-06-15 20:00:00,0.0,0
M015,357,2026-06-15 21:00:00,0.0,0
M015,358,2026-06-15 22:00:00,0.0,0
M015,359,2026-06-15 23:00:00,0.0,0
M015,360,2026-06-16 00:00:00,0.0,0
M015,361,2026-06-16 01:00:00,0.0,0
M015,362,2026-06-16 02:00:00,0.0,0
M015,363,2026-06-16 03:00:00,0.0,0
M015,364,2026-06-16 04:00:00,0.0,0
M015,365,2026-06-16 05:00:00,0.0,0
M015,366,2026-06-16 06:00:00,0.0,0
M015,367,2026-06-16 07:00:00,0.0,0
M015,368,2026-06-16 08:00:00,0.0,0
M015,369,2026-06-16 09:00:00,0.0,0
M015,370,2026-06-16 10:00:00,0.0,0
M015,371,2026-06-16 11:00:00,0.0,0
M015,372,2026-06-16 12:00:00,0.0,0
M015,373,2026-06-16 13:00:00,0.0,0
M015,374,2026-06-16 14:00:00,0.0,0
M015,375,2026-06-16 15:00:00,0.0,0
M015,376,2026-06-16 16:00:00,0.0,0
M015,377,2026-06-16 17:00:00,0.0,0
M015,378,2026-06-16 18:00:00,0.0,0
M015,379,2026-06-16 19:00:00,0.0,0
M015,380,2026-06-16 20:00:00,0.0,0
M015,381,2026-06-16 21:00:00,0.0,0
M015,382,2026-06-16 22:00:00,0.0,0
M015,383,2026-06-16 23:00:00,0.0,0
M015,384,2026-06-17 00:00:00,0.0,0
M015,385,2026-06-17 01:00:00,0.0,0
M015,386,2026-06-17 02:00:00,0.0,0
M015,387,2026-06-17 03:00:00,0.0,0
M015,388,2026-06-17 04:00:00,0.0,0
M015,389,2026-06-17 05:00:00,0.0,0
M015,390,2026-06-17 06:00:00,0.0,0
M015,391,2026-06-17 07:00:00,0.0,0
M015,392,2026-06-17 08:00:00,0.0,0
M015,393,2026-06-17 09:00:00,0.0,0
M015,394,2026-06-17 10:00:00,0.0,0
M015,395,2026-06-17 11:00:00,0.0,0
M015,396,2026-06-17 12:00:00,0.0,0
M015,397,2026-06-17 13:00:00,0.0,0
M015,398,2026-06-17 14:00:00,0.0,0
M015,399,2026-06-17 15:00:00,0.0,0
M015,400,2026-06-17 16:00:00,0.0,0
M015,401,2026-06-17 17:00:00,0.0,0
M015,402,2026-06-17 18:00:00,0.0,0
M015,403,2026-06-17 19:00:00,0.005568684265990436,0
M015,404,2026-06-17 20:00:00,0.0,0
M015,405,2026-06-17 21:00:00,0.0,0
M015,406,2026-06-17 22:00:00,0.0,0
M015,407,2026-06-17 23:00:00,0.0,0
M015,408,2026-06-18 00:00:00,0.0,0
M015,409,2026-06-18 01:00:00,0.0,0
M015,410,2026-06-18 02:00:00,0.0,0
M015,411,2026-06-18 03:00:00,0.0,0
M015,412,2026-06-18 04:00:00,0.0,0
M015,413,2026-06-18 05:00:00,0.0,0
M015,414,2026-06-18 06:00:00,0.0,0
M015,415,2026-06-18 07:00:00,0.0,0
M015,416,2026-06-18 08:00:00,0.0,0
M015,417,2026-06-18 09:00:00,0.0,0
M015,418,2026-06-18 10:00:00,0.0,0
M015,419,2026-06-18 11:00:00,0.00603068773363294,0
M015,420,2026-06-18 12:00:00,0.02297542710214882,0
M015,421,2026-06-18 13:00:00,0.0,0
M015,422,2026-06-18 14:00:00,0.0,0
M015,423,2026-06-18 15:00:00,0.0,0
M015,424,2026-06-18 16:00:00,0.0,0
M015,425,2026-06-18 17:00:00,0.0,0
M015,426,2026-06-18 18:00:00,0.0,0
M015,427,2026-06-18 19:00:00,0.0,0
M015,428,2026-06-18 20:00:00,0.0,0
M015,429,2026-06-18 21:00:00,0.0,0
M015,430,2026-06-18 22:00:00,0.0,0
M015,431,2026-06-18 23:00:00,0.0,0
M015,432,2026-06-19 00:00:00,0.0,0
M015,433,2026-06-19 01:00:00,0.0,0
M015,434,2026-06-19 02:00:00,0.0,0
M015,435,2026-06-19 03:00:00,0.0,0
M015,436,2026-06-19 04:00:00,0.0,0
M015,437,2026-06-19 05:00:00,0.0,0
M015,438,2026-06-19 06:00:00,0.0,0
M015,439,2026-06-19 07:00:00,0.0,0
M015,440,2026-06-19 08:00:00,0.0,0
M015,441,2026-06-19 09:00:00,0.0,0
M015,442,2026-06-19 10:00:00,0.0,0
M015,443,2026-06-19 11:00:00,0.0,0
M015,444,2026-06-19 12:00:00,0.0,0
M015,445,2026-06-19 13:00:00,0.0,0
M015,446,2026-06-19 14:00:00,0.0,0
M015,447,2026-06-19 15:00:00,0.0,0
M015,448,2026-06-19 16:00:00,0.0,0
M015,449,2026-06-19 17:00:00,0.0,0
M015,450,2026-06-19 18:00:00,0.014347968400712473,0
M015,451,2026-06-19 19:00:00,0.005306317393951776,0
M015,452,2026-06-19 20:00:00,0.0,0
M015,453,2026-06-19 21:00:00,0.0,0
M015,454,2026-06-19 22:00:00,0.0,0
M015,455,2026-06-19 23:00:00,0.0,0
M015,456,2026-06-20 00:00:00,0.0,0
M015,457,2026-06-20 01:00:00,0.00307897545357524,0
M015,458,2026-06-20 02:00:00,0.00553698286768333,0
M015,459,2026-06-20 03:00:00,0.00553698286768333,0
M015,460,2026-06-20 04:00:00,0.00307897545357524,0
M015,461,2026-06-20 05:00:00,0.00307897545357524,0
M015,462,2026-06-20 06:00:00,0.011442153834482934,0
M015,463,2026-06-20 07:00:00,0.0030979839971391537,0
M015,464,2026-06-20 08:00:00,0.008926124333775773,0
M015,465,2026-06-20 09:00:00,0.008926124333775773,0
M015,466,2026-06-20 10:00:00,0.008764880918106717,0
M015,467,2026-06-20 11:00:00,0.008175242241024389,0
M015,468,2026-06-20 12:00:00,0.00307897545357524,0
M015,469,2026-06-20 13:00:00,0.00553698286768333,0
M015,470,2026-06-20 14:00:00,0.00573395196612817,0
M015,471,2026-06-20 15:00:00,0.014059361690873039,0
M015,472,2026-06-20 16:00:00,0.008394553490091243,0
M015,473,2026-06-20 17:00:00,0.0,0
M015,474,2026-06-20 18:00:00,0.003268989816201754,0
M015,475,2026-06-20 19:00:00,0.011673012537383117,0
M015,476,2026-06-20 20:00:00,0.00950754853416847,0
M015,477,2026-06-20 21:00:00,0.004466340374365823,0
M015,478,2026-06-20 22:00:00,0.02408007457534906,0
M015,479,2026-06-20 23:00:00,0.016883504388787336,0
M015,480,2026-06-21 00:00:00,0.016389337764845087,0
M015,481,2026-06-21 01:00:00,0.019324320861950472,0
M015,482,2026-06-21 02:00:00,0.028599540251092025,0
M015,483,2026-06-21 03:00:00,0.0167201739205344,0
M015,484,2026-06-21 04:00:00,0.026616149025500333,0
M015,485,2026-06-21 05:00:00,0.03503455026063943,0
M015,486,2026-06-21 06:00:00,0.06205137528494004,0
M015,487,2026-06-21 07:00:00,0.07481720793065395,0
M015,488,2026-06-21 08:00:00,0.07035954905181734,0
M015,489,2026-06-21 09:00:00,0.06983775748639377,0
M015,490,2026-06-21 10:00:00,0.09575098144079626,0
M015,491,2026-06-21 11:00:00,0.08006505697661054,0
M015,492,2026-06-21 12:00:00,0.1819685401870465,0
M015,493,2026-06-21 13:00:00,0.1700745422317717,0
M015,494,2026-06-21 14:00:00,0.22383061827679038,0
M015,495,2026-06-21 15:00:00,0.21140906775664117,0
M015,496,2026-06-21 16:00:00,0.27264334005863833,0
M015,497,2026-06-21 17:00:00,0.3190171038752281,0
M015,498,2026-06-21 18:00:00,0.44302936706659324,0
M015,499,2026-06-21 19:00:00,0.4752560682498455,0
M015,500,2026-06-21 20:00:00,0.498263610222711,0
M015,501,2026-06-21 21:00:00,0.49433086531391657,0
M015,502,2026-06-21 22:00:00,0.5226085577622346,0
M015,503,2026-06-21 23:00:00,0.5269519619217437,0
M015,504,2026-06-22 00:00:00,0.54712722072226,0
M015,505,2026-06-22 01:00:00,0.5453668561805943,0
M015,506,2026-06-22 02:00:00,0.5756261024345223,0
M015,507,2026-06-22 03:00:00,0.5886299970267401,0
M015,508,2026-06-22 04:00:00,0.6429693730450137,0
M015,509,2026-06-22 05:00:00,0.7240541803787466,0
M015,510,2026-06-22 06:00:00,0.9280576987025619,1
M015,511,2026-06-22 07:00:00,0.9453359919755233,1
M015,512,2026-06-22 08:00:00,0.9523863147046262,1
M015,513,2026-06-22 09:00:00,0.966713827892577,1
M015,514,2026-06-22 10:00:00,0.9642537730466025,1
M015,515,2026-06-22 11:00:00,0.9637104358129303,1
M015,516,2026-06-22 12:00:00,0.9665139823875951,1
M015,517,2026-06-22 13:00:00,0.9771238034746982,1
M015,518,2026-06-22 14:00:00,0.9787026353653564,1
M015,519,2026-06-22 15:00:00,0.9788796660025672,1
M015,520,2026-06-22 16:00:00,0.9802954259780402,1
M015,521,2026-06-22 17:00:00,0.9818234261046421,1
M015,522,2026-06-22 18:00:00,0.9784915585465357,1
M015,523,2026-06-22 19:00:00,0.9819478398067192,1
M015,524,2026-06-22 20:00:00,0.9819478398067192,1
M015,525,2026-06-22 21:00:00,0.9819478398067192,1
M015,526,2026-06-22 22:00:00,0.9784425289104128,1
M015,527,2026-06-22 23:00:00,0.9808650147386669,1
M015,528,2026-06-23 00:00:00,0.9501038962234225,1
M015,529,2026-06-23 01:00:00,0.9818642347376766,1
M015,530,2026-06-23 02:00:00,0.9822951740719015,1
M015,531,2026-06-23 03:00:00,0.9823279145323388,1
M015,532,2026-06-23 04:00:00,0.9844287984093942,1
M015,533,2026-06-23 05:00:00,0.9824938705538545,1
M015,534,2026-06-23 06:00:00,0.9832323989338644,1
M015,535,2026-06-23 07:00:00,0.9863187873683137,1
M015,536,2026-06-23 08:00:00,0.9863187873683137,1
M015,537,2026-06-23 09:00:00,0.9863187873683137,1
M015,538,2026-06-23 10:00:00,0.9863187873683137,1
M015,539,2026-06-23 11:00:00,0.9863187873683137,1
M015,540,2026-06-23 12:00:00,0.9863187873683137,1
M015,541,2026-06-23 13:00:00,0.9854695336148851,1
M015,542,2026-06-23 14:00:00,0.9854695336148851,1
M015,543,2026-06-23 15:00:00,0.9813671455998826,1
M015,544,2026-06-23 16:00:00,0.9848123350117355,1
M015,545,2026-06-23 17:00:00,0.9849791962353843,1
M015,546,2026-06-23 18:00:00,0.9749551423461289,1
M015,547,2026-06-23 19:00:00,0.9840964414530826,1
M015,548,2026-06-23 20:00:00,0.9847915613111979,1
M015,549,2026-06-23 21:00:00,0.9846247000875491,1
M015,550,2026-06-23 22:00:00,0.9684056233132763,1
M015,551,2026-06-23 23:00:00,0.984829810527245,1
M015,552,2026-06-24 00:00:00,0.948538510481633,1
M015,553,2026-06-24 01:00:00,0.9156550722259922,1
M015,554,2026-06-24 02:00:00,0.9782041715761278,1
M015,555,2026-06-24 03:00:00,0.9732805022980108,1
M015,556,2026-06-24 04:00:00,0.9554473843412933,1
M015,557,2026-06-24 05:00:00,0.909796545998143,1
M015,558,2026-06-24 06:00:00,0.401063830264574,0
M015,559,2026-06-24 07:00:00,0.3402243812854482,0
M015,560,2026-06-24 08:00:00,0.35371657715956684,0
M015,561,2026-06-24 09:00:00,0.3537101785103191,0
M015,562,2026-06-24 10:00:00,0.3471448641835481,0
M015,563,2026-06-24 11:00:00,0.18036318893927564,0
M015,564,2026-06-24 12:00:00,0.2889174102534911,0
M015,565,2026-06-24 13:00:00,0.3216731935926733,0
M015,566,2026-06-24 14:00:00,0.37014411225468036,0
M015,567,2026-06-24 15:00:00,0.33302278800540064,0
M015,568,2026-06-24 16:00:00,0.3110163065706626,0
M015,569,2026-06-24 17:00:00,0.30112843326275496,0
M015,570,2026-06-24 18:00:00,0.30438074772208995,0
M015,571,2026-06-24 19:00:00,0.2869396100196539,0
M015,572,2026-06-24 20:00:00,0.30441475803046436,0
M015,573,2026-06-24 21:00:00,0.31098478874087965,0
M016,23,2026-06-01 23:00:00,0.0,0
M016,24,2026-06-02 00:00:00,0.0,0
M016,25,2026-06-02 01:00:00,0.0,0
M016,26,2026-06-02 02:00:00,0.0,0
M016,27,2026-06-02 03:00:00,0.0,0
M016,28,2026-06-02 04:00:00,0.0,0
M016,29,2026-06-02 05:00:00,0.0,0
M016,30,2026-06-02 06:00:00,0.0,0
M016,31,2026-06-02 07:00:00,0.0,0
M016,32,2026-06-02 08:00:00,0.0,0
M016,33,2026-06-02 09:00:00,0.0,0
M016,34,2026-06-02 10:00:00,0.0,0
M016,35,2026-06-02 11:00:00,0.0,0
M016,36,2026-06-02 12:00:00,0.0,0
M016,37,2026-06-02 13:00:00,0.0,0
M016,38,2026-06-02 14:00:00,0.0,0
M016,39,2026-06-02 15:00:00,0.0,0
M016,40,2026-06-02 16:00:00,0.0,0
M016,41,2026-06-02 17:00:00,0.0,0
M016,42,2026-06-02 18:00:00,0.0,0
M016,43,2026-06-02 19:00:00,0.0,0
M016,44,2026-06-02 20:00:00,0.0,0
M016,45,2026-06-02 21:00:00,0.0,0
M016,46,2026-06-02 22:00:00,0.0,0
M016,47,2026-06-02 23:00:00,0.0,0
M016,48,2026-06-03 00:00:00,0.0,0
M016,49,2026-06-03 01:00:00,0.0,0
M016,50,2026-06-03 02:00:00,0.0,0
M016,51,2026-06-03 03:00:00,0.0,0
M016,52,2026-06-03 04:00:00,0.0,0
M016,53,2026-06-03 05:00:00,0.0,0
M016,54,2026-06-03 06:00:00,0.0,0
M016,55,2026-06-03 07:00:00,0.0,0
M016,56,2026-06-03 08:00:00,0.0,0
M016,57,2026-06-03 09:00:00,0.0,0
M016,58,2026-06-03 10:00:00,0.0,0
M016,59,2026-06-03 11:00:00,0.0,0
M016,60,2026-06-03 12:00:00,0.0,0
M016,61,2026-06-03 13:00:00,0.0,0
M016,62,2026-06-03 14:00:00,0.0,0
M016,63,2026-06-03 15:00:00,0.0,0
M016,64,2026-06-03 16:00:00,0.0,0
M016,65,2026-06-03 17:00:00,0.0,0
M016,66,2026-06-03 18:00:00,0.0,0
M016,67,2026-06-03 19:00:00,0.0,0
M016,68,2026-06-03 20:00:00,0.0,0
M016,69,2026-06-03 21:00:00,0.0,0
M016,70,2026-06-03 22:00:00,0.0,0
M016,71,2026-06-03 23:00:00,0.0,0
M016,72,2026-06-04 00:00:00,0.0,0
M016,73,2026-06-04 01:00:00,0.0,0
M016,74,2026-06-04 02:00:00,0.0,0
M016,75,2026-06-04 03:00:00,0.0,0
M016,76,2026-06-04 04:00:00,0.0,0
M016,77,2026-06-04 05:00:00,0.0,0
M016,78,2026-06-04 06:00:00,0.0,0
M016,79,2026-06-04 07:00:00,0.0,0
M016,80,2026-06-04 08:00:00,0.0,0
M016,81,2026-06-04 09:00:00,0.0,0
M016,82,2026-06-04 10:00:00,0.0,0
M016,83,2026-06-04 11:00:00,0.0,0
M016,84,2026-06-04 12:00:00,0.0,0
M016,85,2026-06-04 13:00:00,0.0,0
M016,86,2026-06-04 14:00:00,0.0,0
M016,87,2026-06-04 15:00:00,0.0,0
M016,88,2026-06-04 16:00:00,0.0,0
M016,89,2026-06-04 17:00:00,0.0,0
M016,90,2026-06-04 18:00:00,0.0,0
M016,91,2026-06-04 19:00:00,0.0,0
M016,92,2026-06-04 20:00:00,0.0,0
M016,93,2026-06-04 21:00:00,0.0,0
M016,94,2026-06-04 22:00:00,0.0,0
M016,95,2026-06-04 23:00:00,0.0,0
M016,96,2026-06-05 00:00:00,0.0,0
M016,97,2026-06-05 01:00:00,0.0,0
M016,98,2026-06-05 02:00:00,0.0,0
M016,99,2026-06-05 03:00:00,0.0,0
M016,100,2026-06-05 04:00:00,0.0,0
M016,101,2026-06-05 05:00:00,0.0,0
M016,102,2026-06-05 06:00:00,0.0,0
M016,103,2026-06-05 07:00:00,0.0,0
M016,104,2026-06-05 08:00:00,0.0,0
M016,105,2026-06-05 09:00:00,0.0,0
M016,106,2026-06-05 10:00:00,0.0,0
M016,107,2026-06-05 11:00:00,0.0,0
M016,108,2026-06-05 12:00:00,0.0,0
M016,109,2026-06-05 13:00:00,0.0,0
M016,110,2026-06-05 14:00:00,0.0,0
M016,111,2026-06-05 15:00:00,0.0,0
M016,112,2026-06-05 16:00:00,0.0,0
M016,113,2026-06-05 17:00:00,0.0,0
M016,114,2026-06-05 18:00:00,0.0,0
M016,115,2026-06-05 19:00:00,0.0,0
M016,116,2026-06-05 20:00:00,0.0,0
M016,117,2026-06-05 21:00:00,0.0,0
M016,118,2026-06-05 22:00:00,0.0,0
M016,119,2026-06-05 23:00:00,0.0,0
M016,120,2026-06-06 00:00:00,0.0,0
M016,121,2026-06-06 01:00:00,0.0,0
M016,122,2026-06-06 02:00:00,0.0,0
M016,123,2026-06-06 03:00:00,0.0,0
M016,124,2026-06-06 04:00:00,0.0,0
M016,125,2026-06-06 05:00:00,0.0,0
M016,126,2026-06-06 06:00:00,0.0,0
M016,127,2026-06-06 07:00:00,0.0,0
M016,128,2026-06-06 08:00:00,0.0,0
M016,129,2026-06-06 09:00:00,0.0,0
M016,130,2026-06-06 10:00:00,0.0,0
M016,131,2026-06-06 11:00:00,0.0,0
M016,132,2026-06-06 12:00:00,0.0,0
M016,133,2026-06-06 13:00:00,0.0,0
M016,134,2026-06-06 14:00:00,0.0,0
M016,135,2026-06-06 15:00:00,0.0,0
M016,136,2026-06-06 16:00:00,0.0,0
M016,137,2026-06-06 17:00:00,0.0,0
M016,138,2026-06-06 18:00:00,0.0,0
M016,139,2026-06-06 19:00:00,0.0,0
M016,140,2026-06-06 20:00:00,0.0,0
M016,141,2026-06-06 21:00:00,0.0,0
M016,142,2026-06-06 22:00:00,0.0,0
M016,143,2026-06-06 23:00:00,0.0,0
M016,144,2026-06-07 00:00:00,0.0,0
M016,145,2026-06-07 01:00:00,0.0,0
M016,146,2026-06-07 02:00:00,0.0,0
M016,147,2026-06-07 03:00:00,0.0,0
M016,148,2026-06-07 04:00:00,0.0,0
M016,149,2026-06-07 05:00:00,0.0,0
M016,150,2026-06-07 06:00:00,0.0,0
M016,151,2026-06-07 07:00:00,0.0,0
M016,152,2026-06-07 08:00:00,0.0,0
M016,153,2026-06-07 09:00:00,0.0,0
M016,154,2026-06-07 10:00:00,0.0,0
M016,155,2026-06-07 11:00:00,0.0,0
M016,156,2026-06-07 12:00:00,0.0,0
M016,157,2026-06-07 13:00:00,0.0,0
M016,158,2026-06-07 14:00:00,0.0,0
M016,159,2026-06-07 15:00:00,0.0,0
M016,160,2026-06-07 16:00:00,0.0,0
M016,161,2026-06-07 17:00:00,0.0,0
M016,162,2026-06-07 18:00:00,0.0,0
M016,163,2026-06-07 19:00:00,0.0,0
M016,164,2026-06-07 20:00:00,0.0,0
M016,165,2026-06-07 21:00:00,0.0,0
M016,166,2026-06-07 22:00:00,0.0,0
M016,167,2026-06-07 23:00:00,0.0,0
M016,168,2026-06-08 00:00:00,0.0,0
M016,169,2026-06-08 01:00:00,0.0,0
M016,170,2026-06-08 02:00:00,0.0,0
M016,171,2026-06-08 03:00:00,0.0,0
M016,172,2026-06-08 04:00:00,0.0,0
M016,173,2026-06-08 05:00:00,0.0,0
M016,174,2026-06-08 06:00:00,0.0,0
M016,175,2026-06-08 07:00:00,0.0,0
M016,176,2026-06-08 08:00:00,0.0,0
M016,177,2026-06-08 09:00:00,0.0,0
M016,178,2026-06-08 10:00:00,0.0,0
M016,179,2026-06-08 11:00:00,0.0,0
M016,180,2026-06-08 12:00:00,0.0,0
M016,181,2026-06-08 13:00:00,0.0,0
M016,182,2026-06-08 14:00:00,0.0,0
M016,183,2026-06-08 15:00:00,0.0,0
M016,184,2026-06-08 16:00:00,0.0,0
M016,185,2026-06-08 17:00:00,0.0,0
M016,186,2026-06-08 18:00:00,0.0,0
M016,187,2026-06-08 19:00:00,0.0,0
M016,188,2026-06-08 20:00:00,0.0,0
M016,189,2026-06-08 21:00:00,0.0,0
M016,190,2026-06-08 22:00:00,0.0,0
M016,191,2026-06-08 23:00:00,0.0,0
M016,192,2026-06-09 00:00:00,0.0,0
M016,193,2026-06-09 01:00:00,0.0,0
M016,194,2026-06-09 02:00:00,0.0,0
M016,195,2026-06-09 03:00:00,0.0,0
M016,196,2026-06-09 04:00:00,0.0,0
M016,197,2026-06-09 05:00:00,0.0,0
M016,198,2026-06-09 06:00:00,0.0,0
M016,199,2026-06-09 07:00:00,0.0,0
M016,200,2026-06-09 08:00:00,0.0,0
M016,201,2026-06-09 09:00:00,0.0,0
M016,202,2026-06-09 10:00:00,0.0,0
M016,203,2026-06-09 11:00:00,0.0,0
M016,204,2026-06-09 12:00:00,0.0,0
M016,205,2026-06-09 13:00:00,0.0,0
M016,206,2026-06-09 14:00:00,0.0,0
M016,207,2026-06-09 15:00:00,0.0,0
M016,208,2026-06-09 16:00:00,0.0,0
M016,209,2026-06-09 17:00:00,0.0,0
M016,210,2026-06-09 18:00:00,0.0,0
M016,211,2026-06-09 19:00:00,0.0,0
M016,212,2026-06-09 20:00:00,0.0,0
M016,213,2026-06-09 21:00:00,0.0,0
M016,214,2026-06-09 22:00:00,0.0,0
M016,215,2026-06-09 23:00:00,0.0,0
M016,216,2026-06-10 00:00:00,0.0,0
M016,217,2026-06-10 01:00:00,0.0,0
M016,218,2026-06-10 02:00:00,0.0,0
M016,219,2026-06-10 03:00:00,0.0,0
M016,220,2026-06-10 04:00:00,0.0,0
M016,221,2026-06-10 05:00:00,0.0,0
M016,222,2026-06-10 06:00:00,0.0,0
M016,223,2026-06-10 07:00:00,0.0,0
M016,224,2026-06-10 08:00:00,0.0,0
M016,225,2026-06-10 09:00:00,0.0,0
M016,226,2026-06-10 10:00:00,0.0,0
M016,227,2026-06-10 11:00:00,0.0,0
M016,228,2026-06-10 12:00:00,0.0,0
M016,229,2026-06-10 13:00:00,0.0,0
M016,230,2026-06-10 14:00:00,0.0,0
M016,231,2026-06-10 15:00:00,0.0,0
M016,232,2026-06-10 16:00:00,0.0,0
M016,233,2026-06-10 17:00:00,0.0,0
M016,234,2026-06-10 18:00:00,0.0,0
M016,235,2026-06-10 19:00:00,0.0,0
M016,236,2026-06-10 20:00:00,0.0,0
M016,237,2026-06-10 21:00:00,0.0,0
M016,238,2026-06-10 22:00:00,0.0,0
M016,239,2026-06-10 23:00:00,0.0,0
M016,240,2026-06-11 00:00:00,0.0,0
M016,241,2026-06-11 01:00:00,0.0,0
M016,242,2026-06-11 02:00:00,0.0,0
M016,243,2026-06-11 03:00:00,0.0,0
M016,244,2026-06-11 04:00:00,0.0,0
M016,245,2026-06-11 05:00:00,0.0,0
M016,246,2026-06-11 06:00:00,0.0,0
M016,247,2026-06-11 07:00:00,0.0,0
M016,248,2026-06-11 08:00:00,0.0,0
M016,249,2026-06-11 09:00:00,0.0,0
M016,250,2026-06-11 10:00:00,0.0,0
M016,251,2026-06-11 11:00:00,0.0,0
M016,252,2026-06-11 12:00:00,0.0,0
M016,253,2026-06-11 13:00:00,0.0,0
M016,254,2026-06-11 14:00:00,0.0,0
M016,255,2026-06-11 15:00:00,0.0,0
M016,256,2026-06-11 16:00:00,0.0,0
M016,257,2026-06-11 17:00:00,0.0,0
M016,258,2026-06-11 18:00:00,0.0,0
M016,259,2026-06-11 19:00:00,0.0,0
M016,260,2026-06-11 20:00:00,0.0,0
M016,261,2026-06-11 21:00:00,0.0,0
M016,262,2026-06-11 22:00:00,0.0,0
M016,263,2026-06-11 23:00:00,0.0,0
M016,264,2026-06-12 00:00:00,0.0,0
M016,265,2026-06-12 01:00:00,0.0,0
M016,266,2026-06-12 02:00:00,0.0,0
M016,267,2026-06-12 03:00:00,0.0,0
M016,268,2026-06-12 04:00:00,0.0,0
M016,269,2026-06-12 05:00:00,0.0,0
M016,270,2026-06-12 06:00:00,0.0,0
M016,271,2026-06-12 07:00:00,0.0,0
M016,272,2026-06-12 08:00:00,0.0,0
M016,273,2026-06-12 09:00:00,0.0,0
M016,274,2026-06-12 10:00:00,0.0,0
M016,275,2026-06-12 11:00:00,0.0,0
M016,276,2026-06-12 12:00:00,0.0,0
M016,277,2026-06-12 13:00:00,0.0,0
M016,278,2026-06-12 14:00:00,0.0,0
M016,279,2026-06-12 15:00:00,0.0,0
M016,280,2026-06-12 16:00:00,0.0,0
M016,281,2026-06-12 17:00:00,0.0,0
M016,282,2026-06-12 18:00:00,0.0,0
M016,283,2026-06-12 19:00:00,0.0,0
M016,284,2026-06-12 20:00:00,0.0,0
M016,285,2026-06-12 21:00:00,0.0,0
M016,286,2026-06-12 22:00:00,0.0,0
M016,287,2026-06-12 23:00:00,0.0,0
M016,288,2026-06-13 00:00:00,0.0,0
M016,289,2026-06-13 01:00:00,0.0,0
M016,290,2026-06-13 02:00:00,0.0,0
M016,291,2026-06-13 03:00:00,0.0,0
M016,292,2026-06-13 04:00:00,0.0,0
M016,293,2026-06-13 05:00:00,0.0,0
M016,294,2026-06-13 06:00:00,0.0,0
M016,295,2026-06-13 07:00:00,0.0,0
M016,296,2026-06-13 08:00:00,0.0,0
M016,297,2026-06-13 09:00:00,0.0,0
M016,298,2026-06-13 10:00:00,0.0,0
M016,299,2026-06-13 11:00:00,0.0,0
M016,300,2026-06-13 12:00:00,0.0,0
M016,301,2026-06-13 13:00:00,0.0,0
M016,302,2026-06-13 14:00:00,0.0,0
M016,303,2026-06-13 15:00:00,0.0,0
M016,304,2026-06-13 16:00:00,0.0,0
M016,305,2026-06-13 17:00:00,0.0,0
M016,306,2026-06-13 18:00:00,0.0,0
M016,307,2026-06-13 19:00:00,0.0,0
M016,308,2026-06-13 20:00:00,0.0,0
M016,309,2026-06-13 21:00:00,0.0,0
M016,310,2026-06-13 22:00:00,0.0,0
M016,311,2026-06-13 23:00:00,0.0,0
M016,312,2026-06-14 00:00:00,0.0,0
M016,313,2026-06-14 01:00:00,0.0,0
M016,314,2026-06-14 02:00:00,0.0,0
M016,315,2026-06-14 03:00:00,0.0,0
M016,316,2026-06-14 04:00:00,0.0,0
M016,317,2026-06-14 05:00:00,0.0,0
M016,318,2026-06-14 06:00:00,0.0,0
M016,319,2026-06-14 07:00:00,0.0,0
M016,320,2026-06-14 08:00:00,0.0,0
M016,321,2026-06-14 09:00:00,0.0,0
M016,322,2026-06-14 10:00:00,0.0,0
M016,323,2026-06-14 11:00:00,0.0,0
M016,324,2026-06-14 12:00:00,0.0,0
M016,325,2026-06-14 13:00:00,0.0,0
M016,326,2026-06-14 14:00:00,0.0,0
M016,327,2026-06-14 15:00:00,0.0,0
M016,328,2026-06-14 16:00:00,0.0,0
M016,329,2026-06-14 17:00:00,0.0,0
M016,330,2026-06-14 18:00:00,0.0,0
M016,331,2026-06-14 19:00:00,0.0,0
M016,332,2026-06-14 20:00:00,0.0,0
M016,333,2026-06-14 21:00:00,0.0,0
M016,334,2026-06-14 22:00:00,0.0,0
M016,335,2026-06-14 23:00:00,0.0,0
M016,336,2026-06-15 00:00:00,0.0,0
M016,337,2026-06-15 01:00:00,0.0,0
M016,338,2026-06-15 02:00:00,0.0,0
M016,339,2026-06-15 03:00:00,0.0,0
M016,340,2026-06-15 04:00:00,0.0,0
M016,341,2026-06-15 05:00:00,0.0,0
M016,342,2026-06-15 06:00:00,0.0,0
M016,343,2026-06-15 07:00:00,0.0,0
M016,344,2026-06-15 08:00:00,0.0,0
M016,345,2026-06-15 09:00:00,0.0,0
M016,346,2026-06-15 10:00:00,0.0,0
M016,347,2026-06-15 11:00:00,0.0,0
M016,348,2026-06-15 12:00:00,0.0,0
M016,349,2026-06-15 13:00:00,0.0,0
M016,350,2026-06-15 14:00:00,0.0,0
M016,351,2026-06-15 15:00:00,0.0,0
M016,352,2026-06-15 16:00:00,0.0,0
M016,353,2026-06-15 17:00:00,0.0,0
M016,354,2026-06-15 18:00:00,0.0,0
M016,355,2026-06-15 19:00:00,0.0,0
M016,356,2026-06-15 20:00:00,0.0,0
M016,357,2026-06-15 21:00:00,0.0,0
M016,358,2026-06-15 22:00:00,0.0,0
M016,359,2026-06-15 23:00:00,0.0,0
M016,360,2026-06-16 00:00:00,0.0,0
M016,361,2026-06-16 01:00:00,0.0,0
M016,362,2026-06-16 02:00:00,0.0,0
M016,363,2026-06-16 03:00:00,0.0,0
M016,364,2026-06-16 04:00:00,0.0,0
M016,365,2026-06-16 05:00:00,0.0,0
M016,366,2026-06-16 06:00:00,0.0,0
M016,367,2026-06-16 07:00:00,0.0,0
M016,368,2026-06-16 08:00:00,0.0,0
M016,369,2026-06-16 09:00:00,0.0,0
M016,370,2026-06-16 10:00:00,0.0,0
M016,371,2026-06-16 11:00:00,0.0,0
M016,372,2026-06-16 12:00:00,0.0,0
M016,373,2026-06-16 13:00:00,0.0031552564718807935,0
M016,374,2026-06-16 14:00:00,0.0031552564718807935,0
M016,375,2026-06-16 15:00:00,0.0031552564718807935,0
M016,376,2026-06-16 16:00:00,0.0,0
M016,377,2026-06-16 17:00:00,0.0,0
M016,378,2026-06-16 18:00:00,0.0031552564718807935,0
M016,379,2026-06-16 19:00:00,0.0031552564718807935,0
M016,380,2026-06-16 20:00:00,0.0,0
M016,381,2026-06-16 21:00:00,0.0,0
M016,382,2026-06-16 22:00:00,0.0,0
M016,383,2026-06-16 23:00:00,0.0,0
M016,384,2026-06-17 00:00:00,0.0,0
M016,385,2026-06-17 01:00:00,0.0,0
M016,386,2026-06-17 02:00:00,0.0,0
M016,387,2026-06-17 03:00:00,0.0,0
M016,388,2026-06-17 04:00:00,0.0,0
M016,389,2026-06-17 05:00:00,0.0031552564718807935,0
M016,390,2026-06-17 06:00:00,0.0,0
M016,391,2026-06-17 07:00:00,0.0,0
M016,392,2026-06-17 08:00:00,0.0,0
M016,393,2026-06-17 09:00:00,0.0,0
M016,394,2026-06-17 10:00:00,0.0,0
M016,395,2026-06-17 11:00:00,0.0,0
M016,396,2026-06-17 12:00:00,0.0,0
M016,397,2026-06-17 13:00:00,0.0,0
M016,398,2026-06-17 14:00:00,0.0,0
M016,399,2026-06-17 15:00:00,0.0,0
M016,400,2026-06-17 16:00:00,0.0,0
M016,401,2026-06-17 17:00:00,0.0,0
M016,402,2026-06-17 18:00:00,0.0,0
M016,403,2026-06-17 19:00:00,0.0,0
M016,404,2026-06-17 20:00:00,0.0,0
M016,405,2026-06-17 21:00:00,0.0,0
M016,406,2026-06-17 22:00:00,0.0,0
M016,407,2026-06-17 23:00:00,0.0,0
M016,408,2026-06-18 00:00:00,0.0,0
M016,409,2026-06-18 01:00:00,0.0,0
M016,410,2026-06-18 02:00:00,0.0,0
M016,411,2026-06-18 03:00:00,0.0,0
M016,412,2026-06-18 04:00:00,0.0,0
M016,413,2026-06-18 05:00:00,0.0,0
M016,414,2026-06-18 06:00:00,0.0,0
M016,415,2026-06-18 07:00:00,0.0,0
M016,416,2026-06-18 08:00:00,0.0,0
M016,417,2026-06-18 09:00:00,0.0,0
M016,418,2026-06-18 10:00:00,0.0,0
M016,419,2026-06-18 11:00:00,0.0,0
M016,420,2026-06-18 12:00:00,0.0,0
M016,421,2026-06-18 13:00:00,0.0,0
M016,422,2026-06-18 14:00:00,0.0,0
M016,423,2026-06-18 15:00:00,0.0,0
M016,424,2026-06-18 16:00:00,0.0,0
M016,425,2026-06-18 17:00:00,0.0,0
M016,426,2026-06-18 18:00:00,0.0,0
M016,427,2026-06-18 19:00:00,0.0,0
M016,428,2026-06-18 20:00:00,0.0,0
M016,429,2026-06-18 21:00:00,0.0,0
M016,430,2026-06-18 22:00:00,0.0,0
M016,431,2026-06-18 23:00:00,0.0,0
M016,432,2026-06-19 00:00:00,0.0,0
M016,433,2026-06-19 01:00:00,0.0,0
M016,434,2026-06-19 02:00:00,0.0,0
M016,435,2026-06-19 03:00:00,0.0,0
M016,436,2026-06-19 04:00:00,0.0,0
M016,437,2026-06-19 05:00:00,0.0,0
M016,438,2026-06-19 06:00:00,0.0,0
M016,439,2026-06-19 07:00:00,0.0,0
M016,440,2026-06-19 08:00:00,0.0,0
M016,441,2026-06-19 09:00:00,0.0,0
M016,442,2026-06-19 10:00:00,0.0,0
M016,443,2026-06-19 11:00:00,0.0,0
M016,444,2026-06-19 12:00:00,0.0,0
M016,445,2026-06-19 13:00:00,0.0,0
M016,446,2026-06-19 14:00:00,0.0,0
M016,447,2026-06-19 15:00:00,0.0,0
M016,448,2026-06-19 16:00:00,0.0,0
M016,449,2026-06-19 17:00:00,0.0,0
M016,450,2026-06-19 18:00:00,0.0,0
M016,451,2026-06-19 19:00:00,0.0,0
M016,452,2026-06-19 20:00:00,0.0,0
M016,453,2026-06-19 21:00:00,0.0,0
M016,454,2026-06-19 22:00:00,0.0,0
M016,455,2026-06-19 23:00:00,0.0,0
M016,456,2026-06-20 00:00:00,0.0,0
M016,457,2026-06-20 01:00:00,0.0,0
M016,458,2026-06-20 02:00:00,0.0,0
M016,459,2026-06-20 03:00:00,0.0,0
M016,460,2026-06-20 04:00:00,0.0,0
M016,461,2026-06-20 05:00:00,0.0,0
M016,462,2026-06-20 06:00:00,0.0,0
M016,463,2026-06-20 07:00:00,0.0,0
M016,464,2026-06-20 08:00:00,0.0,0
M016,465,2026-06-20 09:00:00,0.0,0
M016,466,2026-06-20 10:00:00,0.0,0
M016,467,2026-06-20 11:00:00,0.002536104391173668,0
M016,468,2026-06-20 12:00:00,0.0,0
M016,469,2026-06-20 13:00:00,0.0,0
M016,470,2026-06-20 14:00:00,0.0,0
M016,471,2026-06-20 15:00:00,0.0,0
M016,472,2026-06-20 16:00:00,0.0,0
M016,473,2026-06-20 17:00:00,0.0,0
M016,474,2026-06-20 18:00:00,0.0,0
M016,475,2026-06-20 19:00:00,0.0,0
M016,476,2026-06-20 20:00:00,0.0,0
M016,477,2026-06-20 21:00:00,0.0,0
M016,478,2026-06-20 22:00:00,0.0,0
M016,479,2026-06-20 23:00:00,0.0,0
M016,480,2026-06-21 00:00:00,0.0,0
M016,481,2026-06-21 01:00:00,0.0,0
M016,482,2026-06-21 02:00:00,0.0,0
M016,483,2026-06-21 03:00:00,0.0,0
M016,484,2026-06-21 04:00:00,0.009314664838160907,0
M016,485,2026-06-21 05:00:00,0.006031125781199374,0
M016,486,2026-06-21 06:00:00,0.006031125781199374,0
M016,487,2026-06-21 07:00:00,0.0029354328031534547,0
M016,488,2026-06-21 08:00:00,0.0,0
M016,489,2026-06-21 09:00:00,0.0,0
M016,490,2026-06-21 10:00:00,0.0,0
M016,491,2026-06-21 11:00:00,0.0029354328031534547,0
M016,492,2026-06-21 12:00:00,0.006031125781199374,0
M016,493,2026-06-21 13:00:00,0.0,0
M016,494,2026-06-21 14:00:00,0.0,0
M016,495,2026-06-21 15:00:00,0.0,0
M016,496,2026-06-21 16:00:00,0.0,0
M016,497,2026-06-21 17:00:00,0.0,0
M016,498,2026-06-21 18:00:00,0.0,0
M016,499,2026-06-21 19:00:00,0.0,0
M016,500,2026-06-21 20:00:00,0.0,0
M016,501,2026-06-21 21:00:00,0.0,0
M016,502,2026-06-21 22:00:00,0.0,0
M016,503,2026-06-21 23:00:00,0.0,0
M016,504,2026-06-22 00:00:00,0.0,0
M016,505,2026-06-22 01:00:00,0.0,0
M016,506,2026-06-22 02:00:00,0.0,0
M016,507,2026-06-22 03:00:00,0.0,0
M016,508,2026-06-22 04:00:00,0.0,0
M016,509,2026-06-22 05:00:00,0.0,0
M016,510,2026-06-22 06:00:00,0.0,0
M016,511,2026-06-22 07:00:00,0.0,0
M016,512,2026-06-22 08:00:00,0.0,0
M016,513,2026-06-22 09:00:00,0.0,0
M016,514,2026-06-22 10:00:00,0.0,0
M016,515,2026-06-22 11:00:00,0.0,0
M016,516,2026-06-22 12:00:00,0.0,0
M016,517,2026-06-22 13:00:00,0.0,0
M016,518,2026-06-22 14:00:00,0.0,0
M016,519,2026-06-22 15:00:00,0.0,0
M016,520,2026-06-22 16:00:00,0.0,0
M016,521,2026-06-22 17:00:00,0.0,0
M016,522,2026-06-22 18:00:00,0.0,0
M016,523,2026-06-22 19:00:00,0.0,0
M016,524,2026-06-22 20:00:00,0.0,0
M016,525,2026-06-22 21:00:00,0.0,0
M016,526,2026-06-22 22:00:00,0.0,0
M016,527,2026-06-22 23:00:00,0.0,0
M016,528,2026-06-23 00:00:00,0.0,0
M016,529,2026-06-23 01:00:00,0.0,0
M016,530,2026-06-23 02:00:00,0.0,0
M016,531,2026-06-23 03:00:00,0.0,0
M016,532,2026-06-23 04:00:00,0.0,0
M016,533,2026-06-23 05:00:00,0.0,0
M016,534,2026-06-23 06:00:00,0.0,0
M016,535,2026-06-23 07:00:00,0.0,0
M016,536,2026-06-23 08:00:00,0.0,0
M016,537,2026-06-23 09:00:00,0.0,0
M016,538,2026-06-23 10:00:00,0.0,0
M016,539,2026-06-23 11:00:00,0.0,0
M016,540,2026-06-23 12:00:00,0.0,0
M016,541,2026-06-23 13:00:00,0.0,0
M016,542,2026-06-23 14:00:00,0.0,0
M016,543,2026-06-23 15:00:00,0.0,0
M016,544,2026-06-23 16:00:00,0.0,0
M016,545,2026-06-23 17:00:00,0.0,0
M016,546,2026-06-23 18:00:00,0.0,0
M016,547,2026-06-23 19:00:00,0.0,0
M016,548,2026-06-23 20:00:00,0.0,0
M016,549,2026-06-23 21:00:00,0.0,0
M016,550,2026-06-23 22:00:00,0.0057980275059894846,0
M016,551,2026-06-23 23:00:00,0.0,0
M016,552,2026-06-24 00:00:00,0.0,0
M016,553,2026-06-24 01:00:00,0.0,0
M016,554,2026-06-24 02:00:00,0.0,0
M016,555,2026-06-24 03:00:00,0.0,0
M016,556,2026-06-24 04:00:00,0.0,0
M016,557,2026-06-24 05:00:00,0.0,0
M016,558,2026-06-24 06:00:00,0.0024011548501979493,0
M016,559,2026-06-24 07:00:00,0.0,0
M016,560,2026-06-24 08:00:00,0.0,0
M016,561,2026-06-24 09:00:00,0.0026493715204040633,0
M016,562,2026-06-24 10:00:00,0.0057395050681283925,0
M016,563,2026-06-24 11:00:00,0.0,0
M016,564,2026-06-24 12:00:00,0.0,0
M016,565,2026-06-24 13:00:00,0.0030384371376692694,0
M016,566,2026-06-24 14:00:00,0.0030384371376692694,0
M016,567,2026-06-24 15:00:00,0.006205824809623308,0
M016,568,2026-06-24 16:00:00,0.01035403922970039,0
M016,569,2026-06-24 17:00:00,0.021439174053169398,0
M016,570,2026-06-24 18:00:00,0.009222356615959881,0
M016,571,2026-06-24 19:00:00,0.009892096009801626,0
M016,572,2026-06-24 20:00:00,0.007134904201689427,0
M016,573,2026-06-24 21:00:00,0.007134904201689427,0
M016,574,2026-06-24 22:00:00,0.007469072396097853,0
M016,575,2026-06-24 23:00:00,0.00987414671606579,0
M016,576,2026-06-25 00:00:00,0.00472982988172149,0
M016,577,2026-06-25 01:00:00,0.007134904201689427,0
M016,578,2026-06-25 02:00:00,0.0051584060713033,0
M016,579,2026-06-25 03:00:00,0.0024050743199679372,0
M016,580,2026-06-25 04:00:00,0.00611617254529279,0
M016,581,2026-06-25 05:00:00,0.009737496613041883,0
M016,582,2026-06-25 06:00:00,0.009151683784687524,0
M016,583,2026-06-25 07:00:00,0.012560154797930474,0
M016,584,2026-06-25 08:00:00,0.055060782374994316,0
M016,585,2026-06-25 09:00:00,0.04313697642856265,0
M016,586,2026-06-25 10:00:00,0.042231188839544756,0
M016,587,2026-06-25 11:00:00,0.04905981816137981,0
M016,588,2026-06-25 12:00:00,0.05187022020681469,0
M016,589,2026-06-25 13:00:00,0.0490697153703008,0
M016,590,2026-06-25 14:00:00,0.06368131584747452,0
M016,591,2026-06-25 15:00:00,0.08365330803682242,0
M016,592,2026-06-25 16:00:00,0.12790723976134244,0
M016,593,2026-06-25 17:00:00,0.17583523559882286,0
M016,594,2026-06-25 18:00:00,0.17224869953644023,0
M016,595,2026-06-25 19:00:00,0.1727247685889812,0
M016,596,2026-06-25 20:00:00,0.16311329727779547,0
M016,597,2026-06-25 21:00:00,0.5061644715336328,0
M016,598,2026-06-25 22:00:00,0.34392147865897355,0
M016,599,2026-06-25 23:00:00,0.3842811860011855,0
M016,600,2026-06-26 00:00:00,0.38950870932685333,0
M016,601,2026-06-26 01:00:00,0.645576616632357,0
M016,602,2026-06-26 02:00:00,0.7312500221262861,0
M016,603,2026-06-26 03:00:00,0.5934698831327542,0
M016,604,2026-06-26 04:00:00,0.766694081095719,0
M016,605,2026-06-26 05:00:00,0.7731330572798553,0
M016,606,2026-06-26 06:00:00,0.7748142844438696,0
M016,607,2026-06-26 07:00:00,0.7089765126605097,0
M016,608,2026-06-26 08:00:00,0.690491859163931,0
M016,609,2026-06-26 09:00:00,0.8035121009470916,0
M016,610,2026-06-26 10:00:00,0.8175945787304477,0
M016,611,2026-06-26 11:00:00,0.814064673331086,0
M016,612,2026-06-26 12:00:00,0.8084899180094374,0
M016,613,2026-06-26 13:00:00,0.8309323291796525,0
M016,614,2026-06-26 14:00:00,0.8395427419677042,0
M016,615,2026-06-26 15:00:00,0.84272850919299,0
M016,616,2026-06-26 16:00:00,0.7612162521008243,0
M016,617,2026-06-26 17:00:00,0.7913675573346578,0
M016,618,2026-06-26 18:00:00,0.7766440920042066,0
M016,619,2026-06-26 19:00:00,0.7577089435685295,0
M016,620,2026-06-26 20:00:00,0.7691793630774503,0
M016,621,2026-06-26 21:00:00,0.7816840984223716,0
M016,622,2026-06-26 22:00:00,0.8348788252007938,0
M016,623,2026-06-26 23:00:00,0.9395458100990824,0
M016,624,2026-06-27 00:00:00,0.8937996361760211,0
M016,625,2026-06-27 01:00:00,0.9301728010799584,0
M016,626,2026-06-27 02:00:00,0.9267892036787297,0
M016,627,2026-06-27 03:00:00,0.9179551322469187,0
M016,628,2026-06-27 04:00:00,0.8559751098724155,0
M016,629,2026-06-27 05:00:00,0.9333522649358381,0
M016,630,2026-06-27 06:00:00,0.9284185641935717,0
M016,631,2026-06-27 07:00:00,0.9486592252536791,0
M016,632,2026-06-27 08:00:00,0.9511767340401671,0
M016,633,2026-06-27 09:00:00,0.9459912122811112,0
M016,634,2026-06-27 10:00:00,0.9749540098591601,1
M016,635,2026-06-27 11:00:00,0.9789320502813933,1
M016,636,2026-06-27 12:00:00,0.9785884671751234,1
M016,637,2026-06-27 13:00:00,0.9782649606760719,1
M016,638,2026-06-27 14:00:00,0.9786288014994134,1
M016,639,2026-06-27 15:00:00,0.9705295179507842,1
M016,640,2026-06-27 16:00:00,0.9860046772522683,1
M016,641,2026-06-27 17:00:00,0.9862272485049196,1
M016,642,2026-06-27 18:00:00,0.9853208226772928,1
M016,643,2026-06-27 19:00:00,0.9846215792492145,1
M016,644,2026-06-27 20:00:00,0.9855724638898699,1
M016,645,2026-06-27 21:00:00,0.9762060098139987,1
M016,646,2026-06-27 22:00:00,0.9863187873683137,1
M016,647,2026-06-27 23:00:00,0.9863187873683137,1
M016,648,2026-06-28 00:00:00,0.9863187873683137,1
M016,649,2026-06-28 01:00:00,0.9863187873683137,1
M016,650,2026-06-28 02:00:00,0.9863187873683137,1
M016,651,2026-06-28 03:00:00,0.9863187873683137,1
M016,652,2026-06-28 04:00:00,0.9863187873683137,1
M016,653,2026-06-28 05:00:00,0.9863187873683137,1
M016,654,2026-06-28 06:00:00,0.9863187873683137,1
M016,655,2026-06-28 07:00:00,0.9863187873683137,1
M016,656,2026-06-28 08:00:00,0.9863187873683137,1
M016,657,2026-06-28 09:00:00,0.9863187873683137,1
M016,658,2026-06-28 10:00:00,0.9862279695887328,1
M016,659,2026-06-28 11:00:00,0.9862279695887328,1
M016,660,2026-06-28 12:00:00,0.9857131015078401,1
M016,661,2026-06-28 13:00:00,0.9857131015078401,1
M016,662,2026-06-28 14:00:00,0.9464728279454331,1
M016,663,2026-06-28 15:00:00,0.9857131015078401,1
M016,664,2026-06-28 16:00:00,0.9817343557285246,1
M016,665,2026-06-28 17:00:00,0.9857131015078401,1
M016,666,2026-06-28 18:00:00,0.9857131015078401,1
M016,667,2026-06-28 19:00:00,0.9862662188047799,1
M016,668,2026-06-28 20:00:00,0.9862662188047799,1
M016,669,2026-06-28 21:00:00,0.9862662188047799,1
M016,670,2026-06-28 22:00:00,0.9862662188047799,1
M016,671,2026-06-28 23:00:00,0.9862662188047799,1
M016,672,2026-06-29 00:00:00,0.9862662188047799,1
M016,673,2026-06-29 01:00:00,0.9862662188047799,1
M016,674,2026-06-29 02:00:00,0.9862662188047799,1
M016,675,2026-06-29 03:00:00,0.9823546521513827,1
M016,676,2026-06-29 04:00:00,0.9790719659600637,1
M016,677,2026-06-29 05:00:00,0.8921140972163875,1
M016,678,2026-06-29 06:00:00,0.9853163573691269,1
M016,679,2026-06-29 07:00:00,0.9647711762685504,1
M016,680,2026-06-29 08:00:00,0.94947976166592,1
M016,681,2026-06-29 09:00:00,0.7697373505104242,1
M016,682,2026-06-29 10:00:00,0.16675133790385732,0
M016,683,2026-06-29 11:00:00,0.24434919957362444,0
M016,684,2026-06-29 12:00:00,0.1393808131828583,0
M016,685,2026-06-29 13:00:00,0.1299854951863515,0
M016,686,2026-06-29 14:00:00,0.22076945847601134,0
M016,687,2026-06-29 15:00:00,0.11300714929513307,0
M016,688,2026-06-29 16:00:00,0.18879863486336937,0
M016,689,2026-06-29 17:00:00,0.13008969006399734,0
M016,690,2026-06-29 18:00:00,0.13816878699537338,0
M016,691,2026-06-29 19:00:00,0.1294267299511266,0
M016,692,2026-06-29 20:00:00,0.1326991375643277,0
M016,693,2026-06-29 21:00:00,0.13407292746872515,0
M016,694,2026-06-29 22:00:00,0.12767263241966642,0
M016,695,2026-06-29 23:00:00,0.1346195800704151,0
M016,696,2026-06-30 00:00:00,0.15131171219502743,0
M016,697,2026-06-30 01:00:00,0.1632057932656423,0
M017,23,2026-06-01 23:00:00,0.0,0
M017,24,2026-06-02 00:00:00,0.0,0
M017,25,2026-06-02 01:00:00,0.0,0
M017,26,2026-06-02 02:00:00,0.0,0
M017,27,2026-06-02 03:00:00,0.0,0
M017,28,2026-06-02 04:00:00,0.0,0
M017,29,2026-06-02 05:00:00,0.0,0
M017,30,2026-06-02 06:00:00,0.0,0
M017,31,2026-06-02 07:00:00,0.0,0
M017,32,2026-06-02 08:00:00,0.0,0
M017,33,2026-06-02 09:00:00,0.0,0
M017,34,2026-06-02 10:00:00,0.0,0
M017,35,2026-06-02 11:00:00,0.0,0
M017,36,2026-06-02 12:00:00,0.0,0
M017,37,2026-06-02 13:00:00,0.0,0
M017,38,2026-06-02 14:00:00,0.0,0
M017,39,2026-06-02 15:00:00,0.0,0
M017,40,2026-06-02 16:00:00,0.0,0
M017,41,2026-06-02 17:00:00,0.0,0
M017,42,2026-06-02 18:00:00,0.0,0
M017,43,2026-06-02 19:00:00,0.0,0
M017,44,2026-06-02 20:00:00,0.0,0
M017,45,2026-06-02 21:00:00,0.0,0
M017,46,2026-06-02 22:00:00,0.0,0
M017,47,2026-06-02 23:00:00,0.0,0
M017,48,2026-06-03 00:00:00,0.0,0
M017,49,2026-06-03 01:00:00,0.0,0
M017,50,2026-06-03 02:00:00,0.0,0
M017,51,2026-06-03 03:00:00,0.0,0
M017,52,2026-06-03 04:00:00,0.0,0
M017,53,2026-06-03 05:00:00,0.0,0
M017,54,2026-06-03 06:00:00,0.0,0
M017,55,2026-06-03 07:00:00,0.0,0
M017,56,2026-06-03 08:00:00,0.0,0
M017,57,2026-06-03 09:00:00,0.0,0
M017,58,2026-06-03 10:00:00,0.0,0
M017,59,2026-06-03 11:00:00,0.0,0
M017,60,2026-06-03 12:00:00,0.0,0
M017,61,2026-06-03 13:00:00,0.0,0
M017,62,2026-06-03 14:00:00,0.0,0
M017,63,2026-06-03 15:00:00,0.0,0
M017,64,2026-06-03 16:00:00,0.0,0
M017,65,2026-06-03 17:00:00,0.0,0
M017,66,2026-06-03 18:00:00,0.0,0
M017,67,2026-06-03 19:00:00,0.0,0
M017,68,2026-06-03 20:00:00,0.0,0
M017,69,2026-06-03 21:00:00,0.0,0
M017,70,2026-06-03 22:00:00,0.0,0
M017,71,2026-06-03 23:00:00,0.0,0
M017,72,2026-06-04 00:00:00,0.0,0
M017,73,2026-06-04 01:00:00,0.0,0
M017,74,2026-06-04 02:00:00,0.0,0
M017,75,2026-06-04 03:00:00,0.0,0
M017,76,2026-06-04 04:00:00,0.0,0
M017,77,2026-06-04 05:00:00,0.0,0
M017,78,2026-06-04 06:00:00,0.0,0
M017,79,2026-06-04 07:00:00,0.0,0
M017,80,2026-06-04 08:00:00,0.0,0
M017,81,2026-06-04 09:00:00,0.0,0
M017,82,2026-06-04 10:00:00,0.0,0
M017,83,2026-06-04 11:00:00,0.0,0
M017,84,2026-06-04 12:00:00,0.0,0
M017,85,2026-06-04 13:00:00,0.0,0
M017,86,2026-06-04 14:00:00,0.0,0
M017,87,2026-06-04 15:00:00,0.0,0
M017,88,2026-06-04 16:00:00,0.0,0
M017,89,2026-06-04 17:00:00,0.0,0
M017,90,2026-06-04 18:00:00,0.0,0
M017,91,2026-06-04 19:00:00,0.0,0
M017,92,2026-06-04 20:00:00,0.0,0
M017,93,2026-06-04 21:00:00,0.0,0
M017,94,2026-06-04 22:00:00,0.0,0
M017,95,2026-06-04 23:00:00,0.0,0
M017,96,2026-06-05 00:00:00,0.0,0
M017,97,2026-06-05 01:00:00,0.0,0
M017,98,2026-06-05 02:00:00,0.0,0
M017,99,2026-06-05 03:00:00,0.0,0
M017,100,2026-06-05 04:00:00,0.0,0
M017,101,2026-06-05 05:00:00,0.0,0
M017,102,2026-06-05 06:00:00,0.0,0
M017,103,2026-06-05 07:00:00,0.0,0
M017,104,2026-06-05 08:00:00,0.0,0
M017,105,2026-06-05 09:00:00,0.0,0
M017,106,2026-06-05 10:00:00,0.0,0
M017,107,2026-06-05 11:00:00,0.0,0
M017,108,2026-06-05 12:00:00,0.0,0
M017,109,2026-06-05 13:00:00,0.0,0
M017,110,2026-06-05 14:00:00,0.0,0
M017,111,2026-06-05 15:00:00,0.0,0
M017,112,2026-06-05 16:00:00,0.0,0
M017,113,2026-06-05 17:00:00,0.0,0
M017,114,2026-06-05 18:00:00,0.0,0
M017,115,2026-06-05 19:00:00,0.0,0
M017,116,2026-06-05 20:00:00,0.0,0
M017,117,2026-06-05 21:00:00,0.0,0
M017,118,2026-06-05 22:00:00,0.0,0
M017,119,2026-06-05 23:00:00,0.0,0
M017,120,2026-06-06 00:00:00,0.0,0
M017,121,2026-06-06 01:00:00,0.0,0
M017,122,2026-06-06 02:00:00,0.0,0
M017,123,2026-06-06 03:00:00,0.0,0
M017,124,2026-06-06 04:00:00,0.0,0
M017,125,2026-06-06 05:00:00,0.0,0
M017,126,2026-06-06 06:00:00,0.0,0
M017,127,2026-06-06 07:00:00,0.0,0
M017,128,2026-06-06 08:00:00,0.0,0
M017,129,2026-06-06 09:00:00,0.0,0
M017,130,2026-06-06 10:00:00,0.0,0
M017,131,2026-06-06 11:00:00,0.0,0
M017,132,2026-06-06 12:00:00,0.0,0
M017,133,2026-06-06 13:00:00,0.0,0
M017,134,2026-06-06 14:00:00,0.0,0
M017,135,2026-06-06 15:00:00,0.0,0
M017,136,2026-06-06 16:00:00,0.0,0
M017,137,2026-06-06 17:00:00,0.0,0
M017,138,2026-06-06 18:00:00,0.0,0
M017,139,2026-06-06 19:00:00,0.0,0
M017,140,2026-06-06 20:00:00,0.0,0
M017,141,2026-06-06 21:00:00,0.0,0
M017,142,2026-06-06 22:00:00,0.0,0
M017,143,2026-06-06 23:00:00,0.0,0
M017,144,2026-06-07 00:00:00,0.0,0
M017,145,2026-06-07 01:00:00,0.0,0
M017,146,2026-06-07 02:00:00,0.0,0
M017,147,2026-06-07 03:00:00,0.0,0
M017,148,2026-06-07 04:00:00,0.0,0
M017,149,2026-06-07 05:00:00,0.0,0
M017,150,2026-06-07 06:00:00,0.0,0
M017,151,2026-06-07 07:00:00,0.0,0
M017,152,2026-06-07 08:00:00,0.0,0
M017,153,2026-06-07 09:00:00,0.0,0
M017,154,2026-06-07 10:00:00,0.0,0
M017,155,2026-06-07 11:00:00,0.0,0
M017,156,2026-06-07 12:00:00,0.0,0
M017,157,2026-06-07 13:00:00,0.0,0
M017,158,2026-06-07 14:00:00,0.0,0
M017,159,2026-06-07 15:00:00,0.0,0
M017,160,2026-06-07 16:00:00,0.0,0
M017,161,2026-06-07 17:00:00,0.0,0
M017,162,2026-06-07 18:00:00,0.0,0
M017,163,2026-06-07 19:00:00,0.0,0
M017,164,2026-06-07 20:00:00,0.0,0
M017,165,2026-06-07 21:00:00,0.0,0
M017,166,2026-06-07 22:00:00,0.0,0
M017,167,2026-06-07 23:00:00,0.0,0
M017,168,2026-06-08 00:00:00,0.0,0
M017,169,2026-06-08 01:00:00,0.0,0
M017,170,2026-06-08 02:00:00,0.0,0
M017,171,2026-06-08 03:00:00,0.0,0
M017,172,2026-06-08 04:00:00,0.0,0
M017,173,2026-06-08 05:00:00,0.0,0
M017,174,2026-06-08 06:00:00,0.0,0
M017,175,2026-06-08 07:00:00,0.0,0
M017,176,2026-06-08 08:00:00,0.0,0
M017,177,2026-06-08 09:00:00,0.0,0
M017,178,2026-06-08 10:00:00,0.0,0
M017,179,2026-06-08 11:00:00,0.0,0
M017,180,2026-06-08 12:00:00,0.0,0
M017,181,2026-06-08 13:00:00,0.0,0
M017,182,2026-06-08 14:00:00,0.0,0
M017,183,2026-06-08 15:00:00,0.0,0
M017,184,2026-06-08 16:00:00,0.0,0
M017,185,2026-06-08 17:00:00,0.0,0
M017,186,2026-06-08 18:00:00,0.0,0
M017,187,2026-06-08 19:00:00,0.0,0
M017,188,2026-06-08 20:00:00,0.0,0
M017,189,2026-06-08 21:00:00,0.0,0
M017,190,2026-06-08 22:00:00,0.0,0
M017,191,2026-06-08 23:00:00,0.0,0
M017,192,2026-06-09 00:00:00,0.0,0
M017,193,2026-06-09 01:00:00,0.0,0
M017,194,2026-06-09 02:00:00,0.0,0
M017,195,2026-06-09 03:00:00,0.0,0
M017,196,2026-06-09 04:00:00,0.0,0
M017,197,2026-06-09 05:00:00,0.0,0
M017,198,2026-06-09 06:00:00,0.0,0
M017,199,2026-06-09 07:00:00,0.0,0
M017,200,2026-06-09 08:00:00,0.0,0
M017,201,2026-06-09 09:00:00,0.0,0
M017,202,2026-06-09 10:00:00,0.0,0
M017,203,2026-06-09 11:00:00,0.0,0
M017,204,2026-06-09 12:00:00,0.0,0
M017,205,2026-06-09 13:00:00,0.0,0
M017,206,2026-06-09 14:00:00,0.0,0
M017,207,2026-06-09 15:00:00,0.0,0
M017,208,2026-06-09 16:00:00,0.0,0
M017,209,2026-06-09 17:00:00,0.0,0
M017,210,2026-06-09 18:00:00,0.0,0
M017,211,2026-06-09 19:00:00,0.0,0
M017,212,2026-06-09 20:00:00,0.0,0
M017,213,2026-06-09 21:00:00,0.0,0
M017,214,2026-06-09 22:00:00,0.0,0
M017,215,2026-06-09 23:00:00,0.0,0
M017,216,2026-06-10 00:00:00,0.0,0
M017,217,2026-06-10 01:00:00,0.0,0
M017,218,2026-06-10 02:00:00,0.0,0
M017,219,2026-06-10 03:00:00,0.0,0
M017,220,2026-06-10 04:00:00,0.0,0
M017,221,2026-06-10 05:00:00,0.0,0
M017,222,2026-06-10 06:00:00,0.0,0
M017,223,2026-06-10 07:00:00,0.0,0
M017,224,2026-06-10 08:00:00,0.0,0
M017,225,2026-06-10 09:00:00,0.0,0
M017,226,2026-06-10 10:00:00,0.0,0
M017,227,2026-06-10 11:00:00,0.0,0
M017,228,2026-06-10 12:00:00,0.0,0
M017,229,2026-06-10 13:00:00,0.0,0
M017,230,2026-06-10 14:00:00,0.0,0
M017,231,2026-06-10 15:00:00,0.0,0
M017,232,2026-06-10 16:00:00,0.0,0
M017,233,2026-06-10 17:00:00,0.0,0
M017,234,2026-06-10 18:00:00,0.0,0
M017,235,2026-06-10 19:00:00,0.0,0
M017,236,2026-06-10 20:00:00,0.0,0
M017,237,2026-06-10 21:00:00,0.0,0
M017,238,2026-06-10 22:00:00,0.0,0
M017,239,2026-06-10 23:00:00,0.0,0
M017,240,2026-06-11 00:00:00,0.0,0
M017,241,2026-06-11 01:00:00,0.0,0
M017,242,2026-06-11 02:00:00,0.0,0
M017,243,2026-06-11 03:00:00,0.0,0
M017,244,2026-06-11 04:00:00,0.0,0
M017,245,2026-06-11 05:00:00,0.0,0
M017,246,2026-06-11 06:00:00,0.0,0
M017,247,2026-06-11 07:00:00,0.0,0
M017,248,2026-06-11 08:00:00,0.0,0
M017,249,2026-06-11 09:00:00,0.0,0
M017,250,2026-06-11 10:00:00,0.0,0
M017,251,2026-06-11 11:00:00,0.0,0
M017,252,2026-06-11 12:00:00,0.0,0
M017,253,2026-06-11 13:00:00,0.0,0
M017,254,2026-06-11 14:00:00,0.0,0
M017,255,2026-06-11 15:00:00,0.0,0
M017,256,2026-06-11 16:00:00,0.0,0
M017,257,2026-06-11 17:00:00,0.0,0
M017,258,2026-06-11 18:00:00,0.0,0
M017,259,2026-06-11 19:00:00,0.0,0
M017,260,2026-06-11 20:00:00,0.0,0
M017,261,2026-06-11 21:00:00,0.0,0
M017,262,2026-06-11 22:00:00,0.0,0
M017,263,2026-06-11 23:00:00,0.0,0
M017,264,2026-06-12 00:00:00,0.0,0
M017,265,2026-06-12 01:00:00,0.0,0
M017,266,2026-06-12 02:00:00,0.0,0
M017,267,2026-06-12 03:00:00,0.0,0
M017,268,2026-06-12 04:00:00,0.0,0
M017,269,2026-06-12 05:00:00,0.0,0
M017,270,2026-06-12 06:00:00,0.0,0
M017,271,2026-06-12 07:00:00,0.0,0
M017,272,2026-06-12 08:00:00,0.0,0
M017,273,2026-06-12 09:00:00,0.0,0
M017,274,2026-06-12 10:00:00,0.0,0
M017,275,2026-06-12 11:00:00,0.0,0
M017,276,2026-06-12 12:00:00,0.0,0
M017,277,2026-06-12 13:00:00,0.0,0
M017,278,2026-06-12 14:00:00,0.0,0
M017,279,2026-06-12 15:00:00,0.0,0
M017,280,2026-06-12 16:00:00,0.0,0
M017,281,2026-06-12 17:00:00,0.0,0
M017,282,2026-06-12 18:00:00,0.0,0
M017,283,2026-06-12 19:00:00,0.0,0
M017,284,2026-06-12 20:00:00,0.0,0
M017,285,2026-06-12 21:00:00,0.0,0
M017,286,2026-06-12 22:00:00,0.0,0
M017,287,2026-06-12 23:00:00,0.0,0
M017,288,2026-06-13 00:00:00,0.0,0
M017,289,2026-06-13 01:00:00,0.0,0
M017,290,2026-06-13 02:00:00,0.0,0
M017,291,2026-06-13 03:00:00,0.0,0
M017,292,2026-06-13 04:00:00,0.0,0
M017,293,2026-06-13 05:00:00,0.0,0
M017,294,2026-06-13 06:00:00,0.0,0
M017,295,2026-06-13 07:00:00,0.0,0
M017,296,2026-06-13 08:00:00,0.0,0
M017,297,2026-06-13 09:00:00,0.0,0
M017,298,2026-06-13 10:00:00,0.0,0
M017,299,2026-06-13 11:00:00,0.0,0
M017,300,2026-06-13 12:00:00,0.0,0
M017,301,2026-06-13 13:00:00,0.0,0
M017,302,2026-06-13 14:00:00,0.0,0
M017,303,2026-06-13 15:00:00,0.0,0
M017,304,2026-06-13 16:00:00,0.0,0
M017,305,2026-06-13 17:00:00,0.0,0
M017,306,2026-06-13 18:00:00,0.0,0
M017,307,2026-06-13 19:00:00,0.0,0
M017,308,2026-06-13 20:00:00,0.0,0
M017,309,2026-06-13 21:00:00,0.0,0
M017,310,2026-06-13 22:00:00,0.0,0
M017,311,2026-06-13 23:00:00,0.0,0
M017,312,2026-06-14 00:00:00,0.0,0
M017,313,2026-06-14 01:00:00,0.0,0
M017,314,2026-06-14 02:00:00,0.0,0
M017,315,2026-06-14 03:00:00,0.0,0
M017,316,2026-06-14 04:00:00,0.0,0
M017,317,2026-06-14 05:00:00,0.0,0
M017,318,2026-06-14 06:00:00,0.0,0
M017,319,2026-06-14 07:00:00,0.0,0
M017,320,2026-06-14 08:00:00,0.0,0
M017,321,2026-06-14 09:00:00,0.0,0
M017,322,2026-06-14 10:00:00,0.0,0
M017,323,2026-06-14 11:00:00,0.0,0
M017,324,2026-06-14 12:00:00,0.0,0
M017,325,2026-06-14 13:00:00,0.0,0
M017,326,2026-06-14 14:00:00,0.0,0
M017,327,2026-06-14 15:00:00,0.0,0
M017,328,2026-06-14 16:00:00,0.0,0
M017,329,2026-06-14 17:00:00,0.0,0
M017,330,2026-06-14 18:00:00,0.0,0
M017,331,2026-06-14 19:00:00,0.0,0
M017,332,2026-06-14 20:00:00,0.0,0
M017,333,2026-06-14 21:00:00,0.0,0
M017,334,2026-06-14 22:00:00,0.0,0
M017,335,2026-06-14 23:00:00,0.0,0
M017,336,2026-06-15 00:00:00,0.0,0
M017,337,2026-06-15 01:00:00,0.0,0
M017,338,2026-06-15 02:00:00,0.0,0
M017,339,2026-06-15 03:00:00,0.0,0
M017,340,2026-06-15 04:00:00,0.0,0
M017,341,2026-06-15 05:00:00,0.0,0
M017,342,2026-06-15 06:00:00,0.0,0
M017,343,2026-06-15 07:00:00,0.0,0
M017,344,2026-06-15 08:00:00,0.0,0
M017,345,2026-06-15 09:00:00,0.0,0
M017,346,2026-06-15 10:00:00,0.0,0
M017,347,2026-06-15 11:00:00,0.0,0
M017,348,2026-06-15 12:00:00,0.0,0
M017,349,2026-06-15 13:00:00,0.0,0
M017,350,2026-06-15 14:00:00,0.0,0
M017,351,2026-06-15 15:00:00,0.0,0
M017,352,2026-06-15 16:00:00,0.0,0
M017,353,2026-06-15 17:00:00,0.0,0
M017,354,2026-06-15 18:00:00,0.0,0
M017,355,2026-06-15 19:00:00,0.0,0
M017,356,2026-06-15 20:00:00,0.0,0
M017,357,2026-06-15 21:00:00,0.0,0
M017,358,2026-06-15 22:00:00,0.0,0
M017,359,2026-06-15 23:00:00,0.0,0
M017,360,2026-06-16 00:00:00,0.0,0
M017,361,2026-06-16 01:00:00,0.0,0
M017,362,2026-06-16 02:00:00,0.0,0
M017,363,2026-06-16 03:00:00,0.0,0
M017,364,2026-06-16 04:00:00,0.0,0
M017,365,2026-06-16 05:00:00,0.0,0
M017,366,2026-06-16 06:00:00,0.0,0
M017,367,2026-06-16 07:00:00,0.0,0
M017,368,2026-06-16 08:00:00,0.006593464659417143,0
M017,369,2026-06-16 09:00:00,0.006536087286779914,0
M017,370,2026-06-16 10:00:00,0.006536087286779914,0
M017,371,2026-06-16 11:00:00,0.0,0
M017,372,2026-06-16 12:00:00,0.0,0
M017,373,2026-06-16 13:00:00,0.0,0
M017,374,2026-06-16 14:00:00,0.0,0
M017,375,2026-06-16 15:00:00,0.0,0
M017,376,2026-06-16 16:00:00,0.0,0
M017,377,2026-06-16 17:00:00,0.0,0
M017,378,2026-06-16 18:00:00,0.0,0
M017,379,2026-06-16 19:00:00,0.0,0
M017,380,2026-06-16 20:00:00,0.0,0
M017,381,2026-06-16 21:00:00,0.0,0
M017,382,2026-06-16 22:00:00,0.0,0
M017,383,2026-06-16 23:00:00,0.0,0
M017,384,2026-06-17 00:00:00,0.0,0
M017,385,2026-06-17 01:00:00,0.0,0
M017,386,2026-06-17 02:00:00,0.0,0
M017,387,2026-06-17 03:00:00,0.0,0
M017,388,2026-06-17 04:00:00,0.0,0
M017,389,2026-06-17 05:00:00,0.0,0
M017,390,2026-06-17 06:00:00,0.0,0
M017,391,2026-06-17 07:00:00,0.0,0
M017,392,2026-06-17 08:00:00,0.0,0
M017,393,2026-06-17 09:00:00,0.0,0
M017,394,2026-06-17 10:00:00,0.0,0
M017,395,2026-06-17 11:00:00,0.0,0
M017,396,2026-06-17 12:00:00,0.0,0
M017,397,2026-06-17 13:00:00,0.0,0
M017,398,2026-06-17 14:00:00,0.0,0
M017,399,2026-06-17 15:00:00,0.0,0
M017,400,2026-06-17 16:00:00,0.0,0
M017,401,2026-06-17 17:00:00,0.0,0
M017,402,2026-06-17 18:00:00,0.0,0
M017,403,2026-06-17 19:00:00,0.0,0
M017,404,2026-06-17 20:00:00,0.0,0
M017,405,2026-06-17 21:00:00,0.0,0
M017,406,2026-06-17 22:00:00,0.0,0
M017,407,2026-06-17 23:00:00,0.0,0
M017,408,2026-06-18 00:00:00,0.0,0
M017,409,2026-06-18 01:00:00,0.0,0
M017,410,2026-06-18 02:00:00,0.0,0
M017,411,2026-06-18 03:00:00,0.0,0
M017,412,2026-06-18 04:00:00,0.0,0
M017,413,2026-06-18 05:00:00,0.0,0
M017,414,2026-06-18 06:00:00,0.0,0
M017,415,2026-06-18 07:00:00,0.0,0
M017,416,2026-06-18 08:00:00,0.0,0
M017,417,2026-06-18 09:00:00,0.0,0
M017,418,2026-06-18 10:00:00,0.0,0
M017,419,2026-06-18 11:00:00,0.0,0
M017,420,2026-06-18 12:00:00,0.0,0
M017,421,2026-06-18 13:00:00,0.0,0
M017,422,2026-06-18 14:00:00,0.0,0
M017,423,2026-06-18 15:00:00,0.0,0
M017,424,2026-06-18 16:00:00,0.0,0
M017,425,2026-06-18 17:00:00,0.0,0
M017,426,2026-06-18 18:00:00,0.0,0
M017,427,2026-06-18 19:00:00,0.0,0
M017,428,2026-06-18 20:00:00,0.0,0
M017,429,2026-06-18 21:00:00,0.0,0
M017,430,2026-06-18 22:00:00,0.0,0
M017,431,2026-06-18 23:00:00,0.0,0
M017,432,2026-06-19 00:00:00,0.0,0
M017,433,2026-06-19 01:00:00,0.0,0
M017,434,2026-06-19 02:00:00,0.0,0
M017,435,2026-06-19 03:00:00,0.0,0
M017,436,2026-06-19 04:00:00,0.0,0
M017,437,2026-06-19 05:00:00,0.0,0
M017,438,2026-06-19 06:00:00,0.0,0
M017,439,2026-06-19 07:00:00,0.0,0
M017,440,2026-06-19 08:00:00,0.0,0
M017,441,2026-06-19 09:00:00,0.0,0
M017,442,2026-06-19 10:00:00,0.0,0
M017,443,2026-06-19 11:00:00,0.0,0
M017,444,2026-06-19 12:00:00,0.0,0
M017,445,2026-06-19 13:00:00,0.0,0
M017,446,2026-06-19 14:00:00,0.0,0
M017,447,2026-06-19 15:00:00,0.0,0
M017,448,2026-06-19 16:00:00,0.0,0
M017,449,2026-06-19 17:00:00,0.0,0
M017,450,2026-06-19 18:00:00,0.0,0
M017,451,2026-06-19 19:00:00,0.0,0
M017,452,2026-06-19 20:00:00,0.0,0
M017,453,2026-06-19 21:00:00,0.0,0
M017,454,2026-06-19 22:00:00,0.0,0
M017,455,2026-06-19 23:00:00,0.0,0
M017,456,2026-06-20 00:00:00,0.0,0
M017,457,2026-06-20 01:00:00,0.0,0
M017,458,2026-06-20 02:00:00,0.0,0
M017,459,2026-06-20 03:00:00,0.0,0
M017,460,2026-06-20 04:00:00,0.0,0
M017,461,2026-06-20 05:00:00,0.0,0
M017,462,2026-06-20 06:00:00,0.0,0
M017,463,2026-06-20 07:00:00,0.0,0
M017,464,2026-06-20 08:00:00,0.0,0
M017,465,2026-06-20 09:00:00,0.0,0
M017,466,2026-06-20 10:00:00,0.0,0
M017,467,2026-06-20 11:00:00,0.0,0
M017,468,2026-06-20 12:00:00,0.0,0
M017,469,2026-06-20 13:00:00,0.0,0
M017,470,2026-06-20 14:00:00,0.0,0
M017,471,2026-06-20 15:00:00,0.0,0
M017,472,2026-06-20 16:00:00,0.0,0
M017,473,2026-06-20 17:00:00,0.0,0
M017,474,2026-06-20 18:00:00,0.0,0
M017,475,2026-06-20 19:00:00,0.0,0
M017,476,2026-06-20 20:00:00,0.0,0
M017,477,2026-06-20 21:00:00,0.0,0
M017,478,2026-06-20 22:00:00,0.0,0
M017,479,2026-06-20 23:00:00,0.0,0
M017,480,2026-06-21 00:00:00,0.0,0
M017,481,2026-06-21 01:00:00,0.0,0
M017,482,2026-06-21 02:00:00,0.0,0
M017,483,2026-06-21 03:00:00,0.0,0
M017,484,2026-06-21 04:00:00,0.0,0
M017,485,2026-06-21 05:00:00,0.0,0
M017,486,2026-06-21 06:00:00,0.0,0
M017,487,2026-06-21 07:00:00,0.0,0
M017,488,2026-06-21 08:00:00,0.0,0
M017,489,2026-06-21 09:00:00,0.0,0
M017,490,2026-06-21 10:00:00,0.0,0
M017,491,2026-06-21 11:00:00,0.0,0
M017,492,2026-06-21 12:00:00,0.0,0
M017,493,2026-06-21 13:00:00,0.0,0
M017,494,2026-06-21 14:00:00,0.0,0
M017,495,2026-06-21 15:00:00,0.0,0
M017,496,2026-06-21 16:00:00,0.0,0
M017,497,2026-06-21 17:00:00,0.0,0
M017,498,2026-06-21 18:00:00,0.0,0
M017,499,2026-06-21 19:00:00,0.0,0
M017,500,2026-06-21 20:00:00,0.0,0
M017,501,2026-06-21 21:00:00,0.0,0
M017,502,2026-06-21 22:00:00,0.0,0
M017,503,2026-06-21 23:00:00,0.0,0
M017,504,2026-06-22 00:00:00,0.0,0
M017,505,2026-06-22 01:00:00,0.0,0
M017,506,2026-06-22 02:00:00,0.0,0
M017,507,2026-06-22 03:00:00,0.0,0
M017,508,2026-06-22 04:00:00,0.0,0
M017,509,2026-06-22 05:00:00,0.0,0
M017,510,2026-06-22 06:00:00,0.0,0
M017,511,2026-06-22 07:00:00,0.0,0
M017,512,2026-06-22 08:00:00,0.0,0
M017,513,2026-06-22 09:00:00,0.0,0
M017,514,2026-06-22 10:00:00,0.0,0
M017,515,2026-06-22 11:00:00,0.0,0
M017,516,2026-06-22 12:00:00,0.0,0
M017,517,2026-06-22 13:00:00,0.0,0
M017,518,2026-06-22 14:00:00,0.0,0
M017,519,2026-06-22 15:00:00,0.0,0
M017,520,2026-06-22 16:00:00,0.0,0
M017,521,2026-06-22 17:00:00,0.0,0
M017,522,2026-06-22 18:00:00,0.0,0
M017,523,2026-06-22 19:00:00,0.0,0
M017,524,2026-06-22 20:00:00,0.0,0
M017,525,2026-06-22 21:00:00,0.0,0
M017,526,2026-06-22 22:00:00,0.0,0
M017,527,2026-06-22 23:00:00,0.0,0
M017,528,2026-06-23 00:00:00,0.0,0
M017,529,2026-06-23 01:00:00,0.0,0
M017,530,2026-06-23 02:00:00,0.0,0
M017,531,2026-06-23 03:00:00,0.0,0
M017,532,2026-06-23 04:00:00,0.0,0
M017,533,2026-06-23 05:00:00,0.0,0
M017,534,2026-06-23 06:00:00,0.0,0
M017,535,2026-06-23 07:00:00,0.0,0
M017,536,2026-06-23 08:00:00,0.0,0
M017,537,2026-06-23 09:00:00,0.0,0
M017,538,2026-06-23 10:00:00,0.0,0
M017,539,2026-06-23 11:00:00,0.0,0
M017,540,2026-06-23 12:00:00,0.0,0
M017,541,2026-06-23 13:00:00,0.0,0
M017,542,2026-06-23 14:00:00,0.0,0
M017,543,2026-06-23 15:00:00,0.0,0
M017,544,2026-06-23 16:00:00,0.0,0
M017,545,2026-06-23 17:00:00,0.0,0
M017,546,2026-06-23 18:00:00,0.0,0
M017,547,2026-06-23 19:00:00,0.0,0
M017,548,2026-06-23 20:00:00,0.0,0
M017,549,2026-06-23 21:00:00,0.0,0
M017,550,2026-06-23 22:00:00,0.0,0
M017,551,2026-06-23 23:00:00,0.0,0
M017,552,2026-06-24 00:00:00,0.0,0
M017,553,2026-06-24 01:00:00,0.0,0
M017,554,2026-06-24 02:00:00,0.0,0
M017,555,2026-06-24 03:00:00,0.0,0
M017,556,2026-06-24 04:00:00,0.0,0
M017,557,2026-06-24 05:00:00,0.0,0
M017,558,2026-06-24 06:00:00,0.0,0
M017,559,2026-06-24 07:00:00,0.0,0
M017,560,2026-06-24 08:00:00,0.0,0
M017,561,2026-06-24 09:00:00,0.0,0
M017,562,2026-06-24 10:00:00,0.0,0
M017,563,2026-06-24 11:00:00,0.0,0
M017,564,2026-06-24 12:00:00,0.0,0
M017,565,2026-06-24 13:00:00,0.0,0
M017,566,2026-06-24 14:00:00,0.0,0
M017,567,2026-06-24 15:00:00,0.0,0
M017,568,2026-06-24 16:00:00,0.0,0
M017,569,2026-06-24 17:00:00,0.0,0
M017,570,2026-06-24 18:00:00,0.0,0
M017,571,2026-06-24 19:00:00,0.0,0
M017,572,2026-06-24 20:00:00,0.0,0
M017,573,2026-06-24 21:00:00,0.0,0
M017,574,2026-06-24 22:00:00,0.0,0
M017,575,2026-06-24 23:00:00,0.0,0
M017,576,2026-06-25 00:00:00,0.0,0
M017,577,2026-06-25 01:00:00,0.0,0
M017,578,2026-06-25 02:00:00,0.0,0
M017,579,2026-06-25 03:00:00,0.0,0
M017,580,2026-06-25 04:00:00,0.0,0
M017,581,2026-06-25 05:00:00,0.0,0
M017,582,2026-06-25 06:00:00,0.0,0
M017,583,2026-06-25 07:00:00,0.0,0
M017,584,2026-06-25 08:00:00,0.0,0
M017,585,2026-06-25 09:00:00,0.0,0
M017,586,2026-06-25 10:00:00,0.0,0
M017,587,2026-06-25 11:00:00,0.0,0
M017,588,2026-06-25 12:00:00,0.0,0
M017,589,2026-06-25 13:00:00,0.0,0
M017,590,2026-06-25 14:00:00,0.0,0
M017,591,2026-06-25 15:00:00,0.0,0
M017,592,2026-06-25 16:00:00,0.0,0
M017,593,2026-06-25 17:00:00,0.0,0
M017,594,2026-06-25 18:00:00,0.0,0
M017,595,2026-06-25 19:00:00,0.0,0
M017,596,2026-06-25 20:00:00,0.0,0
M017,597,2026-06-25 21:00:00,0.0,0
M017,598,2026-06-25 22:00:00,0.0,0
M017,599,2026-06-25 23:00:00,0.0,0
M017,600,2026-06-26 00:00:00,0.0,0
M017,601,2026-06-26 01:00:00,0.0,0
M017,602,2026-06-26 02:00:00,0.0,0
M017,603,2026-06-26 03:00:00,0.0,0
M017,604,2026-06-26 04:00:00,0.0,0
M017,605,2026-06-26 05:00:00,0.0,0
M017,606,2026-06-26 06:00:00,0.0,0
M017,607,2026-06-26 07:00:00,0.0,0
M017,608,2026-06-26 08:00:00,0.0,0
M017,609,2026-06-26 09:00:00,0.0,0
M017,610,2026-06-26 10:00:00,0.0,0
M017,611,2026-06-26 11:00:00,0.0,0
M017,612,2026-06-26 12:00:00,0.0,0
M017,613,2026-06-26 13:00:00,0.0,0
M017,614,2026-06-26 14:00:00,0.0,0
M017,615,2026-06-26 15:00:00,0.0,0
M017,616,2026-06-26 16:00:00,0.0,0
M017,617,2026-06-26 17:00:00,0.0,0
M017,618,2026-06-26 18:00:00,0.0,0
M017,619,2026-06-26 19:00:00,0.0,0
M017,620,2026-06-26 20:00:00,0.0,0
M017,621,2026-06-26 21:00:00,0.0,0
M017,622,2026-06-26 22:00:00,0.0,0
M017,623,2026-06-26 23:00:00,0.0,0
M017,624,2026-06-27 00:00:00,0.0,0
M017,625,2026-06-27 01:00:00,0.0,0
M017,626,2026-06-27 02:00:00,0.0,0
M017,627,2026-06-27 03:00:00,0.0,0
M017,628,2026-06-27 04:00:00,0.0,0
M017,629,2026-06-27 05:00:00,0.0,0
M017,630,2026-06-27 06:00:00,0.0,0
M017,631,2026-06-27 07:00:00,0.0,0
M017,632,2026-06-27 08:00:00,0.0,0
M017,633,2026-06-27 09:00:00,0.0,0
M017,634,2026-06-27 10:00:00,0.0,0
M017,635,2026-06-27 11:00:00,0.0,0
M017,636,2026-06-27 12:00:00,0.0,0
M017,637,2026-06-27 13:00:00,0.0,0
M017,638,2026-06-27 14:00:00,0.0,0
M017,639,2026-06-27 15:00:00,0.0,0
M017,640,2026-06-27 16:00:00,0.0,0
M017,641,2026-06-27 17:00:00,0.0,0
M017,642,2026-06-27 18:00:00,0.0,0
M017,643,2026-06-27 19:00:00,0.0,0
M017,644,2026-06-27 20:00:00,0.0,0
M017,645,2026-06-27 21:00:00,0.0,0
M017,646,2026-06-27 22:00:00,0.0,0
M017,647,2026-06-27 23:00:00,0.0,0
M017,648,2026-06-28 00:00:00,0.0,0
M017,649,2026-06-28 01:00:00,0.0,0
M017,650,2026-06-28 02:00:00,0.0,0
M017,651,2026-06-28 03:00:00,0.0,0
M017,652,2026-06-28 04:00:00,0.0,0
M017,653,2026-06-28 05:00:00,0.0,0
M017,654,2026-06-28 06:00:00,0.0,0
M017,655,2026-06-28 07:00:00,0.0,0
M017,656,2026-06-28 08:00:00,0.0,0
M017,657,2026-06-28 09:00:00,0.0,0
M017,658,2026-06-28 10:00:00,0.0,0
M017,659,2026-06-28 11:00:00,0.0,0
M017,660,2026-06-28 12:00:00,0.0,0
M017,661,2026-06-28 13:00:00,0.0,0
M017,662,2026-06-28 14:00:00,0.0,0
M017,663,2026-06-28 15:00:00,0.0,0
M017,664,2026-06-28 16:00:00,0.0,0
M017,665,2026-06-28 17:00:00,0.0,0
M017,666,2026-06-28 18:00:00,0.0,0
M017,667,2026-06-28 19:00:00,0.0,0
M017,668,2026-06-28 20:00:00,0.0,0
M017,669,2026-06-28 21:00:00,0.0,0
M017,670,2026-06-28 22:00:00,0.0,0
M017,671,2026-06-28 23:00:00,0.0,0
M017,672,2026-06-29 00:00:00,0.0,0
M017,673,2026-06-29 01:00:00,0.0,0
M017,674,2026-06-29 02:00:00,0.0,0
M017,675,2026-06-29 03:00:00,0.0,0
M017,676,2026-06-29 04:00:00,0.0,0
M017,677,2026-06-29 05:00:00,0.0,0
M017,678,2026-06-29 06:00:00,0.0,0
M017,679,2026-06-29 07:00:00,0.0,0
M017,680,2026-06-29 08:00:00,0.0,0
M017,681,2026-06-29 09:00:00,0.0,0
M017,682,2026-06-29 10:00:00,0.0,0
M017,683,2026-06-29 11:00:00,0.0,0
M017,684,2026-06-29 12:00:00,0.0,0
M017,685,2026-06-29 13:00:00,0.0,0
M017,686,2026-06-29 14:00:00,0.0,0
M017,687,2026-06-29 15:00:00,0.0,0
M017,688,2026-06-29 16:00:00,0.0,0
M017,689,2026-06-29 17:00:00,0.0,0
M017,690,2026-06-29 18:00:00,0.0,0
M017,691,2026-06-29 19:00:00,0.0,0
M017,692,2026-06-29 20:00:00,0.0,0
M017,693,2026-06-29 21:00:00,0.0,0
M017,694,2026-06-29 22:00:00,0.0,0
M017,695,2026-06-29 23:00:00,0.0,0
M017,696,2026-06-30 00:00:00,0.0,0
M017,697,2026-06-30 01:00:00,0.0,0
M017,698,2026-06-30 02:00:00,0.0,0
M017,699,2026-06-30 03:00:00,0.0,0
M017,700,2026-06-30 04:00:00,0.0,0
M017,701,2026-06-30 05:00:00,0.0,0
M017,702,2026-06-30 06:00:00,0.0,0
M017,703,2026-06-30 07:00:00,0.0,0
M017,704,2026-06-30 08:00:00,0.0,0
M017,705,2026-06-30 09:00:00,0.0,0
M017,706,2026-06-30 10:00:00,0.0,0
M017,707,2026-06-30 11:00:00,0.0,0
M017,708,2026-06-30 12:00:00,0.0,0
M017,709,2026-06-30 13:00:00,0.0,0
M017,710,2026-06-30 14:00:00,0.0,0
M017,711,2026-06-30 15:00:00,0.0,0
M017,712,2026-06-30 16:00:00,0.0,0
M017,713,2026-06-30 17:00:00,0.0,0
M017,714,2026-06-30 18:00:00,0.0,0
M017,715,2026-06-30 19:00:00,0.0,0
M017,716,2026-06-30 20:00:00,0.0,0
M017,717,2026-06-30 21:00:00,0.0,0
M017,718,2026-06-30 22:00:00,0.0,0
M017,719,2026-06-30 23:00:00,0.0,0
M018,23,2026-06-01 23:00:00,0.0,0
M018,24,2026-06-02 00:00:00,0.0,0
M018,25,2026-06-02 01:00:00,0.0,0
M018,26,2026-06-02 02:00:00,0.0,0
M018,27,2026-06-02 03:00:00,0.0,0
M018,28,2026-06-02 04:00:00,0.0,0
M018,29,2026-06-02 05:00:00,0.0,0
M018,30,2026-06-02 06:00:00,0.0,0
M018,31,2026-06-02 07:00:00,0.0,0
M018,32,2026-06-02 08:00:00,0.0,0
M018,33,2026-06-02 09:00:00,0.0,0
M018,34,2026-06-02 10:00:00,0.0,0
M018,35,2026-06-02 11:00:00,0.0,0
M018,36,2026-06-02 12:00:00,0.0,0
M018,37,2026-06-02 13:00:00,0.0,0
M018,38,2026-06-02 14:00:00,0.0,0
M018,39,2026-06-02 15:00:00,0.0,0
M018,40,2026-06-02 16:00:00,0.0,0
M018,41,2026-06-02 17:00:00,0.0,0
M018,42,2026-06-02 18:00:00,0.0,0
M018,43,2026-06-02 19:00:00,0.0,0
M018,44,2026-06-02 20:00:00,0.0,0
M018,45,2026-06-02 21:00:00,0.0,0
M018,46,2026-06-02 22:00:00,0.0,0
M018,47,2026-06-02 23:00:00,0.0,0
M018,48,2026-06-03 00:00:00,0.0,0
M018,49,2026-06-03 01:00:00,0.0,0
M018,50,2026-06-03 02:00:00,0.0,0
M018,51,2026-06-03 03:00:00,0.0,0
M018,52,2026-06-03 04:00:00,0.0,0
M018,53,2026-06-03 05:00:00,0.0,0
M018,54,2026-06-03 06:00:00,0.0,0
M018,55,2026-06-03 07:00:00,0.0,0
M018,56,2026-06-03 08:00:00,0.0,0
M018,57,2026-06-03 09:00:00,0.0,0
M018,58,2026-06-03 10:00:00,0.0,0
M018,59,2026-06-03 11:00:00,0.0,0
M018,60,2026-06-03 12:00:00,0.0,0
M018,61,2026-06-03 13:00:00,0.0,0
M018,62,2026-06-03 14:00:00,0.0,0
M018,63,2026-06-03 15:00:00,0.0,0
M018,64,2026-06-03 16:00:00,0.0,0
M018,65,2026-06-03 17:00:00,0.0,0
M018,66,2026-06-03 18:00:00,0.0,0
M018,67,2026-06-03 19:00:00,0.0,0
M018,68,2026-06-03 20:00:00,0.0,0
M018,69,2026-06-03 21:00:00,0.0,0
M018,70,2026-06-03 22:00:00,0.0,0
M018,71,2026-06-03 23:00:00,0.0,0
M018,72,2026-06-04 00:00:00,0.0,0
M018,73,2026-06-04 01:00:00,0.0,0
M018,74,2026-06-04 02:00:00,0.0,0
M018,75,2026-06-04 03:00:00,0.0,0
M018,76,2026-06-04 04:00:00,0.0,0
M018,77,2026-06-04 05:00:00,0.0,0
M018,78,2026-06-04 06:00:00,0.0,0
M018,79,2026-06-04 07:00:00,0.0,0
M018,80,2026-06-04 08:00:00,0.0,0
M018,81,2026-06-04 09:00:00,0.0,0
M018,82,2026-06-04 10:00:00,0.0,0
M018,83,2026-06-04 11:00:00,0.0,0
M018,84,2026-06-04 12:00:00,0.0,0
M018,85,2026-06-04 13:00:00,0.0,0
M018,86,2026-06-04 14:00:00,0.0,0
M018,87,2026-06-04 15:00:00,0.0,0
M018,88,2026-06-04 16:00:00,0.0,0
M018,89,2026-06-04 17:00:00,0.0,0
M018,90,2026-06-04 18:00:00,0.0,0
M018,91,2026-06-04 19:00:00,0.0,0
M018,92,2026-06-04 20:00:00,0.0,0
M018,93,2026-06-04 21:00:00,0.0,0
M018,94,2026-06-04 22:00:00,0.0,0
M018,95,2026-06-04 23:00:00,0.0,0
M018,96,2026-06-05 00:00:00,0.0,0
M018,97,2026-06-05 01:00:00,0.0,0
M018,98,2026-06-05 02:00:00,0.0,0
M018,99,2026-06-05 03:00:00,0.0,0
M018,100,2026-06-05 04:00:00,0.0,0
M018,101,2026-06-05 05:00:00,0.0,0
M018,102,2026-06-05 06:00:00,0.0,0
M018,103,2026-06-05 07:00:00,0.0,0
M018,104,2026-06-05 08:00:00,0.0,0
M018,105,2026-06-05 09:00:00,0.0,0
M018,106,2026-06-05 10:00:00,0.0,0
M018,107,2026-06-05 11:00:00,0.0,0
M018,108,2026-06-05 12:00:00,0.0,0
M018,109,2026-06-05 13:00:00,0.0,0
M018,110,2026-06-05 14:00:00,0.0,0
M018,111,2026-06-05 15:00:00,0.0,0
M018,112,2026-06-05 16:00:00,0.0,0
M018,113,2026-06-05 17:00:00,0.0,0
M018,114,2026-06-05 18:00:00,0.0,0
M018,115,2026-06-05 19:00:00,0.0,0
M018,116,2026-06-05 20:00:00,0.0,0
M018,117,2026-06-05 21:00:00,0.0,0
M018,118,2026-06-05 22:00:00,0.0,0
M018,119,2026-06-05 23:00:00,0.0,0
M018,120,2026-06-06 00:00:00,0.0,0
M018,121,2026-06-06 01:00:00,0.0,0
M018,122,2026-06-06 02:00:00,0.0,0
M018,123,2026-06-06 03:00:00,0.0,0
M018,124,2026-06-06 04:00:00,0.0,0
M018,125,2026-06-06 05:00:00,0.0,0
M018,126,2026-06-06 06:00:00,0.0,0
M018,127,2026-06-06 07:00:00,0.0,0
M018,128,2026-06-06 08:00:00,0.0,0
M018,129,2026-06-06 09:00:00,0.0,0
M018,130,2026-06-06 10:00:00,0.0,0
M018,131,2026-06-06 11:00:00,0.0,0
M018,132,2026-06-06 12:00:00,0.0,0
M018,133,2026-06-06 13:00:00,0.0,0
M018,134,2026-06-06 14:00:00,0.0,0
M018,135,2026-06-06 15:00:00,0.0,0
M018,136,2026-06-06 16:00:00,0.0,0
M018,137,2026-06-06 17:00:00,0.0,0
M018,138,2026-06-06 18:00:00,0.0,0
M018,139,2026-06-06 19:00:00,0.0,0
M018,140,2026-06-06 20:00:00,0.0,0
M018,141,2026-06-06 21:00:00,0.0,0
M018,142,2026-06-06 22:00:00,0.0,0
M018,143,2026-06-06 23:00:00,0.0,0
M018,144,2026-06-07 00:00:00,0.0,0
M018,145,2026-06-07 01:00:00,0.0,0
M018,146,2026-06-07 02:00:00,0.0,0
M018,147,2026-06-07 03:00:00,0.0,0
M018,148,2026-06-07 04:00:00,0.0,0
M018,149,2026-06-07 05:00:00,0.0,0
M018,150,2026-06-07 06:00:00,0.0,0
M018,151,2026-06-07 07:00:00,0.0,0
M018,152,2026-06-07 08:00:00,0.0,0
M018,153,2026-06-07 09:00:00,0.0,0
M018,154,2026-06-07 10:00:00,0.0,0
M018,155,2026-06-07 11:00:00,0.0,0
M018,156,2026-06-07 12:00:00,0.0,0
M018,157,2026-06-07 13:00:00,0.0,0
M018,158,2026-06-07 14:00:00,0.0,0
M018,159,2026-06-07 15:00:00,0.0,0
M018,160,2026-06-07 16:00:00,0.0,0
M018,161,2026-06-07 17:00:00,0.0,0
M018,162,2026-06-07 18:00:00,0.0,0
M018,163,2026-06-07 19:00:00,0.0,0
M018,164,2026-06-07 20:00:00,0.0,0
M018,165,2026-06-07 21:00:00,0.0,0
M018,166,2026-06-07 22:00:00,0.0,0
M018,167,2026-06-07 23:00:00,0.0,0
M018,168,2026-06-08 00:00:00,0.0,0
M018,169,2026-06-08 01:00:00,0.0,0
M018,170,2026-06-08 02:00:00,0.0,0
M018,171,2026-06-08 03:00:00,0.0,0
M018,172,2026-06-08 04:00:00,0.0,0
M018,173,2026-06-08 05:00:00,0.0,0
M018,174,2026-06-08 06:00:00,0.0,0
M018,175,2026-06-08 07:00:00,0.0,0
M018,176,2026-06-08 08:00:00,0.0,0
M018,177,2026-06-08 09:00:00,0.0,0
M018,178,2026-06-08 10:00:00,0.0,0
M018,179,2026-06-08 11:00:00,0.0,0
M018,180,2026-06-08 12:00:00,0.0,0
M018,181,2026-06-08 13:00:00,0.0,0
M018,182,2026-06-08 14:00:00,0.0,0
M018,183,2026-06-08 15:00:00,0.0,0
M018,184,2026-06-08 16:00:00,0.0,0
M018,185,2026-06-08 17:00:00,0.0,0
M018,186,2026-06-08 18:00:00,0.0,0
M018,187,2026-06-08 19:00:00,0.0,0
M018,188,2026-06-08 20:00:00,0.0,0
M018,189,2026-06-08 21:00:00,0.0,0
M018,190,2026-06-08 22:00:00,0.0,0
M018,191,2026-06-08 23:00:00,0.0,0
M018,192,2026-06-09 00:00:00,0.0,0
M018,193,2026-06-09 01:00:00,0.0,0
M018,194,2026-06-09 02:00:00,0.0,0
M018,195,2026-06-09 03:00:00,0.0,0
M018,196,2026-06-09 04:00:00,0.0,0
M018,197,2026-06-09 05:00:00,0.0,0
M018,198,2026-06-09 06:00:00,0.0,0
M018,199,2026-06-09 07:00:00,0.0,0
M018,200,2026-06-09 08:00:00,0.0,0
M018,201,2026-06-09 09:00:00,0.0,0
M018,202,2026-06-09 10:00:00,0.0,0
M018,203,2026-06-09 11:00:00,0.0,0
M018,204,2026-06-09 12:00:00,0.0,0
M018,205,2026-06-09 13:00:00,0.0,0
M018,206,2026-06-09 14:00:00,0.0,0
M018,207,2026-06-09 15:00:00,0.0,0
M018,208,2026-06-09 16:00:00,0.0,0
M018,209,2026-06-09 17:00:00,0.0,0
M018,210,2026-06-09 18:00:00,0.0,0
M018,211,2026-06-09 19:00:00,0.0,0
M018,212,2026-06-09 20:00:00,0.0,0
M018,213,2026-06-09 21:00:00,0.0,0
M018,214,2026-06-09 22:00:00,0.0,0
M018,215,2026-06-09 23:00:00,0.0,0
M018,216,2026-06-10 00:00:00,0.0,0
M018,217,2026-06-10 01:00:00,0.0,0
M018,218,2026-06-10 02:00:00,0.0,0
M018,219,2026-06-10 03:00:00,0.0,0
M018,220,2026-06-10 04:00:00,0.0,0
M018,221,2026-06-10 05:00:00,0.0,0
M018,222,2026-06-10 06:00:00,0.0,0
M018,223,2026-06-10 07:00:00,0.0,0
M018,224,2026-06-10 08:00:00,0.00634670529390038,0
M018,225,2026-06-10 09:00:00,0.0,0
M018,226,2026-06-10 10:00:00,0.0030205061082024423,0
M018,227,2026-06-10 11:00:00,0.0,0
M018,228,2026-06-10 12:00:00,0.0,0
M018,229,2026-06-10 13:00:00,0.0,0
M018,230,2026-06-10 14:00:00,0.0,0
M018,231,2026-06-10 15:00:00,0.003023418232610926,0
M018,232,2026-06-10 16:00:00,0.0,0
M018,233,2026-06-10 17:00:00,0.0026493715204040633,0
M018,234,2026-06-10 18:00:00,0.0026493715204040633,0
M018,235,2026-06-10 19:00:00,0.0,0
M018,236,2026-06-10 20:00:00,0.0,0
M018,237,2026-06-10 21:00:00,0.0,0
M018,238,2026-06-10 22:00:00,0.0,0
M018,239,2026-06-10 23:00:00,0.0,0
M018,240,2026-06-11 00:00:00,0.0,0
M018,241,2026-06-11 01:00:00,0.0,0
M018,242,2026-06-11 02:00:00,0.0,0
M018,243,2026-06-11 03:00:00,0.0,0
M018,244,2026-06-11 04:00:00,0.0,0
M018,245,2026-06-11 05:00:00,0.0,0
M018,246,2026-06-11 06:00:00,0.0,0
M018,247,2026-06-11 07:00:00,0.0,0
M018,248,2026-06-11 08:00:00,0.0,0
M018,249,2026-06-11 09:00:00,0.0,0
M018,250,2026-06-11 10:00:00,0.0,0
M018,251,2026-06-11 11:00:00,0.002769716592716953,0
M018,252,2026-06-11 12:00:00,0.0052829491699822265,0
M018,253,2026-06-11 13:00:00,0.0052829491699822265,0
M018,254,2026-06-11 14:00:00,0.005311996105745103,0
M018,255,2026-06-11 15:00:00,0.0025422795130281496,0
M018,256,2026-06-11 16:00:00,0.003174928705782415,0
M018,257,2026-06-11 17:00:00,0.007781931263532427,0
M018,258,2026-06-11 18:00:00,0.002658189002052286,0
M018,259,2026-06-11 19:00:00,0.0054296532243625325,0
M018,260,2026-06-11 20:00:00,0.02893656907294967,0
M018,261,2026-06-11 21:00:00,0.008765740242776205,0
M018,262,2026-06-11 22:00:00,0.008765740242776205,0
M018,263,2026-06-11 23:00:00,0.008924144870327123,0
M018,264,2026-06-12 00:00:00,0.0,0
M018,265,2026-06-12 01:00:00,0.019164541778237818,0
M018,266,2026-06-12 02:00:00,0.013066124157200976,0
M018,267,2026-06-12 03:00:00,0.008531032698134888,0
M018,268,2026-06-12 04:00:00,0.005676863794236858,0
M018,269,2026-06-12 05:00:00,0.022287512873508955,0
M018,270,2026-06-12 06:00:00,0.029551306929590647,0
M018,271,2026-06-12 07:00:00,0.051827332881242694,0
M018,272,2026-06-12 08:00:00,0.031490335444374,0
M018,273,2026-06-12 09:00:00,0.031490335444374,0
M018,274,2026-06-12 10:00:00,0.10354342444760355,0
M018,275,2026-06-12 11:00:00,0.09335605035239501,0
M018,276,2026-06-12 12:00:00,0.17676376757726275,0
M018,277,2026-06-12 13:00:00,0.2070594792929466,0
M018,278,2026-06-12 14:00:00,0.23488424302369357,0
M018,279,2026-06-12 15:00:00,0.38870563385992674,0
M018,280,2026-06-12 16:00:00,0.321841822671489,0
M018,281,2026-06-12 17:00:00,0.35008455294334967,0
M018,282,2026-06-12 18:00:00,0.3438478956706375,0
M018,283,2026-06-12 19:00:00,0.5833662132804086,0
M018,284,2026-06-12 20:00:00,0.6488442127490898,0
M018,285,2026-06-12 21:00:00,0.6567366475760825,0
M018,286,2026-06-12 22:00:00,0.7855064102500371,1
M018,287,2026-06-12 23:00:00,0.8430776072754143,1
M018,288,2026-06-13 00:00:00,0.8989481187195463,1
M018,289,2026-06-13 01:00:00,0.9788725269357051,1
M018,290,2026-06-13 02:00:00,0.9764434760380293,1
M018,291,2026-06-13 03:00:00,0.9772469531139513,1
M018,292,2026-06-13 04:00:00,0.9862272485049196,1
M018,293,2026-06-13 05:00:00,0.9821043892199943,1
M018,294,2026-06-13 06:00:00,0.9862272485049196,1
M018,295,2026-06-13 07:00:00,0.9862272485049196,1
M018,296,2026-06-13 08:00:00,0.9806929408171906,1
M018,297,2026-06-13 09:00:00,0.9862272485049196,1
M018,298,2026-06-13 10:00:00,0.9862272485049196,1
M018,299,2026-06-13 11:00:00,0.9862272485049196,1
M018,300,2026-06-13 12:00:00,0.9862272485049196,1
M018,301,2026-06-13 13:00:00,0.9862272485049196,1
M018,302,2026-06-13 14:00:00,0.9862272485049196,1
M018,303,2026-06-13 15:00:00,0.9862272485049196,1
M018,304,2026-06-13 16:00:00,0.9862272485049196,1
M018,305,2026-06-13 17:00:00,0.9863187873683137,1
M018,306,2026-06-13 18:00:00,0.9863187873683137,1
M018,307,2026-06-13 19:00:00,0.9863187873683137,1
M018,308,2026-06-13 20:00:00,0.9863187873683137,1
M018,309,2026-06-13 21:00:00,0.9863187873683137,1
M018,310,2026-06-13 22:00:00,0.9863187873683137,1
M018,311,2026-06-13 23:00:00,0.9863187873683137,1
M018,312,2026-06-14 00:00:00,0.9863187873683137,1
M018,313,2026-06-14 01:00:00,0.9863187873683137,1
M018,314,2026-06-14 02:00:00,0.9863187873683137,1
M018,315,2026-06-14 03:00:00,0.9863187873683137,1
M018,316,2026-06-14 04:00:00,0.9863187873683137,1
M018,317,2026-06-14 05:00:00,0.9830234982284022,1
M018,318,2026-06-14 06:00:00,0.9863187873683137,1
M018,319,2026-06-14 07:00:00,0.9863187873683137,1
M018,320,2026-06-14 08:00:00,0.9863187873683137,1
M018,321,2026-06-14 09:00:00,0.9863187873683137,1
M018,322,2026-06-14 10:00:00,0.9863187873683137,1
M018,323,2026-06-14 11:00:00,0.9593547457262449,1
M018,324,2026-06-14 12:00:00,0.9863187873683137,1
M018,325,2026-06-14 13:00:00,0.9863187873683137,1
M018,326,2026-06-14 14:00:00,0.9863187873683137,1
M018,327,2026-06-14 15:00:00,0.9863187873683137,1
M018,328,2026-06-14 16:00:00,0.9731293841059543,1
M018,329,2026-06-14 17:00:00,0.971949379843897,1
M018,330,2026-06-14 18:00:00,0.9698884234593325,1
M018,331,2026-06-14 19:00:00,0.9584453086335213,1
M018,332,2026-06-14 20:00:00,0.8532330571478886,1
M018,333,2026-06-14 21:00:00,0.8224767616411126,1
M018,334,2026-06-14 22:00:00,0.3324022450602562,0
M018,335,2026-06-14 23:00:00,0.5043556372736481,0
M018,336,2026-06-15 00:00:00,0.20297341134095326,0
M018,337,2026-06-15 01:00:00,0.11131067996184507,0
M018,338,2026-06-15 02:00:00,0.1178662347223868,0
M018,339,2026-06-15 03:00:00,0.051712993678684205,0
M018,340,2026-06-15 04:00:00,0.08274351495661315,0
M018,341,2026-06-15 05:00:00,0.08311509155663026,0
M018,342,2026-06-15 06:00:00,0.08607741110188352,0
M018,343,2026-06-15 07:00:00,0.07539869792240254,0
M018,344,2026-06-15 08:00:00,0.0803931769299742,0
M018,345,2026-06-15 09:00:00,0.08336985389265544,0
M018,346,2026-06-15 10:00:00,0.12380122939808266,0
M018,347,2026-06-15 11:00:00,0.10316370661716784,0
M018,348,2026-06-15 12:00:00,0.1456182876789331,0
M018,349,2026-06-15 13:00:00,0.08459374983891413,0
M019,23,2026-06-01 23:00:00,0.0,0
M019,24,2026-06-02 00:00:00,0.0,0
M019,25,2026-06-02 01:00:00,0.0,0
M019,26,2026-06-02 02:00:00,0.0,0
M019,27,2026-06-02 03:00:00,0.0,0
M019,28,2026-06-02 04:00:00,0.0,0
M019,29,2026-06-02 05:00:00,0.0,0
M019,30,2026-06-02 06:00:00,0.0,0
M019,31,2026-06-02 07:00:00,0.0,0
M019,32,2026-06-02 08:00:00,0.0,0
M019,33,2026-06-02 09:00:00,0.0,0
M019,34,2026-06-02 10:00:00,0.0,0
M019,35,2026-06-02 11:00:00,0.0,0
M019,36,2026-06-02 12:00:00,0.0,0
M019,37,2026-06-02 13:00:00,0.0,0
M019,38,2026-06-02 14:00:00,0.0,0
M019,39,2026-06-02 15:00:00,0.0,0
M019,40,2026-06-02 16:00:00,0.0,0
M019,41,2026-06-02 17:00:00,0.0,0
M019,42,2026-06-02 18:00:00,0.0,0
M019,43,2026-06-02 19:00:00,0.0,0
M019,44,2026-06-02 20:00:00,0.0,0
M019,45,2026-06-02 21:00:00,0.0,0
M019,46,2026-06-02 22:00:00,0.0,0
M019,47,2026-06-02 23:00:00,0.0,0
M019,48,2026-06-03 00:00:00,0.0,0
M019,49,2026-06-03 01:00:00,0.0,0
M019,50,2026-06-03 02:00:00,0.0,0
M019,51,2026-06-03 03:00:00,0.0,0
M019,52,2026-06-03 04:00:00,0.0,0
M019,53,2026-06-03 05:00:00,0.0,0
M019,54,2026-06-03 06:00:00,0.0,0
M019,55,2026-06-03 07:00:00,0.0,0
M019,56,2026-06-03 08:00:00,0.0,0
M019,57,2026-06-03 09:00:00,0.0,0
M019,58,2026-06-03 10:00:00,0.0,0
M019,59,2026-06-03 11:00:00,0.0,0
M019,60,2026-06-03 12:00:00,0.0,0
M019,61,2026-06-03 13:00:00,0.0,0
M019,62,2026-06-03 14:00:00,0.0,0
M019,63,2026-06-03 15:00:00,0.0,0
M019,64,2026-06-03 16:00:00,0.0,0
M019,65,2026-06-03 17:00:00,0.0,0
M019,66,2026-06-03 18:00:00,0.0,0
M019,67,2026-06-03 19:00:00,0.0,0
M019,68,2026-06-03 20:00:00,0.0,0
M019,69,2026-06-03 21:00:00,0.0,0
M019,70,2026-06-03 22:00:00,0.0,0
M019,71,2026-06-03 23:00:00,0.0,0
M019,72,2026-06-04 00:00:00,0.0,0
M019,73,2026-06-04 01:00:00,0.0,0
M019,74,2026-06-04 02:00:00,0.0,0
M019,75,2026-06-04 03:00:00,0.0,0
M019,76,2026-06-04 04:00:00,0.0,0
M019,77,2026-06-04 05:00:00,0.0,0
M019,78,2026-06-04 06:00:00,0.0,0
M019,79,2026-06-04 07:00:00,0.0,0
M019,80,2026-06-04 08:00:00,0.0,0
M019,81,2026-06-04 09:00:00,0.0,0
M019,82,2026-06-04 10:00:00,0.0,0
M019,83,2026-06-04 11:00:00,0.0,0
M019,84,2026-06-04 12:00:00,0.0,0
M019,85,2026-06-04 13:00:00,0.0,0
M019,86,2026-06-04 14:00:00,0.0,0
M019,87,2026-06-04 15:00:00,0.0,0
M019,88,2026-06-04 16:00:00,0.0,0
M019,89,2026-06-04 17:00:00,0.0,0
M019,90,2026-06-04 18:00:00,0.0,0
M019,91,2026-06-04 19:00:00,0.0,0
M019,92,2026-06-04 20:00:00,0.0,0
M019,93,2026-06-04 21:00:00,0.0,0
M019,94,2026-06-04 22:00:00,0.0,0
M019,95,2026-06-04 23:00:00,0.0,0
M019,96,2026-06-05 00:00:00,0.0,0
M019,97,2026-06-05 01:00:00,0.0,0
M019,98,2026-06-05 02:00:00,0.0,0
M019,99,2026-06-05 03:00:00,0.0,0
M019,100,2026-06-05 04:00:00,0.0,0
M019,101,2026-06-05 05:00:00,0.0,0
M019,102,2026-06-05 06:00:00,0.0,0
M019,103,2026-06-05 07:00:00,0.0,0
M019,104,2026-06-05 08:00:00,0.0,0
M019,105,2026-06-05 09:00:00,0.0,0
M019,106,2026-06-05 10:00:00,0.0,0
M019,107,2026-06-05 11:00:00,0.0,0
M019,108,2026-06-05 12:00:00,0.0,0
M019,109,2026-06-05 13:00:00,0.0,0
M019,110,2026-06-05 14:00:00,0.0,0
M019,111,2026-06-05 15:00:00,0.0,0
M019,112,2026-06-05 16:00:00,0.0,0
M019,113,2026-06-05 17:00:00,0.0,0
M019,114,2026-06-05 18:00:00,0.0,0
M019,115,2026-06-05 19:00:00,0.0,0
M019,116,2026-06-05 20:00:00,0.0,0
M019,117,2026-06-05 21:00:00,0.0,0
M019,118,2026-06-05 22:00:00,0.0,0
M019,119,2026-06-05 23:00:00,0.0,0
M019,120,2026-06-06 00:00:00,0.0,0
M019,121,2026-06-06 01:00:00,0.0,0
M019,122,2026-06-06 02:00:00,0.0,0
M019,123,2026-06-06 03:00:00,0.0,0
M019,124,2026-06-06 04:00:00,0.0,0
M019,125,2026-06-06 05:00:00,0.0,0
M019,126,2026-06-06 06:00:00,0.0,0
M019,127,2026-06-06 07:00:00,0.0,0
M019,128,2026-06-06 08:00:00,0.0,0
M019,129,2026-06-06 09:00:00,0.0,0
M019,130,2026-06-06 10:00:00,0.0,0
M019,131,2026-06-06 11:00:00,0.0,0
M019,132,2026-06-06 12:00:00,0.0,0
M019,133,2026-06-06 13:00:00,0.0,0
M019,134,2026-06-06 14:00:00,0.0,0
M019,135,2026-06-06 15:00:00,0.0,0
M019,136,2026-06-06 16:00:00,0.0,0
M019,137,2026-06-06 17:00:00,0.0,0
M019,138,2026-06-06 18:00:00,0.0,0
M019,139,2026-06-06 19:00:00,0.0,0
M019,140,2026-06-06 20:00:00,0.0,0
M019,141,2026-06-06 21:00:00,0.0,0
M019,142,2026-06-06 22:00:00,0.0,0
M019,143,2026-06-06 23:00:00,0.0,0
M019,144,2026-06-07 00:00:00,0.0,0
M019,145,2026-06-07 01:00:00,0.0,0
M019,146,2026-06-07 02:00:00,0.0,0
M019,147,2026-06-07 03:00:00,0.0,0
M019,148,2026-06-07 04:00:00,0.0,0
M019,149,2026-06-07 05:00:00,0.0,0
M019,150,2026-06-07 06:00:00,0.0,0
M019,151,2026-06-07 07:00:00,0.0,0
M019,152,2026-06-07 08:00:00,0.0,0
M019,153,2026-06-07 09:00:00,0.0,0
M019,154,2026-06-07 10:00:00,0.0,0
M019,155,2026-06-07 11:00:00,0.0,0
M019,156,2026-06-07 12:00:00,0.0,0
M019,157,2026-06-07 13:00:00,0.0,0
M019,158,2026-06-07 14:00:00,0.0,0
M019,159,2026-06-07 15:00:00,0.0,0
M019,160,2026-06-07 16:00:00,0.0,0
M019,161,2026-06-07 17:00:00,0.0,0
M019,162,2026-06-07 18:00:00,0.0,0
M019,163,2026-06-07 19:00:00,0.0,0
M019,164,2026-06-07 20:00:00,0.0,0
M019,165,2026-06-07 21:00:00,0.0,0
M019,166,2026-06-07 22:00:00,0.0,0
M019,167,2026-06-07 23:00:00,0.0,0
M019,168,2026-06-08 00:00:00,0.0,0
M019,169,2026-06-08 01:00:00,0.0,0
M019,170,2026-06-08 02:00:00,0.0,0
M019,171,2026-06-08 03:00:00,0.0,0
M019,172,2026-06-08 04:00:00,0.0,0
M019,173,2026-06-08 05:00:00,0.0,0
M019,174,2026-06-08 06:00:00,0.0,0
M019,175,2026-06-08 07:00:00,0.0,0
M019,176,2026-06-08 08:00:00,0.0,0
M019,177,2026-06-08 09:00:00,0.0,0
M019,178,2026-06-08 10:00:00,0.0,0
M019,179,2026-06-08 11:00:00,0.0,0
M019,180,2026-06-08 12:00:00,0.0,0
M019,181,2026-06-08 13:00:00,0.0,0
M019,182,2026-06-08 14:00:00,0.0,0
M019,183,2026-06-08 15:00:00,0.0,0
M019,184,2026-06-08 16:00:00,0.0,0
M019,185,2026-06-08 17:00:00,0.0,0
M019,186,2026-06-08 18:00:00,0.0,0
M019,187,2026-06-08 19:00:00,0.0,0
M019,188,2026-06-08 20:00:00,0.0,0
M019,189,2026-06-08 21:00:00,0.0,0
M019,190,2026-06-08 22:00:00,0.0,0
M019,191,2026-06-08 23:00:00,0.0,0
M019,192,2026-06-09 00:00:00,0.0,0
M019,193,2026-06-09 01:00:00,0.0,0
M019,194,2026-06-09 02:00:00,0.0,0
M019,195,2026-06-09 03:00:00,0.0,0
M019,196,2026-06-09 04:00:00,0.0,0
M019,197,2026-06-09 05:00:00,0.0,0
M019,198,2026-06-09 06:00:00,0.0,0
M019,199,2026-06-09 07:00:00,0.0,0
M019,200,2026-06-09 08:00:00,0.0,0
M019,201,2026-06-09 09:00:00,0.0,0
M019,202,2026-06-09 10:00:00,0.0,0
M019,203,2026-06-09 11:00:00,0.0,0
M019,204,2026-06-09 12:00:00,0.0,0
M019,205,2026-06-09 13:00:00,0.0,0
M019,206,2026-06-09 14:00:00,0.0,0
M019,207,2026-06-09 15:00:00,0.0,0
M019,208,2026-06-09 16:00:00,0.0,0
M019,209,2026-06-09 17:00:00,0.0,0
M019,210,2026-06-09 18:00:00,0.0,0
M019,211,2026-06-09 19:00:00,0.0,0
M019,212,2026-06-09 20:00:00,0.0,0
M019,213,2026-06-09 21:00:00,0.0,0
M019,214,2026-06-09 22:00:00,0.0,0
M019,215,2026-06-09 23:00:00,0.0,0
M019,216,2026-06-10 00:00:00,0.0,0
M019,217,2026-06-10 01:00:00,0.0,0
M019,218,2026-06-10 02:00:00,0.0,0
M019,219,2026-06-10 03:00:00,0.0,0
M019,220,2026-06-10 04:00:00,0.0,0
M019,221,2026-06-10 05:00:00,0.0,0
M019,222,2026-06-10 06:00:00,0.0,0
M019,223,2026-06-10 07:00:00,0.0,0
M019,224,2026-06-10 08:00:00,0.0,0
M019,225,2026-06-10 09:00:00,0.0,0
M019,226,2026-06-10 10:00:00,0.0,0
M019,227,2026-06-10 11:00:00,0.0,0
M019,228,2026-06-10 12:00:00,0.0,0
M019,229,2026-06-10 13:00:00,0.0,0
M019,230,2026-06-10 14:00:00,0.0,0
M019,231,2026-06-10 15:00:00,0.0,0
M019,232,2026-06-10 16:00:00,0.0,0
M019,233,2026-06-10 17:00:00,0.0,0
M019,234,2026-06-10 18:00:00,0.0,0
M019,235,2026-06-10 19:00:00,0.0,0
M019,236,2026-06-10 20:00:00,0.0,0
M019,237,2026-06-10 21:00:00,0.0,0
M019,238,2026-06-10 22:00:00,0.0,0
M019,239,2026-06-10 23:00:00,0.0,0
M019,240,2026-06-11 00:00:00,0.0,0
M019,241,2026-06-11 01:00:00,0.0,0
M019,242,2026-06-11 02:00:00,0.0,0
M019,243,2026-06-11 03:00:00,0.0,0
M019,244,2026-06-11 04:00:00,0.0,0
M019,245,2026-06-11 05:00:00,0.0,0
M019,246,2026-06-11 06:00:00,0.0,0
M019,247,2026-06-11 07:00:00,0.0,0
M019,248,2026-06-11 08:00:00,0.0,0
M019,249,2026-06-11 09:00:00,0.0,0
M019,250,2026-06-11 10:00:00,0.0,0
M019,251,2026-06-11 11:00:00,0.0,0
M019,252,2026-06-11 12:00:00,0.0,0
M019,253,2026-06-11 13:00:00,0.0,0
M019,254,2026-06-11 14:00:00,0.0,0
M019,255,2026-06-11 15:00:00,0.0,0
M019,256,2026-06-11 16:00:00,0.0,0
M019,257,2026-06-11 17:00:00,0.0,0
M019,258,2026-06-11 18:00:00,0.0,0
M019,259,2026-06-11 19:00:00,0.0,0
M019,260,2026-06-11 20:00:00,0.0,0
M019,261,2026-06-11 21:00:00,0.0,0
M019,262,2026-06-11 22:00:00,0.0,0
M019,263,2026-06-11 23:00:00,0.0,0
M019,264,2026-06-12 00:00:00,0.0,0
M019,265,2026-06-12 01:00:00,0.0,0
M019,266,2026-06-12 02:00:00,0.0,0
M019,267,2026-06-12 03:00:00,0.0027551121995898287,0
M019,268,2026-06-12 04:00:00,0.0027551121995898287,0
M019,269,2026-06-12 05:00:00,0.0027551121995898287,0
M019,270,2026-06-12 06:00:00,0.0027551121995898287,0
M019,271,2026-06-12 07:00:00,0.0,0
M019,272,2026-06-12 08:00:00,0.0,0
M019,273,2026-06-12 09:00:00,0.0,0
M019,274,2026-06-12 10:00:00,0.0,0
M019,275,2026-06-12 11:00:00,0.0,0
M019,276,2026-06-12 12:00:00,0.0,0
M019,277,2026-06-12 13:00:00,0.0,0
M019,278,2026-06-12 14:00:00,0.0,0
M019,279,2026-06-12 15:00:00,0.0,0
M019,280,2026-06-12 16:00:00,0.0,0
M019,281,2026-06-12 17:00:00,0.0,0
M019,282,2026-06-12 18:00:00,0.0,0
M019,283,2026-06-12 19:00:00,0.0,0
M019,284,2026-06-12 20:00:00,0.0,0
M019,285,2026-06-12 21:00:00,0.0,0
M019,286,2026-06-12 22:00:00,0.0,0
M019,287,2026-06-12 23:00:00,0.0,0
M019,288,2026-06-13 00:00:00,0.0,0
M019,289,2026-06-13 01:00:00,0.0,0
M019,290,2026-06-13 02:00:00,0.0,0
M019,291,2026-06-13 03:00:00,0.0,0
M019,292,2026-06-13 04:00:00,0.0,0
M019,293,2026-06-13 05:00:00,0.0,0
M019,294,2026-06-13 06:00:00,0.0,0
M019,295,2026-06-13 07:00:00,0.0,0
M019,296,2026-06-13 08:00:00,0.0,0
M019,297,2026-06-13 09:00:00,0.0,0
M019,298,2026-06-13 10:00:00,0.0,0
M019,299,2026-06-13 11:00:00,0.0,0
M019,300,2026-06-13 12:00:00,0.0,0
M019,301,2026-06-13 13:00:00,0.0,0
M019,302,2026-06-13 14:00:00,0.0,0
M019,303,2026-06-13 15:00:00,0.0,0
M019,304,2026-06-13 16:00:00,0.0,0
M019,305,2026-06-13 17:00:00,0.0,0
M019,306,2026-06-13 18:00:00,0.0,0
M019,307,2026-06-13 19:00:00,0.0,0
M019,308,2026-06-13 20:00:00,0.0,0
M019,309,2026-06-13 21:00:00,0.0,0
M019,310,2026-06-13 22:00:00,0.0,0
M019,311,2026-06-13 23:00:00,0.0,0
M019,312,2026-06-14 00:00:00,0.0,0
M019,313,2026-06-14 01:00:00,0.0,0
M019,314,2026-06-14 02:00:00,0.0,0
M019,315,2026-06-14 03:00:00,0.0,0
M019,316,2026-06-14 04:00:00,0.0,0
M019,317,2026-06-14 05:00:00,0.0,0
M019,318,2026-06-14 06:00:00,0.0,0
M019,319,2026-06-14 07:00:00,0.0,0
M019,320,2026-06-14 08:00:00,0.0,0
M019,321,2026-06-14 09:00:00,0.0,0
M019,322,2026-06-14 10:00:00,0.0,0
M019,323,2026-06-14 11:00:00,0.0,0
M019,324,2026-06-14 12:00:00,0.0,0
M019,325,2026-06-14 13:00:00,0.0,0
M019,326,2026-06-14 14:00:00,0.0,0
M019,327,2026-06-14 15:00:00,0.0,0
M019,328,2026-06-14 16:00:00,0.0,0
M019,329,2026-06-14 17:00:00,0.0,0
M019,330,2026-06-14 18:00:00,0.0,0
M019,331,2026-06-14 19:00:00,0.0,0
M019,332,2026-06-14 20:00:00,0.0,0
M019,333,2026-06-14 21:00:00,0.0,0
M019,334,2026-06-14 22:00:00,0.0,0
M019,335,2026-06-14 23:00:00,0.0,0
M019,336,2026-06-15 00:00:00,0.0,0
M019,337,2026-06-15 01:00:00,0.0,0
M019,338,2026-06-15 02:00:00,0.0,0
M019,339,2026-06-15 03:00:00,0.0,0
M019,340,2026-06-15 04:00:00,0.0,0
M019,341,2026-06-15 05:00:00,0.0,0
M019,342,2026-06-15 06:00:00,0.0,0
M019,343,2026-06-15 07:00:00,0.0,0
M019,344,2026-06-15 08:00:00,0.0,0
M019,345,2026-06-15 09:00:00,0.0,0
M019,346,2026-06-15 10:00:00,0.0,0
M019,347,2026-06-15 11:00:00,0.0,0
M019,348,2026-06-15 12:00:00,0.0,0
M019,349,2026-06-15 13:00:00,0.0,0
M019,350,2026-06-15 14:00:00,0.0,0
M019,351,2026-06-15 15:00:00,0.0,0
M019,352,2026-06-15 16:00:00,0.0,0
M019,353,2026-06-15 17:00:00,0.0,0
M019,354,2026-06-15 18:00:00,0.0,0
M019,355,2026-06-15 19:00:00,0.0,0
M019,356,2026-06-15 20:00:00,0.0,0
M019,357,2026-06-15 21:00:00,0.0,0
M019,358,2026-06-15 22:00:00,0.0,0
M019,359,2026-06-15 23:00:00,0.0,0
M019,360,2026-06-16 00:00:00,0.0,0
M019,361,2026-06-16 01:00:00,0.0,0
M019,362,2026-06-16 02:00:00,0.0,0
M019,363,2026-06-16 03:00:00,0.0,0
M019,364,2026-06-16 04:00:00,0.0,0
M019,365,2026-06-16 05:00:00,0.0,0
M019,366,2026-06-16 06:00:00,0.0,0
M019,367,2026-06-16 07:00:00,0.0,0
M019,368,2026-06-16 08:00:00,0.0,0
M019,369,2026-06-16 09:00:00,0.0,0
M019,370,2026-06-16 10:00:00,0.0,0
M019,371,2026-06-16 11:00:00,0.0,0
M019,372,2026-06-16 12:00:00,0.0,0
M019,373,2026-06-16 13:00:00,0.0,0
M019,374,2026-06-16 14:00:00,0.0,0
M019,375,2026-06-16 15:00:00,0.0,0
M019,376,2026-06-16 16:00:00,0.0,0
M019,377,2026-06-16 17:00:00,0.0,0
M019,378,2026-06-16 18:00:00,0.0,0
M019,379,2026-06-16 19:00:00,0.0,0
M019,380,2026-06-16 20:00:00,0.0,0
M019,381,2026-06-16 21:00:00,0.0,0
M019,382,2026-06-16 22:00:00,0.0,0
M019,383,2026-06-16 23:00:00,0.0,0
M019,384,2026-06-17 00:00:00,0.0,0
M019,385,2026-06-17 01:00:00,0.0,0
M019,386,2026-06-17 02:00:00,0.0,0
M019,387,2026-06-17 03:00:00,0.0,0
M019,388,2026-06-17 04:00:00,0.0,0
M019,389,2026-06-17 05:00:00,0.0,0
M019,390,2026-06-17 06:00:00,0.0,0
M019,391,2026-06-17 07:00:00,0.0,0
M019,392,2026-06-17 08:00:00,0.0,0
M019,393,2026-06-17 09:00:00,0.0030621114449724453,0
M019,394,2026-06-17 10:00:00,0.0,0
M019,395,2026-06-17 11:00:00,0.0,0
M019,396,2026-06-17 12:00:00,0.0,0
M019,397,2026-06-17 13:00:00,0.0,0
M019,398,2026-06-17 14:00:00,0.0032907932886544035,0
M019,399,2026-06-17 15:00:00,0.0,0
M019,400,2026-06-17 16:00:00,0.0,0
M019,401,2026-06-17 17:00:00,0.0,0
M019,402,2026-06-17 18:00:00,0.0,0
M019,403,2026-06-17 19:00:00,0.0,0
M019,404,2026-06-17 20:00:00,0.0,0
M019,405,2026-06-17 21:00:00,0.0,0
M019,406,2026-06-17 22:00:00,0.0032907932886544035,0
M019,407,2026-06-17 23:00:00,0.006045905488244232,0
M019,408,2026-06-18 00:00:00,0.0032907932886544035,0
M019,409,2026-06-18 01:00:00,0.0,0
M019,410,2026-06-18 02:00:00,0.0,0
M019,411,2026-06-18 03:00:00,0.0,0
M019,412,2026-06-18 04:00:00,0.0,0
M019,413,2026-06-18 05:00:00,0.0,0
M019,414,2026-06-18 06:00:00,0.0,0
M019,415,2026-06-18 07:00:00,0.0,0
M019,416,2026-06-18 08:00:00,0.0,0
M019,417,2026-06-18 09:00:00,0.0,0
M019,418,2026-06-18 10:00:00,0.0,0
M019,419,2026-06-18 11:00:00,0.0,0
M019,420,2026-06-18 12:00:00,0.0,0
M019,421,2026-06-18 13:00:00,0.0,0
M019,422,2026-06-18 14:00:00,0.0,0
M019,423,2026-06-18 15:00:00,0.0,0
M019,424,2026-06-18 16:00:00,0.0,0
M019,425,2026-06-18 17:00:00,0.0,0
M019,426,2026-06-18 18:00:00,0.0,0
M019,427,2026-06-18 19:00:00,0.0,0
M019,428,2026-06-18 20:00:00,0.0,0
M019,429,2026-06-18 21:00:00,0.0,0
M019,430,2026-06-18 22:00:00,0.0,0
M019,431,2026-06-18 23:00:00,0.0,0
M019,432,2026-06-19 00:00:00,0.0,0
M019,433,2026-06-19 01:00:00,0.0,0
M019,434,2026-06-19 02:00:00,0.0,0
M019,435,2026-06-19 03:00:00,0.0,0
M019,436,2026-06-19 04:00:00,0.0,0
M019,437,2026-06-19 05:00:00,0.0,0
M019,438,2026-06-19 06:00:00,0.0,0
M019,439,2026-06-19 07:00:00,0.0,0
M019,440,2026-06-19 08:00:00,0.0,0
M019,441,2026-06-19 09:00:00,0.0,0
M019,442,2026-06-19 10:00:00,0.0,0
M019,443,2026-06-19 11:00:00,0.0,0
M019,444,2026-06-19 12:00:00,0.0,0
M019,445,2026-06-19 13:00:00,0.0,0
M019,446,2026-06-19 14:00:00,0.0,0
M019,447,2026-06-19 15:00:00,0.0,0
M019,448,2026-06-19 16:00:00,0.0,0
M019,449,2026-06-19 17:00:00,0.0,0
M019,450,2026-06-19 18:00:00,0.0,0
M019,451,2026-06-19 19:00:00,0.0,0
M019,452,2026-06-19 20:00:00,0.0,0
M019,453,2026-06-19 21:00:00,0.0,0
M019,454,2026-06-19 22:00:00,0.0,0
M019,455,2026-06-19 23:00:00,0.0,0
M019,456,2026-06-20 00:00:00,0.0,0
M019,457,2026-06-20 01:00:00,0.0,0
M019,458,2026-06-20 02:00:00,0.0,0
M019,459,2026-06-20 03:00:00,0.0,0
M019,460,2026-06-20 04:00:00,0.0,0
M019,461,2026-06-20 05:00:00,0.0,0
M019,462,2026-06-20 06:00:00,0.0,0
M019,463,2026-06-20 07:00:00,0.0,0
M019,464,2026-06-20 08:00:00,0.0,0
M019,465,2026-06-20 09:00:00,0.0,0
M019,466,2026-06-20 10:00:00,0.0,0
M019,467,2026-06-20 11:00:00,0.0,0
M019,468,2026-06-20 12:00:00,0.0,0
M019,469,2026-06-20 13:00:00,0.0,0
M019,470,2026-06-20 14:00:00,0.0,0
M019,471,2026-06-20 15:00:00,0.0,0
M019,472,2026-06-20 16:00:00,0.0,0
M019,473,2026-06-20 17:00:00,0.0,0
M019,474,2026-06-20 18:00:00,0.0,0
M019,475,2026-06-20 19:00:00,0.0,0
M019,476,2026-06-20 20:00:00,0.0,0
M019,477,2026-06-20 21:00:00,0.0,0
M019,478,2026-06-20 22:00:00,0.0,0
M019,479,2026-06-20 23:00:00,0.0,0
M019,480,2026-06-21 00:00:00,0.0,0
M019,481,2026-06-21 01:00:00,0.0,0
M019,482,2026-06-21 02:00:00,0.0,0
M019,483,2026-06-21 03:00:00,0.0,0
M019,484,2026-06-21 04:00:00,0.0,0
M019,485,2026-06-21 05:00:00,0.0,0
M019,486,2026-06-21 06:00:00,0.0,0
M019,487,2026-06-21 07:00:00,0.0,0
M019,488,2026-06-21 08:00:00,0.0,0
M019,489,2026-06-21 09:00:00,0.0,0
M019,490,2026-06-21 10:00:00,0.0,0
M019,491,2026-06-21 11:00:00,0.0,0
M019,492,2026-06-21 12:00:00,0.0,0
M019,493,2026-06-21 13:00:00,0.0030621114449724453,0
M019,494,2026-06-21 14:00:00,0.0,0
M019,495,2026-06-21 15:00:00,0.0,0
M019,496,2026-06-21 16:00:00,0.0,0
M019,497,2026-06-21 17:00:00,0.0,0
M019,498,2026-06-21 18:00:00,0.0,0
M019,499,2026-06-21 19:00:00,0.0,0
M019,500,2026-06-21 20:00:00,0.0,0
M019,501,2026-06-21 21:00:00,0.0,0
M019,502,2026-06-21 22:00:00,0.0,0
M019,503,2026-06-21 23:00:00,0.0,0
M019,504,2026-06-22 00:00:00,0.0,0
M019,505,2026-06-22 01:00:00,0.012261445937552769,0
M019,506,2026-06-22 02:00:00,0.005921584309274189,0
M019,507,2026-06-22 03:00:00,0.005921584309274189,0
M019,508,2026-06-22 04:00:00,0.0027551121995898287,0
M019,509,2026-06-22 05:00:00,0.0027551121995898287,0
M019,510,2026-06-22 06:00:00,0.0027551121995898287,0
M019,511,2026-06-22 07:00:00,0.006032862382895962,0
M019,512,2026-06-22 08:00:00,0.0,0
M019,513,2026-06-22 09:00:00,0.0,0
M019,514,2026-06-22 10:00:00,0.0,0
M019,515,2026-06-22 11:00:00,0.0,0
M019,516,2026-06-22 12:00:00,0.003277750183306133,0
M019,517,2026-06-22 13:00:00,0.0,0
M019,518,2026-06-22 14:00:00,0.006032862382895962,0
M019,519,2026-06-22 15:00:00,0.0027551121995898287,0
M019,520,2026-06-22 16:00:00,0.0027551121995898287,0
M019,521,2026-06-22 17:00:00,0.006088445532923162,0
M019,522,2026-06-22 18:00:00,0.006088445532923162,0
M019,523,2026-06-22 19:00:00,0.006088445532923162,0
M019,524,2026-06-22 20:00:00,0.0,0
M019,525,2026-06-22 21:00:00,0.0,0
M019,526,2026-06-22 22:00:00,0.0,0
M019,527,2026-06-22 23:00:00,0.002536104391173668,0
M019,528,2026-06-23 00:00:00,0.0,0
M019,529,2026-06-23 01:00:00,0.0,0
M019,530,2026-06-23 02:00:00,0.0,0
M019,531,2026-06-23 03:00:00,0.0,0
M019,532,2026-06-23 04:00:00,0.0,0
M019,533,2026-06-23 05:00:00,0.0,0
M019,534,2026-06-23 06:00:00,0.0,0
M019,535,2026-06-23 07:00:00,0.0,0
M019,536,2026-06-23 08:00:00,0.009504223030968893,0
M019,537,2026-06-23 09:00:00,0.009504223030968893,0
M019,538,2026-06-23 10:00:00,0.009504223030968893,0
M019,539,2026-06-23 11:00:00,0.006336606468447434,0
M019,540,2026-06-23 12:00:00,0.006336606468447434,0
M019,541,2026-06-23 13:00:00,0.02091209492138687,0
M019,542,2026-06-23 14:00:00,0.020429723574284575,0
M019,543,2026-06-23 15:00:00,0.011545899205157573,0
M019,544,2026-06-23 16:00:00,0.011545899205157573,0
M019,545,2026-06-23 17:00:00,0.011545899205157573,0
M019,546,2026-06-23 18:00:00,0.011545899205157573,0
M019,547,2026-06-23 19:00:00,0.006336606468447434,0
M019,548,2026-06-23 20:00:00,0.011545899205157573,0
M019,549,2026-06-23 21:00:00,0.011545899205157573,0
M019,550,2026-06-23 22:00:00,0.01815698272179704,0
M019,551,2026-06-23 23:00:00,0.02096767807141407,0
M019,552,2026-06-24 00:00:00,0.027578761588053537,0
M019,553,2026-06-24 01:00:00,0.024269288531294418,0
M019,554,2026-06-24 02:00:00,0.017804639320241004,0
M019,555,2026-06-24 03:00:00,0.023768550281235985,0
M019,556,2026-06-24 04:00:00,0.023768550281235985,0
M019,557,2026-06-24 05:00:00,0.014346771414979488,0
M019,558,2026-06-24 06:00:00,0.020992031463533047,0
M019,559,2026-06-24 07:00:00,0.014346771414979488,0
M019,560,2026-06-24 08:00:00,0.011551392578775648,0
M019,561,2026-06-24 09:00:00,0.011551392578775648,0
M019,562,2026-06-24 10:00:00,0.011551392578775648,0
M019,563,2026-06-24 11:00:00,0.014314836657394824,0
M019,564,2026-06-24 12:00:00,0.009105543920684684,0
M019,565,2026-06-24 13:00:00,0.012220047050046654,0
M019,566,2026-06-24 14:00:00,0.027033225725458354,0
M019,567,2026-06-24 15:00:00,0.02970945321677566,0
M019,568,2026-06-24 16:00:00,0.014314836657394824,0
M019,569,2026-06-24 17:00:00,0.014314836657394824,0
M019,570,2026-06-24 18:00:00,0.014314836657394824,0
M019,571,2026-06-24 19:00:00,0.014314836657394824,0
M019,572,2026-06-24 20:00:00,0.009105543920684684,0
M019,573,2026-06-24 21:00:00,0.009105543920684684,0
M019,574,2026-06-24 22:00:00,0.011900922756888524,0
M019,575,2026-06-24 23:00:00,0.02448917373282938,0
M019,576,2026-06-25 00:00:00,0.030816620545704148,0
M019,577,2026-06-25 01:00:00,0.027504693830483925,0
M019,578,2026-06-25 02:00:00,0.02132270162314502,0
M019,579,2026-06-25 03:00:00,0.02132270162314502,0
M019,580,2026-06-25 04:00:00,0.01852732278694118,0
M019,581,2026-06-25 05:00:00,0.024790750390395234,0
M019,582,2026-06-25 06:00:00,0.012410520475634393,0
M019,583,2026-06-25 07:00:00,0.0348668117817605,0
M019,584,2026-06-25 08:00:00,0.024866811781760503,0
M019,585,2026-06-25 09:00:00,0.027625391238893116,0
M019,586,2026-06-25 10:00:00,0.027625391238893116,0
M019,587,2026-06-25 11:00:00,0.041512071830314065,0
M019,588,2026-06-25 12:00:00,0.038200145115093835,0
M019,589,2026-06-25 13:00:00,0.037831110691815,0
M019,590,2026-06-25 14:00:00,0.047087436741763626,0
M019,591,2026-06-25 15:00:00,0.047087436741763626,0
M019,592,2026-06-25 16:00:00,0.056509215608020115,0
M019,593,2026-06-25 17:00:00,0.030626489528018847,0
M019,594,2026-06-25 18:00:00,0.03087430944400887,0
M019,595,2026-06-25 19:00:00,0.03087430944400887,0
M019,596,2026-06-25 20:00:00,0.03087430944400887,0
M019,597,2026-06-25 21:00:00,0.03087430944400887,0
M019,598,2026-06-25 22:00:00,0.030995523951297677,0
M019,599,2026-06-25 23:00:00,0.030995523951297677,0
M019,600,2026-06-26 00:00:00,0.028200145115093833,0
M019,601,2026-06-26 01:00:00,0.028200145115093833,0
M019,602,2026-06-26 02:00:00,0.05338803123369086,0
M019,603,2026-06-26 03:00:00,0.04674277118513731,0
M019,604,2026-06-26 04:00:00,0.04975829128279185,0
M019,605,2026-06-26 05:00:00,0.04674277118513731,0
M019,606,2026-06-26 06:00:00,0.04953815002134115,0
M019,607,2026-06-26 07:00:00,0.04953815002134115,0
M019,608,2026-06-26 08:00:00,0.030995523951297677,0
M019,609,2026-06-26 09:00:00,0.030995523951297677,0
M019,610,2026-06-26 10:00:00,0.06221973971033344,0
M019,611,2026-06-26 11:00:00,0.05229672947847377,0
M019,612,2026-06-26 12:00:00,0.05229672947847377,0
M019,613,2026-06-26 13:00:00,0.049501350642269924,0
M019,614,2026-06-26 14:00:00,0.049501350642269924,0
M019,615,2026-06-26 15:00:00,0.05281327735749014,0
M019,616,2026-06-26 16:00:00,0.04429205790555978,0
M019,617,2026-06-26 17:00:00,0.04429205790555978,0
M019,618,2026-06-26 18:00:00,0.06253886400349157,0
M019,619,2026-06-26 19:00:00,0.05616455005139381,0
M019,620,2026-06-26 20:00:00,0.05616455005139381,0
M019,621,2026-06-26 21:00:00,0.05927905318075578,0
M019,622,2026-06-26 22:00:00,0.059334684410156886,0
M019,623,2026-06-26 23:00:00,0.05558979617519308,0
M019,624,2026-06-27 00:00:00,0.037462192264322854,0
M019,625,2026-06-27 01:00:00,0.024909332260112143,0
M019,626,2026-06-27 02:00:00,0.05898981108937584,0
M019,627,2026-06-27 03:00:00,0.05234455104082229,0
M019,628,2026-06-27 04:00:00,0.05223454372270768,0
M019,629,2026-06-27 05:00:00,0.0590480170865602,0
M019,630,2026-06-27 06:00:00,0.06846979595281669,0
M019,631,2026-06-27 07:00:00,0.07844838933470359,0
M019,632,2026-06-27 08:00:00,0.07445170142516802,0
M019,633,2026-06-27 09:00:00,0.07445170142516802,0
M019,634,2026-06-27 10:00:00,0.0769707376636105,0
M019,635,2026-06-27 11:00:00,0.07694933104549738,0
M019,636,2026-06-27 12:00:00,0.0736484777264424,0
M019,637,2026-06-27 13:00:00,0.06532031786876528,0
M019,638,2026-06-27 14:00:00,0.05336243461133512,0
M019,639,2026-06-27 15:00:00,0.05019230025257205,0
M019,640,2026-06-27 16:00:00,0.05019230025257205,0
M019,641,2026-06-27 17:00:00,0.030995523951297677,0
M019,642,2026-06-27 18:00:00,0.030995523951297677,0
M019,643,2026-06-27 19:00:00,0.02786791007088624,0
M019,644,2026-06-27 20:00:00,0.027864476712374943,0
M019,645,2026-06-27 21:00:00,0.030879996810029495,0
M019,646,2026-06-27 22:00:00,0.027864476712374943,0
M019,647,2026-06-27 23:00:00,0.02782767733330371,0
M019,648,2026-06-28 00:00:00,0.02782767733330371,0
M019,649,2026-06-28 01:00:00,0.02782767733330371,0
M019,650,2026-06-28 02:00:00,0.031161010666637044,0
M019,651,2026-06-28 03:00:00,0.02782767733330371,0
M019,652,2026-06-28 04:00:00,0.04770816708681176,0
M019,653,2026-06-28 05:00:00,0.044403190531862057,0
M019,654,2026-06-28 06:00:00,0.031721600842869756,0
M019,655,2026-06-28 07:00:00,0.031721600842869756,0
M019,656,2026-06-28 08:00:00,0.031721600842869756,0
M019,657,2026-06-28 09:00:00,0.04447671304245959,0
M019,658,2026-06-28 10:00:00,0.051121973091013156,0
M019,659,2026-06-28 11:00:00,0.03822506853496616,0
M019,660,2026-06-28 12:00:00,0.03822506853496616,0
M019,661,2026-06-28 13:00:00,0.03505493417620309,0
M019,662,2026-06-28 14:00:00,0.031721600842869756,0
M019,663,2026-06-28 15:00:00,0.03489173520163283,0
M019,664,2026-06-28 16:00:00,0.021558401868299503,0
M019,665,2026-06-28 17:00:00,0.021558401868299503,0
M019,666,2026-06-28 18:00:00,0.018430787987888064,0
M019,667,2026-06-28 19:00:00,0.021146846966669033,0
M019,668,2026-06-28 20:00:00,0.024886870580146266,0
M019,669,2026-06-28 21:00:00,0.021764121321221398,0
M019,670,2026-06-28 22:00:00,0.019000677242602217,0
M019,671,2026-06-28 23:00:00,0.021764121321221398,0
M019,672,2026-06-29 00:00:00,0.042214500329443606,0
M019,673,2026-06-29 01:00:00,0.0516362791957001,0
M019,674,2026-06-29 02:00:00,0.0476419827797361,0
M019,675,2026-06-29 03:00:00,0.050975316113069435,0
M019,676,2026-06-29 04:00:00,0.015760445349810706,0
M019,677,2026-06-29 05:00:00,0.015760445349810706,0
M019,678,2026-06-29 06:00:00,0.015760445349810706,0
M019,679,2026-06-29 07:00:00,0.006338666483554212,0
M019,680,2026-06-29 08:00:00,0.009650593198774437,0
M019,681,2026-06-29 09:00:00,0.006338666483554212,0
M019,682,2026-06-29 10:00:00,0.006338666483554212,0
M019,683,2026-06-29 11:00:00,0.003170134358763075,0
M019,684,2026-06-29 12:00:00,0.003170134358763075,0
M019,685,2026-06-29 13:00:00,0.003170134358763075,0
M019,686,2026-06-29 14:00:00,0.009704784953907992,0
M019,687,2026-06-29 15:00:00,0.009704784953907992,0
M019,688,2026-06-29 16:00:00,0.009704784953907992,0
M019,689,2026-06-29 17:00:00,0.006333173109936138,0
M019,690,2026-06-29 18:00:00,0.012867823705081055,0
M019,691,2026-06-29 19:00:00,0.012867823705081055,0
M019,692,2026-06-29 20:00:00,0.003201317261811583,0
M019,693,2026-06-29 21:00:00,0.003201317261811583,0
M019,694,2026-06-29 22:00:00,0.0,0
M019,695,2026-06-29 23:00:00,0.0,0
M019,696,2026-06-30 00:00:00,0.0,0
M019,697,2026-06-30 01:00:00,0.0,0
M019,698,2026-06-30 02:00:00,0.0,0
M019,699,2026-06-30 03:00:00,0.0,0
M019,700,2026-06-30 04:00:00,0.0,0
M019,701,2026-06-30 05:00:00,0.0,0
M019,702,2026-06-30 06:00:00,0.006088445532923162,0
M019,703,2026-06-30 07:00:00,0.006088445532923162,0
M019,704,2026-06-30 08:00:00,0.0,0
M019,705,2026-06-30 09:00:00,0.006088445532923162,0
M019,706,2026-06-30 10:00:00,0.006088445532923162,0
M019,707,2026-06-30 11:00:00,0.006088445532923162,0
M019,708,2026-06-30 12:00:00,0.0,0
M019,709,2026-06-30 13:00:00,0.0,0
M019,710,2026-06-30 14:00:00,0.0,0
M019,711,2026-06-30 15:00:00,0.0,0
M019,712,2026-06-30 16:00:00,0.003277750183306133,0
M019,713,2026-06-30 17:00:00,0.0,0
M019,714,2026-06-30 18:00:00,0.0,0
M019,715,2026-06-30 19:00:00,0.0,0
M019,716,2026-06-30 20:00:00,0.0,0
M019,717,2026-06-30 21:00:00,0.006088445532923162,0
M019,718,2026-06-30 22:00:00,0.0,0
M019,719,2026-06-30 23:00:00,0.0,0
M020,23,2026-06-01 23:00:00,0.0,0
M020,24,2026-06-02 00:00:00,0.0,0
M020,25,2026-06-02 01:00:00,0.0,0
M020,26,2026-06-02 02:00:00,0.0,0
M020,27,2026-06-02 03:00:00,0.0,0
M020,28,2026-06-02 04:00:00,0.0,0
M020,29,2026-06-02 05:00:00,0.0,0
M020,30,2026-06-02 06:00:00,0.0,0
M020,31,2026-06-02 07:00:00,0.0,0
M020,32,2026-06-02 08:00:00,0.0,0
M020,33,2026-06-02 09:00:00,0.0,0
M020,34,2026-06-02 10:00:00,0.0,0
M020,35,2026-06-02 11:00:00,0.0,0
M020,36,2026-06-02 12:00:00,0.0,0
M020,37,2026-06-02 13:00:00,0.0,0
M020,38,2026-06-02 14:00:00,0.0,0
M020,39,2026-06-02 15:00:00,0.0,0
M020,40,2026-06-02 16:00:00,0.0,0
M020,41,2026-06-02 17:00:00,0.0,0
M020,42,2026-06-02 18:00:00,0.0,0
M020,43,2026-06-02 19:00:00,0.0,0
M020,44,2026-06-02 20:00:00,0.0,0
M020,45,2026-06-02 21:00:00,0.0,0
M020,46,2026-06-02 22:00:00,0.0,0
M020,47,2026-06-02 23:00:00,0.0,0
M020,48,2026-06-03 00:00:00,0.0,0
M020,49,2026-06-03 01:00:00,0.0,0
M020,50,2026-06-03 02:00:00,0.0,0
M020,51,2026-06-03 03:00:00,0.0,0
M020,52,2026-06-03 04:00:00,0.0,0
M020,53,2026-06-03 05:00:00,0.0,0
M020,54,2026-06-03 06:00:00,0.0,0
M020,55,2026-06-03 07:00:00,0.0,0
M020,56,2026-06-03 08:00:00,0.0,0
M020,57,2026-06-03 09:00:00,0.0,0
M020,58,2026-06-03 10:00:00,0.0,0
M020,59,2026-06-03 11:00:00,0.0,0
M020,60,2026-06-03 12:00:00,0.0,0
M020,61,2026-06-03 13:00:00,0.0,0
M020,62,2026-06-03 14:00:00,0.0,0
M020,63,2026-06-03 15:00:00,0.0,0
M020,64,2026-06-03 16:00:00,0.0,0
M020,65,2026-06-03 17:00:00,0.0,0
M020,66,2026-06-03 18:00:00,0.0,0
M020,67,2026-06-03 19:00:00,0.0,0
M020,68,2026-06-03 20:00:00,0.0,0
M020,69,2026-06-03 21:00:00,0.0,0
M020,70,2026-06-03 22:00:00,0.0,0
M020,71,2026-06-03 23:00:00,0.0,0
M020,72,2026-06-04 00:00:00,0.0,0
M020,73,2026-06-04 01:00:00,0.0,0
M020,74,2026-06-04 02:00:00,0.0,0
M020,75,2026-06-04 03:00:00,0.0,0
M020,76,2026-06-04 04:00:00,0.0,0
M020,77,2026-06-04 05:00:00,0.0,0
M020,78,2026-06-04 06:00:00,0.0,0
M020,79,2026-06-04 07:00:00,0.0,0
M020,80,2026-06-04 08:00:00,0.0,0
M020,81,2026-06-04 09:00:00,0.0,0
M020,82,2026-06-04 10:00:00,0.0,0
M020,83,2026-06-04 11:00:00,0.0,0
M020,84,2026-06-04 12:00:00,0.0,0
M020,85,2026-06-04 13:00:00,0.0,0
M020,86,2026-06-04 14:00:00,0.0,0
M020,87,2026-06-04 15:00:00,0.0,0
M020,88,2026-06-04 16:00:00,0.0,0
M020,89,2026-06-04 17:00:00,0.0,0
M020,90,2026-06-04 18:00:00,0.0,0
M020,91,2026-06-04 19:00:00,0.0,0
M020,92,2026-06-04 20:00:00,0.0,0
M020,93,2026-06-04 21:00:00,0.0,0
M020,94,2026-06-04 22:00:00,0.0,0
M020,95,2026-06-04 23:00:00,0.0,0
M020,96,2026-06-05 00:00:00,0.0,0
M020,97,2026-06-05 01:00:00,0.0,0
M020,98,2026-06-05 02:00:00,0.0,0
M020,99,2026-06-05 03:00:00,0.0,0
M020,100,2026-06-05 04:00:00,0.0,0
M020,101,2026-06-05 05:00:00,0.0,0
M020,102,2026-06-05 06:00:00,0.0,0
M020,103,2026-06-05 07:00:00,0.0,0
M020,104,2026-06-05 08:00:00,0.0,0
M020,105,2026-06-05 09:00:00,0.0,0
M020,106,2026-06-05 10:00:00,0.0,0
M020,107,2026-06-05 11:00:00,0.0,0
M020,108,2026-06-05 12:00:00,0.0,0
M020,109,2026-06-05 13:00:00,0.0,0
M020,110,2026-06-05 14:00:00,0.0,0
M020,111,2026-06-05 15:00:00,0.0,0
M020,112,2026-06-05 16:00:00,0.0,0
M020,113,2026-06-05 17:00:00,0.0,0
M020,114,2026-06-05 18:00:00,0.0,0
M020,115,2026-06-05 19:00:00,0.0,0
M020,116,2026-06-05 20:00:00,0.0,0
M020,117,2026-06-05 21:00:00,0.0,0
M020,118,2026-06-05 22:00:00,0.0,0
M020,119,2026-06-05 23:00:00,0.0,0
M020,120,2026-06-06 00:00:00,0.0,0
M020,121,2026-06-06 01:00:00,0.0,0
M020,122,2026-06-06 02:00:00,0.0,0
M020,123,2026-06-06 03:00:00,0.0,0
M020,124,2026-06-06 04:00:00,0.0,0
M020,125,2026-06-06 05:00:00,0.0,0
M020,126,2026-06-06 06:00:00,0.0,0
M020,127,2026-06-06 07:00:00,0.0,0
M020,128,2026-06-06 08:00:00,0.0,0
M020,129,2026-06-06 09:00:00,0.0,0
M020,130,2026-06-06 10:00:00,0.0,0
M020,131,2026-06-06 11:00:00,0.0,0
M020,132,2026-06-06 12:00:00,0.0,0
M020,133,2026-06-06 13:00:00,0.0,0
M020,134,2026-06-06 14:00:00,0.0,0
M020,135,2026-06-06 15:00:00,0.0,0
M020,136,2026-06-06 16:00:00,0.0,0
M020,137,2026-06-06 17:00:00,0.0,0
M020,138,2026-06-06 18:00:00,0.0,0
M020,139,2026-06-06 19:00:00,0.0,0
M020,140,2026-06-06 20:00:00,0.0,0
M020,141,2026-06-06 21:00:00,0.0,0
M020,142,2026-06-06 22:00:00,0.0,0
M020,143,2026-06-06 23:00:00,0.0,0
M020,144,2026-06-07 00:00:00,0.0,0
M020,145,2026-06-07 01:00:00,0.0,0
M020,146,2026-06-07 02:00:00,0.0,0
M020,147,2026-06-07 03:00:00,0.0,0
M020,148,2026-06-07 04:00:00,0.0,0
M020,149,2026-06-07 05:00:00,0.0,0
M020,150,2026-06-07 06:00:00,0.0,0
M020,151,2026-06-07 07:00:00,0.0,0
M020,152,2026-06-07 08:00:00,0.0,0
M020,153,2026-06-07 09:00:00,0.0,0
M020,154,2026-06-07 10:00:00,0.0,0
M020,155,2026-06-07 11:00:00,0.0,0
M020,156,2026-06-07 12:00:00,0.0,0
M020,157,2026-06-07 13:00:00,0.0,0
M020,158,2026-06-07 14:00:00,0.0,0
M020,159,2026-06-07 15:00:00,0.0,0
M020,160,2026-06-07 16:00:00,0.0,0
M020,161,2026-06-07 17:00:00,0.0,0
M020,162,2026-06-07 18:00:00,0.0,0
M020,163,2026-06-07 19:00:00,0.0,0
M020,164,2026-06-07 20:00:00,0.0,0
M020,165,2026-06-07 21:00:00,0.0,0
M020,166,2026-06-07 22:00:00,0.0,0
M020,167,2026-06-07 23:00:00,0.0,0
M020,168,2026-06-08 00:00:00,0.0,0
M020,169,2026-06-08 01:00:00,0.0,0
M020,170,2026-06-08 02:00:00,0.0,0
M020,171,2026-06-08 03:00:00,0.0,0
M020,172,2026-06-08 04:00:00,0.0,0
M020,173,2026-06-08 05:00:00,0.0,0
M020,174,2026-06-08 06:00:00,0.0,0
M020,175,2026-06-08 07:00:00,0.0,0
M020,176,2026-06-08 08:00:00,0.0,0
M020,177,2026-06-08 09:00:00,0.0,0
M020,178,2026-06-08 10:00:00,0.0,0
M020,179,2026-06-08 11:00:00,0.0,0
M020,180,2026-06-08 12:00:00,0.0,0
M020,181,2026-06-08 13:00:00,0.0,0
M020,182,2026-06-08 14:00:00,0.0,0
M020,183,2026-06-08 15:00:00,0.0,0
M020,184,2026-06-08 16:00:00,0.0,0
M020,185,2026-06-08 17:00:00,0.0,0
M020,186,2026-06-08 18:00:00,0.0,0
M020,187,2026-06-08 19:00:00,0.0,0
M020,188,2026-06-08 20:00:00,0.0,0
M020,189,2026-06-08 21:00:00,0.0,0
M020,190,2026-06-08 22:00:00,0.0,0
M020,191,2026-06-08 23:00:00,0.0,0
M020,192,2026-06-09 00:00:00,0.0,0
M020,193,2026-06-09 01:00:00,0.0,0
M020,194,2026-06-09 02:00:00,0.0,0
M020,195,2026-06-09 03:00:00,0.0,0
M020,196,2026-06-09 04:00:00,0.0,0
M020,197,2026-06-09 05:00:00,0.0,0
M020,198,2026-06-09 06:00:00,0.0,0
M020,199,2026-06-09 07:00:00,0.0,0
M020,200,2026-06-09 08:00:00,0.0,0
M020,201,2026-06-09 09:00:00,0.0,0
M020,202,2026-06-09 10:00:00,0.0,0
M020,203,2026-06-09 11:00:00,0.0,0
M020,204,2026-06-09 12:00:00,0.0,0
M020,205,2026-06-09 13:00:00,0.0,0
M020,206,2026-06-09 14:00:00,0.0,0
M020,207,2026-06-09 15:00:00,0.0,0
M020,208,2026-06-09 16:00:00,0.0,0
M020,209,2026-06-09 17:00:00,0.0,0
M020,210,2026-06-09 18:00:00,0.0,0
M020,211,2026-06-09 19:00:00,0.0,0
M020,212,2026-06-09 20:00:00,0.0,0
M020,213,2026-06-09 21:00:00,0.0,0
M020,214,2026-06-09 22:00:00,0.0,0
M020,215,2026-06-09 23:00:00,0.0,0
M020,216,2026-06-10 00:00:00,0.0,0
M020,217,2026-06-10 01:00:00,0.0,0
M020,218,2026-06-10 02:00:00,0.0,0
M020,219,2026-06-10 03:00:00,0.0,0
M020,220,2026-06-10 04:00:00,0.0,0
M020,221,2026-06-10 05:00:00,0.0,0
M020,222,2026-06-10 06:00:00,0.0,0
M020,223,2026-06-10 07:00:00,0.0,0
M020,224,2026-06-10 08:00:00,0.0,0
M020,225,2026-06-10 09:00:00,0.0,0
M020,226,2026-06-10 10:00:00,0.0,0
M020,227,2026-06-10 11:00:00,0.0,0
M020,228,2026-06-10 12:00:00,0.0,0
M020,229,2026-06-10 13:00:00,0.0,0
M020,230,2026-06-10 14:00:00,0.0,0
M020,231,2026-06-10 15:00:00,0.0,0
M020,232,2026-06-10 16:00:00,0.0,0
M020,233,2026-06-10 17:00:00,0.0,0
M020,234,2026-06-10 18:00:00,0.0,0
M020,235,2026-06-10 19:00:00,0.0,0
M020,236,2026-06-10 20:00:00,0.0,0
M020,237,2026-06-10 21:00:00,0.0,0
M020,238,2026-06-10 22:00:00,0.0,0
M020,239,2026-06-10 23:00:00,0.0,0
M020,240,2026-06-11 00:00:00,0.0,0
M020,241,2026-06-11 01:00:00,0.0,0
M020,242,2026-06-11 02:00:00,0.0,0
M020,243,2026-06-11 03:00:00,0.0,0
M020,244,2026-06-11 04:00:00,0.0,0
M020,245,2026-06-11 05:00:00,0.0,0
M020,246,2026-06-11 06:00:00,0.0,0
M020,247,2026-06-11 07:00:00,0.0,0
M020,248,2026-06-11 08:00:00,0.0,0
M020,249,2026-06-11 09:00:00,0.0,0
M020,250,2026-06-11 10:00:00,0.0,0
M020,251,2026-06-11 11:00:00,0.0,0
M020,252,2026-06-11 12:00:00,0.0,0
M020,253,2026-06-11 13:00:00,0.0,0
M020,254,2026-06-11 14:00:00,0.0,0
M020,255,2026-06-11 15:00:00,0.0,0
M020,256,2026-06-11 16:00:00,0.0,0
M020,257,2026-06-11 17:00:00,0.0,0
M020,258,2026-06-11 18:00:00,0.0,0
M020,259,2026-06-11 19:00:00,0.0,0
M020,260,2026-06-11 20:00:00,0.0,0
M020,261,2026-06-11 21:00:00,0.0,0
M020,262,2026-06-11 22:00:00,0.002534344433454225,0
M020,263,2026-06-11 23:00:00,0.0,0
M020,264,2026-06-12 00:00:00,0.0,0
M020,265,2026-06-12 01:00:00,0.0,0
M020,266,2026-06-12 02:00:00,0.0,0
M020,267,2026-06-12 03:00:00,0.0,0
M020,268,2026-06-12 04:00:00,0.0,0
M020,269,2026-06-12 05:00:00,0.0,0
M020,270,2026-06-12 06:00:00,0.0,0
M020,271,2026-06-12 07:00:00,0.0,0
M020,272,2026-06-12 08:00:00,0.0,0
M020,273,2026-06-12 09:00:00,0.0,0
M020,274,2026-06-12 10:00:00,0.0,0
M020,275,2026-06-12 11:00:00,0.0,0
M020,276,2026-06-12 12:00:00,0.0,0
M020,277,2026-06-12 13:00:00,0.0,0
M020,278,2026-06-12 14:00:00,0.0,0
M020,279,2026-06-12 15:00:00,0.0,0
M020,280,2026-06-12 16:00:00,0.0,0
M020,281,2026-06-12 17:00:00,0.0,0
M020,282,2026-06-12 18:00:00,0.0,0
M020,283,2026-06-12 19:00:00,0.0,0
M020,284,2026-06-12 20:00:00,0.0,0
M020,285,2026-06-12 21:00:00,0.0,0
M020,286,2026-06-12 22:00:00,0.0,0
M020,287,2026-06-12 23:00:00,0.0,0
M020,288,2026-06-13 00:00:00,0.0,0
M020,289,2026-06-13 01:00:00,0.0,0
M020,290,2026-06-13 02:00:00,0.0,0
M020,291,2026-06-13 03:00:00,0.0,0
M020,292,2026-06-13 04:00:00,0.0,0
M020,293,2026-06-13 05:00:00,0.0,0
M020,294,2026-06-13 06:00:00,0.0,0
M020,295,2026-06-13 07:00:00,0.0,0
M020,296,2026-06-13 08:00:00,0.0,0
M020,297,2026-06-13 09:00:00,0.0,0
M020,298,2026-06-13 10:00:00,0.0,0
M020,299,2026-06-13 11:00:00,0.0,0
M020,300,2026-06-13 12:00:00,0.0,0
M020,301,2026-06-13 13:00:00,0.0,0
M020,302,2026-06-13 14:00:00,0.0,0
M020,303,2026-06-13 15:00:00,0.0,0
M020,304,2026-06-13 16:00:00,0.0,0
M020,305,2026-06-13 17:00:00,0.0,0
M020,306,2026-06-13 18:00:00,0.0,0
M020,307,2026-06-13 19:00:00,0.0,0
M020,308,2026-06-13 20:00:00,0.0,0
M020,309,2026-06-13 21:00:00,0.0,0
M020,310,2026-06-13 22:00:00,0.0,0
M020,311,2026-06-13 23:00:00,0.0,0
M020,312,2026-06-14 00:00:00,0.0,0
M020,313,2026-06-14 01:00:00,0.0,0
M020,314,2026-06-14 02:00:00,0.0,0
M020,315,2026-06-14 03:00:00,0.0,0
M020,316,2026-06-14 04:00:00,0.0,0
M020,317,2026-06-14 05:00:00,0.0,0
M020,318,2026-06-14 06:00:00,0.0,0
M020,319,2026-06-14 07:00:00,0.0,0
M020,320,2026-06-14 08:00:00,0.0,0
M020,321,2026-06-14 09:00:00,0.0,0
M020,322,2026-06-14 10:00:00,0.0,0
M020,323,2026-06-14 11:00:00,0.0,0
M020,324,2026-06-14 12:00:00,0.0,0
M020,325,2026-06-14 13:00:00,0.0,0
M020,326,2026-06-14 14:00:00,0.0,0
M020,327,2026-06-14 15:00:00,0.0,0
M020,328,2026-06-14 16:00:00,0.0,0
M020,329,2026-06-14 17:00:00,0.0,0
M020,330,2026-06-14 18:00:00,0.0,0
M020,331,2026-06-14 19:00:00,0.0,0
M020,332,2026-06-14 20:00:00,0.0,0
M020,333,2026-06-14 21:00:00,0.0,0
M020,334,2026-06-14 22:00:00,0.0,0
M020,335,2026-06-14 23:00:00,0.0,0
M020,336,2026-06-15 00:00:00,0.0,0
M020,337,2026-06-15 01:00:00,0.0,0
M020,338,2026-06-15 02:00:00,0.0,0
M020,339,2026-06-15 03:00:00,0.0,0
M020,340,2026-06-15 04:00:00,0.0,0
M020,341,2026-06-15 05:00:00,0.0,0
M020,342,2026-06-15 06:00:00,0.0,0
M020,343,2026-06-15 07:00:00,0.0,0
M020,344,2026-06-15 08:00:00,0.0,0
M020,345,2026-06-15 09:00:00,0.0,0
M020,346,2026-06-15 10:00:00,0.0,0
M020,347,2026-06-15 11:00:00,0.0,0
M020,348,2026-06-15 12:00:00,0.0,0
M020,349,2026-06-15 13:00:00,0.0,0
M020,350,2026-06-15 14:00:00,0.0,0
M020,351,2026-06-15 15:00:00,0.0,0
M020,352,2026-06-15 16:00:00,0.0,0
M020,353,2026-06-15 17:00:00,0.0,0
M020,354,2026-06-15 18:00:00,0.0,0
M020,355,2026-06-15 19:00:00,0.0,0
M020,356,2026-06-15 20:00:00,0.0,0
M020,357,2026-06-15 21:00:00,0.0,0
M020,358,2026-06-15 22:00:00,0.0,0
M020,359,2026-06-15 23:00:00,0.0,0
M020,360,2026-06-16 00:00:00,0.0,0
M020,361,2026-06-16 01:00:00,0.0,0
M020,362,2026-06-16 02:00:00,0.0,0
M020,363,2026-06-16 03:00:00,0.0,0
M020,364,2026-06-16 04:00:00,0.0,0
M020,365,2026-06-16 05:00:00,0.0,0
M020,366,2026-06-16 06:00:00,0.0,0
M020,367,2026-06-16 07:00:00,0.0,0
M020,368,2026-06-16 08:00:00,0.0,0
M020,369,2026-06-16 09:00:00,0.0,0
M020,370,2026-06-16 10:00:00,0.0,0
M020,371,2026-06-16 11:00:00,0.0,0
M020,372,2026-06-16 12:00:00,0.0,0
M020,373,2026-06-16 13:00:00,0.0,0
M020,374,2026-06-16 14:00:00,0.0,0
M020,375,2026-06-16 15:00:00,0.0,0
M020,376,2026-06-16 16:00:00,0.0,0
M020,377,2026-06-16 17:00:00,0.0,0
M020,378,2026-06-16 18:00:00,0.0,0
M020,379,2026-06-16 19:00:00,0.0,0
M020,380,2026-06-16 20:00:00,0.0,0
M020,381,2026-06-16 21:00:00,0.0,0
M020,382,2026-06-16 22:00:00,0.0,0
M020,383,2026-06-16 23:00:00,0.0,0
M020,384,2026-06-17 00:00:00,0.0,0
M020,385,2026-06-17 01:00:00,0.0,0
M020,386,2026-06-17 02:00:00,0.0,0
M020,387,2026-06-17 03:00:00,0.0,0
M020,388,2026-06-17 04:00:00,0.0,0
M020,389,2026-06-17 05:00:00,0.0,0
M020,390,2026-06-17 06:00:00,0.0,0
M020,391,2026-06-17 07:00:00,0.0,0
M020,392,2026-06-17 08:00:00,0.0,0
M020,393,2026-06-17 09:00:00,0.0,0
M020,394,2026-06-17 10:00:00,0.0,0
M020,395,2026-06-17 11:00:00,0.0,0
M020,396,2026-06-17 12:00:00,0.0,0
M020,397,2026-06-17 13:00:00,0.0,0
M020,398,2026-06-17 14:00:00,0.0,0
M020,399,2026-06-17 15:00:00,0.0,0
M020,400,2026-06-17 16:00:00,0.0,0
M020,401,2026-06-17 17:00:00,0.0,0
M020,402,2026-06-17 18:00:00,0.0028988233327063356,0
M020,403,2026-06-17 19:00:00,0.0,0
M020,404,2026-06-17 20:00:00,0.0,0
M020,405,2026-06-17 21:00:00,0.0,0
M020,406,2026-06-17 22:00:00,0.0,0
M020,407,2026-06-17 23:00:00,0.0,0
M020,408,2026-06-18 00:00:00,0.0,0
M020,409,2026-06-18 01:00:00,0.0,0
M020,410,2026-06-18 02:00:00,0.0,0
M020,411,2026-06-18 03:00:00,0.0,0
M020,412,2026-06-18 04:00:00,0.0,0
M020,413,2026-06-18 05:00:00,0.0,0
M020,414,2026-06-18 06:00:00,0.0,0
M020,415,2026-06-18 07:00:00,0.0,0
M020,416,2026-06-18 08:00:00,0.0,0
M020,417,2026-06-18 09:00:00,0.0,0
M020,418,2026-06-18 10:00:00,0.0052664309220618885,0
M020,419,2026-06-18 11:00:00,0.0,0
M020,420,2026-06-18 12:00:00,0.0,0
M020,421,2026-06-18 13:00:00,0.0,0
M020,422,2026-06-18 14:00:00,0.0,0
M020,423,2026-06-18 15:00:00,0.0,0
M020,424,2026-06-18 16:00:00,0.0,0
M020,425,2026-06-18 17:00:00,0.0,0
M020,426,2026-06-18 18:00:00,0.0,0
M020,427,2026-06-18 19:00:00,0.0,0
M020,428,2026-06-18 20:00:00,0.0,0
M020,429,2026-06-18 21:00:00,0.0,0
M020,430,2026-06-18 22:00:00,0.0,0
M020,431,2026-06-18 23:00:00,0.0,0
M020,432,2026-06-19 00:00:00,0.0,0
M020,433,2026-06-19 01:00:00,0.0,0
M020,434,2026-06-19 02:00:00,0.0,0
M020,435,2026-06-19 03:00:00,0.0,0
M020,436,2026-06-19 04:00:00,0.0,0
M020,437,2026-06-19 05:00:00,0.0,0
M020,438,2026-06-19 06:00:00,0.0,0
M020,439,2026-06-19 07:00:00,0.0,0
M020,440,2026-06-19 08:00:00,0.0,0
M020,441,2026-06-19 09:00:00,0.0,0
M020,442,2026-06-19 10:00:00,0.0,0
M020,443,2026-06-19 11:00:00,0.0,0
M020,444,2026-06-19 12:00:00,0.0,0
M020,445,2026-06-19 13:00:00,0.0,0
M020,446,2026-06-19 14:00:00,0.0,0
M020,447,2026-06-19 15:00:00,0.0,0
M020,448,2026-06-19 16:00:00,0.0,0
M020,449,2026-06-19 17:00:00,0.0,0
M020,450,2026-06-19 18:00:00,0.0,0
M020,451,2026-06-19 19:00:00,0.0,0
M020,452,2026-06-19 20:00:00,0.0,0
M020,453,2026-06-19 21:00:00,0.0,0
M020,454,2026-06-19 22:00:00,0.0,0
M020,455,2026-06-19 23:00:00,0.0,0
M020,456,2026-06-20 00:00:00,0.0,0
M020,457,2026-06-20 01:00:00,0.0,0
M020,458,2026-06-20 02:00:00,0.0,0
M020,459,2026-06-20 03:00:00,0.0,0
M020,460,2026-06-20 04:00:00,0.0,0
M020,461,2026-06-20 05:00:00,0.0,0
M020,462,2026-06-20 06:00:00,0.0,0
M020,463,2026-06-20 07:00:00,0.0,0
M020,464,2026-06-20 08:00:00,0.0,0
M020,465,2026-06-20 09:00:00,0.0,0
M020,466,2026-06-20 10:00:00,0.0,0
M020,467,2026-06-20 11:00:00,0.0,0
M020,468,2026-06-20 12:00:00,0.0,0
M020,469,2026-06-20 13:00:00,0.0,0
M020,470,2026-06-20 14:00:00,0.0,0
M020,471,2026-06-20 15:00:00,0.0,0
M020,472,2026-06-20 16:00:00,0.0,0
M020,473,2026-06-20 17:00:00,0.0,0
M020,474,2026-06-20 18:00:00,0.0,0
M020,475,2026-06-20 19:00:00,0.0,0
M020,476,2026-06-20 20:00:00,0.0,0
M020,477,2026-06-20 21:00:00,0.0,0
M020,478,2026-06-20 22:00:00,0.0,0
M020,479,2026-06-20 23:00:00,0.0,0
M020,480,2026-06-21 00:00:00,0.0,0
M020,481,2026-06-21 01:00:00,0.0,0
M020,482,2026-06-21 02:00:00,0.0,0
M020,483,2026-06-21 03:00:00,0.0,0
M020,484,2026-06-21 04:00:00,0.0,0
M020,485,2026-06-21 05:00:00,0.0,0
M020,486,2026-06-21 06:00:00,0.0,0
M020,487,2026-06-21 07:00:00,0.0,0
M020,488,2026-06-21 08:00:00,0.0,0
M020,489,2026-06-21 09:00:00,0.0,0
M020,490,2026-06-21 10:00:00,0.0,0
M020,491,2026-06-21 11:00:00,0.0,0
M020,492,2026-06-21 12:00:00,0.0,0
M020,493,2026-06-21 13:00:00,0.0,0
M020,494,2026-06-21 14:00:00,0.0,0
M020,495,2026-06-21 15:00:00,0.0,0
M020,496,2026-06-21 16:00:00,0.0,0
M020,497,2026-06-21 17:00:00,0.0,0
M020,498,2026-06-21 18:00:00,0.0,0
M020,499,2026-06-21 19:00:00,0.0,0
M020,500,2026-06-21 20:00:00,0.0,0
M020,501,2026-06-21 21:00:00,0.0,0
M020,502,2026-06-21 22:00:00,0.0,0
M020,503,2026-06-21 23:00:00,0.0,0
M020,504,2026-06-22 00:00:00,0.0,0
M020,505,2026-06-22 01:00:00,0.0,0
M020,506,2026-06-22 02:00:00,0.0,0
M020,507,2026-06-22 03:00:00,0.0,0
M020,508,2026-06-22 04:00:00,0.0,0
M020,509,2026-06-22 05:00:00,0.0,0
M020,510,2026-06-22 06:00:00,0.0,0
M020,511,2026-06-22 07:00:00,0.0,0
M020,512,2026-06-22 08:00:00,0.0,0
M020,513,2026-06-22 09:00:00,0.0,0
M020,514,2026-06-22 10:00:00,0.0,0
M020,515,2026-06-22 11:00:00,0.0,0
M020,516,2026-06-22 12:00:00,0.0,0
M020,517,2026-06-22 13:00:00,0.0,0
M020,518,2026-06-22 14:00:00,0.0,0
M020,519,2026-06-22 15:00:00,0.0,0
M020,520,2026-06-22 16:00:00,0.0,0
M020,521,2026-06-22 17:00:00,0.0,0
M020,522,2026-06-22 18:00:00,0.0,0
M020,523,2026-06-22 19:00:00,0.0,0
M020,524,2026-06-22 20:00:00,0.0,0
M020,525,2026-06-22 21:00:00,0.0,0
M020,526,2026-06-22 22:00:00,0.0,0
M020,527,2026-06-22 23:00:00,0.0,0
M020,528,2026-06-23 00:00:00,0.0,0
M020,529,2026-06-23 01:00:00,0.0,0
M020,530,2026-06-23 02:00:00,0.0,0
M020,531,2026-06-23 03:00:00,0.0,0
M020,532,2026-06-23 04:00:00,0.0,0
M020,533,2026-06-23 05:00:00,0.0,0
M020,534,2026-06-23 06:00:00,0.0,0
M020,535,2026-06-23 07:00:00,0.0,0
M020,536,2026-06-23 08:00:00,0.0,0
M020,537,2026-06-23 09:00:00,0.0,0
M020,538,2026-06-23 10:00:00,0.0,0
M020,539,2026-06-23 11:00:00,0.0,0
M020,540,2026-06-23 12:00:00,0.0,0
M020,541,2026-06-23 13:00:00,0.0,0
M020,542,2026-06-23 14:00:00,0.0,0
M020,543,2026-06-23 15:00:00,0.0,0
M020,544,2026-06-23 16:00:00,0.0,0
M020,545,2026-06-23 17:00:00,0.0,0
M020,546,2026-06-23 18:00:00,0.0,0
M020,547,2026-06-23 19:00:00,0.0,0
M020,548,2026-06-23 20:00:00,0.0,0
M020,549,2026-06-23 21:00:00,0.0,0
M020,550,2026-06-23 22:00:00,0.0,0
M020,551,2026-06-23 23:00:00,0.0,0
M020,552,2026-06-24 00:00:00,0.0,0
M020,553,2026-06-24 01:00:00,0.0,0
M020,554,2026-06-24 02:00:00,0.0,0
M020,555,2026-06-24 03:00:00,0.0,0
M020,556,2026-06-24 04:00:00,0.008679651975871838,0
M020,557,2026-06-24 05:00:00,0.0,0
M020,558,2026-06-24 06:00:00,0.0,0
M020,559,2026-06-24 07:00:00,0.0,0
M020,560,2026-06-24 08:00:00,0.0,0
M020,561,2026-06-24 09:00:00,0.0,0
M020,562,2026-06-24 10:00:00,0.0,0
M020,563,2026-06-24 11:00:00,0.0,0
M020,564,2026-06-24 12:00:00,0.0,0
M020,565,2026-06-24 13:00:00,0.0,0
M020,566,2026-06-24 14:00:00,0.0,0
M020,567,2026-06-24 15:00:00,0.0,0
M020,568,2026-06-24 16:00:00,0.0,0
M020,569,2026-06-24 17:00:00,0.0,0
M020,570,2026-06-24 18:00:00,0.0,0
M020,571,2026-06-24 19:00:00,0.0,0
M020,572,2026-06-24 20:00:00,0.0,0
M020,573,2026-06-24 21:00:00,0.0,0
M020,574,2026-06-24 22:00:00,0.0,0
M020,575,2026-06-24 23:00:00,0.0,0
M020,576,2026-06-25 00:00:00,0.0,0
M020,577,2026-06-25 01:00:00,0.0,0
M020,578,2026-06-25 02:00:00,0.0,0
M020,579,2026-06-25 03:00:00,0.0,0
M020,580,2026-06-25 04:00:00,0.0,0
M020,581,2026-06-25 05:00:00,0.0,0
M020,582,2026-06-25 06:00:00,0.0,0
M020,583,2026-06-25 07:00:00,0.0,0
M020,584,2026-06-25 08:00:00,0.0,0
M020,585,2026-06-25 09:00:00,0.0,0
M020,586,2026-06-25 10:00:00,0.0,0
M020,587,2026-06-25 11:00:00,0.0,0
M020,588,2026-06-25 12:00:00,0.0,0
M020,589,2026-06-25 13:00:00,0.0,0
M020,590,2026-06-25 14:00:00,0.0,0
M020,591,2026-06-25 15:00:00,0.0,0
M020,592,2026-06-25 16:00:00,0.0,0
M020,593,2026-06-25 17:00:00,0.0,0
M020,594,2026-06-25 18:00:00,0.0,0
M020,595,2026-06-25 19:00:00,0.0,0
M020,596,2026-06-25 20:00:00,0.0,0
M020,597,2026-06-25 21:00:00,0.0,0
M020,598,2026-06-25 22:00:00,0.0,0
M020,599,2026-06-25 23:00:00,0.0,0
M020,600,2026-06-26 00:00:00,0.0,0
M020,601,2026-06-26 01:00:00,0.0,0
M020,602,2026-06-26 02:00:00,0.0,0
M020,603,2026-06-26 03:00:00,0.0,0
M020,604,2026-06-26 04:00:00,0.0,0
M020,605,2026-06-26 05:00:00,0.0,0
M020,606,2026-06-26 06:00:00,0.0,0
M020,607,2026-06-26 07:00:00,0.0,0
M020,608,2026-06-26 08:00:00,0.0,0
M020,609,2026-06-26 09:00:00,0.0,0
M020,610,2026-06-26 10:00:00,0.0,0
M020,611,2026-06-26 11:00:00,0.0,0
M020,612,2026-06-26 12:00:00,0.0,0
M020,613,2026-06-26 13:00:00,0.0,0
M020,614,2026-06-26 14:00:00,0.0,0
M020,615,2026-06-26 15:00:00,0.0,0
M020,616,2026-06-26 16:00:00,0.0,0
M020,617,2026-06-26 17:00:00,0.0,0
M020,618,2026-06-26 18:00:00,0.0,0
M020,619,2026-06-26 19:00:00,0.0,0
M020,620,2026-06-26 20:00:00,0.0,0
M020,621,2026-06-26 21:00:00,0.0,0
M020,622,2026-06-26 22:00:00,0.0,0
M020,623,2026-06-26 23:00:00,0.0,0
M020,624,2026-06-27 00:00:00,0.0,0
M020,625,2026-06-27 01:00:00,0.0,0
M020,626,2026-06-27 02:00:00,0.0,0
M020,627,2026-06-27 03:00:00,0.0,0
M020,628,2026-06-27 04:00:00,0.0,0
M020,629,2026-06-27 05:00:00,0.0,0
M020,630,2026-06-27 06:00:00,0.0,0
M020,631,2026-06-27 07:00:00,0.0,0
M020,632,2026-06-27 08:00:00,0.0,0
M020,633,2026-06-27 09:00:00,0.0,0
M020,634,2026-06-27 10:00:00,0.0,0
M020,635,2026-06-27 11:00:00,0.0,0
M020,636,2026-06-27 12:00:00,0.0,0
M020,637,2026-06-27 13:00:00,0.0,0
M020,638,2026-06-27 14:00:00,0.0,0
M020,639,2026-06-27 15:00:00,0.0,0
M020,640,2026-06-27 16:00:00,0.0,0
M020,641,2026-06-27 17:00:00,0.0,0
M020,642,2026-06-27 18:00:00,0.0,0
M020,643,2026-06-27 19:00:00,0.0,0
M020,644,2026-06-27 20:00:00,0.0,0
M020,645,2026-06-27 21:00:00,0.0,0
M020,646,2026-06-27 22:00:00,0.0,0
M020,647,2026-06-27 23:00:00,0.0,0
M020,648,2026-06-28 00:00:00,0.0,0
M020,649,2026-06-28 01:00:00,0.0,0
M020,650,2026-06-28 02:00:00,0.0,0
M020,651,2026-06-28 03:00:00,0.0,0
M020,652,2026-06-28 04:00:00,0.0,0
M020,653,2026-06-28 05:00:00,0.0,0
M020,654,2026-06-28 06:00:00,0.0,0
M020,655,2026-06-28 07:00:00,0.0,0
M020,656,2026-06-28 08:00:00,0.0,0
M020,657,2026-06-28 09:00:00,0.0,0
M020,658,2026-06-28 10:00:00,0.0,0
M020,659,2026-06-28 11:00:00,0.0,0
M020,660,2026-06-28 12:00:00,0.0,0
M020,661,2026-06-28 13:00:00,0.0,0
M020,662,2026-06-28 14:00:00,0.0,0
M020,663,2026-06-28 15:00:00,0.0,0
M020,664,2026-06-28 16:00:00,0.0,0
M020,665,2026-06-28 17:00:00,0.0,0
M020,666,2026-06-28 18:00:00,0.0,0
M020,667,2026-06-28 19:00:00,0.0,0
M020,668,2026-06-28 20:00:00,0.0,0
M020,669,2026-06-28 21:00:00,0.0,0
M020,670,2026-06-28 22:00:00,0.0,0
M020,671,2026-06-28 23:00:00,0.0,0
M020,672,2026-06-29 00:00:00,0.0,0
M020,673,2026-06-29 01:00:00,0.0,0
M020,674,2026-06-29 02:00:00,0.0,0
M020,675,2026-06-29 03:00:00,0.0,0
M020,676,2026-06-29 04:00:00,0.0,0
M020,677,2026-06-29 05:00:00,0.0,0
M020,678,2026-06-29 06:00:00,0.0,0
M020,679,2026-06-29 07:00:00,0.0,0
M020,680,2026-06-29 08:00:00,0.0,0
M020,681,2026-06-29 09:00:00,0.0,0
M020,682,2026-06-29 10:00:00,0.0,0
M020,683,2026-06-29 11:00:00,0.0,0
M020,684,2026-06-29 12:00:00,0.0,0
M020,685,2026-06-29 13:00:00,0.0,0
M020,686,2026-06-29 14:00:00,0.0,0
M020,687,2026-06-29 15:00:00,0.0,0
M020,688,2026-06-29 16:00:00,0.0,0
M020,689,2026-06-29 17:00:00,0.0,0
M020,690,2026-06-29 18:00:00,0.0,0
M020,691,2026-06-29 19:00:00,0.0,0
M020,692,2026-06-29 20:00:00,0.0,0
M020,693,2026-06-29 21:00:00,0.0,0
M020,694,2026-06-29 22:00:00,0.0,0
M020,695,2026-06-29 23:00:00,0.0,0
M020,696,2026-06-30 00:00:00,0.0,0
M020,697,2026-06-30 01:00:00,0.0,0
M020,698,2026-06-30 02:00:00,0.0,0
M020,699,2026-06-30 03:00:00,0.0,0
M020,700,2026-06-30 04:00:00,0.0,0
M020,701,2026-06-30 05:00:00,0.0,0
M020,702,2026-06-30 06:00:00,0.0,0
M020,703,2026-06-30 07:00:00,0.0,0
M020,704,2026-06-30 08:00:00,0.0,0
M020,705,2026-06-30 09:00:00,0.0,0
M020,706,2026-06-30 10:00:00,0.0,0
M020,707,2026-06-30 11:00:00,0.0,0
M020,708,2026-06-30 12:00:00,0.0,0
M020,709,2026-06-30 13:00:00,0.0,0
M020,710,2026-06-30 14:00:00,0.0,0
M020,711,2026-06-30 15:00:00,0.0,0
M020,712,2026-06-30 16:00:00,0.0,0
M020,713,2026-06-30 17:00:00,0.0,0
M020,714,2026-06-30 18:00:00,0.0,0
M020,715,2026-06-30 19:00:00,0.0,0
M020,716,2026-06-30 20:00:00,0.0,0
M020,717,2026-06-30 21:00:00,0.0,0
M020,718,2026-06-30 22:00:00,0.0,0
M020,719,2026-06-30 23:00:00,0.0,0
M021,23,2026-06-01 23:00:00,0.0,0
M021,24,2026-06-02 00:00:00,0.0,0
M021,25,2026-06-02 01:00:00,0.0,0
M021,26,2026-06-02 02:00:00,0.0,0
M021,27,2026-06-02 03:00:00,0.0,0
M021,28,2026-06-02 04:00:00,0.0,0
M021,29,2026-06-02 05:00:00,0.0,0
M021,30,2026-06-02 06:00:00,0.0,0
M021,31,2026-06-02 07:00:00,0.0,0
M021,32,2026-06-02 08:00:00,0.0,0
M021,33,2026-06-02 09:00:00,0.0,0
M021,34,2026-06-02 10:00:00,0.0,0
M021,35,2026-06-02 11:00:00,0.0,0
M021,36,2026-06-02 12:00:00,0.0,0
M021,37,2026-06-02 13:00:00,0.0,0
M021,38,2026-06-02 14:00:00,0.0,0
M021,39,2026-06-02 15:00:00,0.0,0
M021,40,2026-06-02 16:00:00,0.0,0
M021,41,2026-06-02 17:00:00,0.0,0
M021,42,2026-06-02 18:00:00,0.0,0
M021,43,2026-06-02 19:00:00,0.0,0
M021,44,2026-06-02 20:00:00,0.0,0
M021,45,2026-06-02 21:00:00,0.0,0
M021,46,2026-06-02 22:00:00,0.0,0
M021,47,2026-06-02 23:00:00,0.0,0
M021,48,2026-06-03 00:00:00,0.0,0
M021,49,2026-06-03 01:00:00,0.0,0
M021,50,2026-06-03 02:00:00,0.0,0
M021,51,2026-06-03 03:00:00,0.0,0
M021,52,2026-06-03 04:00:00,0.0,0
M021,53,2026-06-03 05:00:00,0.0,0
M021,54,2026-06-03 06:00:00,0.0,0
M021,55,2026-06-03 07:00:00,0.0,0
M021,56,2026-06-03 08:00:00,0.0,0
M021,57,2026-06-03 09:00:00,0.0,0
M021,58,2026-06-03 10:00:00,0.0,0
M021,59,2026-06-03 11:00:00,0.0,0
M021,60,2026-06-03 12:00:00,0.0,0
M021,61,2026-06-03 13:00:00,0.0,0
M021,62,2026-06-03 14:00:00,0.0,0
M021,63,2026-06-03 15:00:00,0.0,0
M021,64,2026-06-03 16:00:00,0.0,0
M021,65,2026-06-03 17:00:00,0.0,0
M021,66,2026-06-03 18:00:00,0.0,0
M021,67,2026-06-03 19:00:00,0.0,0
M021,68,2026-06-03 20:00:00,0.0,0
M021,69,2026-06-03 21:00:00,0.0,0
M021,70,2026-06-03 22:00:00,0.0,0
M021,71,2026-06-03 23:00:00,0.0,0
M021,72,2026-06-04 00:00:00,0.0,0
M021,73,2026-06-04 01:00:00,0.0,0
M021,74,2026-06-04 02:00:00,0.0,0
M021,75,2026-06-04 03:00:00,0.0,0
M021,76,2026-06-04 04:00:00,0.0,0
M021,77,2026-06-04 05:00:00,0.0029423467705041867,0
M021,78,2026-06-04 06:00:00,0.0,0
M021,79,2026-06-04 07:00:00,0.0,0
M021,80,2026-06-04 08:00:00,0.0,0
M021,81,2026-06-04 09:00:00,0.0,0
M021,82,2026-06-04 10:00:00,0.0,0
M021,83,2026-06-04 11:00:00,0.0,0
M021,84,2026-06-04 12:00:00,0.0,0
M021,85,2026-06-04 13:00:00,0.0,0
M021,86,2026-06-04 14:00:00,0.0,0
M021,87,2026-06-04 15:00:00,0.0,0
M021,88,2026-06-04 16:00:00,0.0,0
M021,89,2026-06-04 17:00:00,0.0,0
M021,90,2026-06-04 18:00:00,0.0,0
M021,91,2026-06-04 19:00:00,0.0,0
M021,92,2026-06-04 20:00:00,0.0,0
M021,93,2026-06-04 21:00:00,0.0,0
M021,94,2026-06-04 22:00:00,0.0,0
M021,95,2026-06-04 23:00:00,0.0,0
M021,96,2026-06-05 00:00:00,0.0,0
M021,97,2026-06-05 01:00:00,0.0,0
M021,98,2026-06-05 02:00:00,0.0,0
M021,99,2026-06-05 03:00:00,0.0,0
M021,100,2026-06-05 04:00:00,0.0,0
M021,101,2026-06-05 05:00:00,0.0,0
M021,102,2026-06-05 06:00:00,0.0,0
M021,103,2026-06-05 07:00:00,0.0,0
M021,104,2026-06-05 08:00:00,0.0,0
M021,105,2026-06-05 09:00:00,0.0,0
M021,106,2026-06-05 10:00:00,0.0,0
M021,107,2026-06-05 11:00:00,0.0,0
M021,108,2026-06-05 12:00:00,0.0,0
M021,109,2026-06-05 13:00:00,0.0,0
M021,110,2026-06-05 14:00:00,0.0,0
M021,111,2026-06-05 15:00:00,0.0,0
M021,112,2026-06-05 16:00:00,0.0,0
M021,113,2026-06-05 17:00:00,0.0,0
M021,114,2026-06-05 18:00:00,0.0,0
M021,115,2026-06-05 19:00:00,0.0,0
M021,116,2026-06-05 20:00:00,0.0,0
M021,117,2026-06-05 21:00:00,0.0,0
M021,118,2026-06-05 22:00:00,0.0,0
M021,119,2026-06-05 23:00:00,0.0,0
M021,120,2026-06-06 00:00:00,0.0,0
M021,121,2026-06-06 01:00:00,0.0,0
M021,122,2026-06-06 02:00:00,0.0,0
M021,123,2026-06-06 03:00:00,0.0,0
M021,124,2026-06-06 04:00:00,0.0,0
M021,125,2026-06-06 05:00:00,0.0,0
M021,126,2026-06-06 06:00:00,0.0,0
M021,127,2026-06-06 07:00:00,0.0,0
M021,128,2026-06-06 08:00:00,0.0,0
M021,129,2026-06-06 09:00:00,0.0,0
M021,130,2026-06-06 10:00:00,0.0,0
M021,131,2026-06-06 11:00:00,0.0,0
M021,132,2026-06-06 12:00:00,0.0,0
M021,133,2026-06-06 13:00:00,0.0,0
M021,134,2026-06-06 14:00:00,0.0,0
M021,135,2026-06-06 15:00:00,0.0,0
M021,136,2026-06-06 16:00:00,0.0,0
M021,137,2026-06-06 17:00:00,0.0,0
M021,138,2026-06-06 18:00:00,0.0,0
M021,139,2026-06-06 19:00:00,0.0,0
M021,140,2026-06-06 20:00:00,0.0,0
M021,141,2026-06-06 21:00:00,0.0,0
M021,142,2026-06-06 22:00:00,0.0,0
M021,143,2026-06-06 23:00:00,0.0,0
M021,144,2026-06-07 00:00:00,0.0,0
M021,145,2026-06-07 01:00:00,0.0,0
M021,146,2026-06-07 02:00:00,0.0,0
M021,147,2026-06-07 03:00:00,0.0,0
M021,148,2026-06-07 04:00:00,0.0,0
M021,149,2026-06-07 05:00:00,0.0,0
M021,150,2026-06-07 06:00:00,0.0,0
M021,151,2026-06-07 07:00:00,0.0,0
M021,152,2026-06-07 08:00:00,0.0,0
M021,153,2026-06-07 09:00:00,0.0,0
M021,154,2026-06-07 10:00:00,0.0,0
M021,155,2026-06-07 11:00:00,0.0,0
M021,156,2026-06-07 12:00:00,0.0,0
M021,157,2026-06-07 13:00:00,0.0,0
M021,158,2026-06-07 14:00:00,0.0,0
M021,159,2026-06-07 15:00:00,0.0,0
M021,160,2026-06-07 16:00:00,0.0,0
M021,161,2026-06-07 17:00:00,0.0,0
M021,162,2026-06-07 18:00:00,0.0,0
M021,163,2026-06-07 19:00:00,0.0,0
M021,164,2026-06-07 20:00:00,0.0,0
M021,165,2026-06-07 21:00:00,0.0,0
M021,166,2026-06-07 22:00:00,0.0,0
M021,167,2026-06-07 23:00:00,0.0,0
M021,168,2026-06-08 00:00:00,0.0,0
M021,169,2026-06-08 01:00:00,0.0,0
M021,170,2026-06-08 02:00:00,0.0,0
M021,171,2026-06-08 03:00:00,0.0,0
M021,172,2026-06-08 04:00:00,0.0,0
M021,173,2026-06-08 05:00:00,0.0,0
M021,174,2026-06-08 06:00:00,0.0,0
M021,175,2026-06-08 07:00:00,0.0,0
M021,176,2026-06-08 08:00:00,0.0,0
M021,177,2026-06-08 09:00:00,0.0,0
M021,178,2026-06-08 10:00:00,0.0,0
M021,179,2026-06-08 11:00:00,0.0,0
M021,180,2026-06-08 12:00:00,0.0,0
M021,181,2026-06-08 13:00:00,0.0,0
M021,182,2026-06-08 14:00:00,0.0,0
M021,183,2026-06-08 15:00:00,0.0,0
M021,184,2026-06-08 16:00:00,0.0,0
M021,185,2026-06-08 17:00:00,0.0,0
M021,186,2026-06-08 18:00:00,0.0,0
M021,187,2026-06-08 19:00:00,0.0,0
M021,188,2026-06-08 20:00:00,0.0,0
M021,189,2026-06-08 21:00:00,0.0,0
M021,190,2026-06-08 22:00:00,0.0,0
M021,191,2026-06-08 23:00:00,0.0,0
M021,192,2026-06-09 00:00:00,0.0,0
M021,193,2026-06-09 01:00:00,0.0,0
M021,194,2026-06-09 02:00:00,0.0,0
M021,195,2026-06-09 03:00:00,0.0,0
M021,196,2026-06-09 04:00:00,0.0,0
M021,197,2026-06-09 05:00:00,0.0,0
M021,198,2026-06-09 06:00:00,0.0,0
M021,199,2026-06-09 07:00:00,0.0,0
M021,200,2026-06-09 08:00:00,0.0,0
M021,201,2026-06-09 09:00:00,0.0,0
M021,202,2026-06-09 10:00:00,0.0,0
M021,203,2026-06-09 11:00:00,0.0,0
M021,204,2026-06-09 12:00:00,0.0,0
M021,205,2026-06-09 13:00:00,0.0,0
M021,206,2026-06-09 14:00:00,0.0,0
M021,207,2026-06-09 15:00:00,0.0,0
M021,208,2026-06-09 16:00:00,0.0,0
M021,209,2026-06-09 17:00:00,0.0,0
M021,210,2026-06-09 18:00:00,0.0,0
M021,211,2026-06-09 19:00:00,0.0,0
M021,212,2026-06-09 20:00:00,0.0,0
M021,213,2026-06-09 21:00:00,0.0,0
M021,214,2026-06-09 22:00:00,0.0,0
M021,215,2026-06-09 23:00:00,0.0,0
M021,216,2026-06-10 00:00:00,0.0,0
M021,217,2026-06-10 01:00:00,0.0,0
M021,218,2026-06-10 02:00:00,0.0,0
M021,219,2026-06-10 03:00:00,0.0,0
M021,220,2026-06-10 04:00:00,0.0,0
M021,221,2026-06-10 05:00:00,0.0,0
M021,222,2026-06-10 06:00:00,0.0,0
M021,223,2026-06-10 07:00:00,0.0,0
M021,224,2026-06-10 08:00:00,0.0,0
M021,225,2026-06-10 09:00:00,0.0,0
M021,226,2026-06-10 10:00:00,0.0,0
M021,227,2026-06-10 11:00:00,0.0,0
M021,228,2026-06-10 12:00:00,0.0,0
M021,229,2026-06-10 13:00:00,0.0,0
M021,230,2026-06-10 14:00:00,0.0,0
M021,231,2026-06-10 15:00:00,0.0,0
M021,232,2026-06-10 16:00:00,0.0,0
M021,233,2026-06-10 17:00:00,0.0,0
M021,234,2026-06-10 18:00:00,0.0,0
M021,235,2026-06-10 19:00:00,0.0,0
M021,236,2026-06-10 20:00:00,0.0,0
M021,237,2026-06-10 21:00:00,0.0,0
M021,238,2026-06-10 22:00:00,0.0,0
M021,239,2026-06-10 23:00:00,0.0,0
M021,240,2026-06-11 00:00:00,0.0,0
M021,241,2026-06-11 01:00:00,0.0,0
M021,242,2026-06-11 02:00:00,0.0,0
M021,243,2026-06-11 03:00:00,0.0,0
M021,244,2026-06-11 04:00:00,0.0,0
M021,245,2026-06-11 05:00:00,0.0,0
M021,246,2026-06-11 06:00:00,0.0,0
M021,247,2026-06-11 07:00:00,0.0,0
M021,248,2026-06-11 08:00:00,0.0,0
M021,249,2026-06-11 09:00:00,0.0,0
M021,250,2026-06-11 10:00:00,0.0,0
M021,251,2026-06-11 11:00:00,0.0,0
M021,252,2026-06-11 12:00:00,0.0,0
M021,253,2026-06-11 13:00:00,0.0,0
M021,254,2026-06-11 14:00:00,0.0,0
M021,255,2026-06-11 15:00:00,0.0,0
M021,256,2026-06-11 16:00:00,0.0,0
M021,257,2026-06-11 17:00:00,0.0,0
M021,258,2026-06-11 18:00:00,0.0,0
M021,259,2026-06-11 19:00:00,0.0,0
M021,260,2026-06-11 20:00:00,0.0,0
M021,261,2026-06-11 21:00:00,0.0,0
M021,262,2026-06-11 22:00:00,0.0,0
M021,263,2026-06-11 23:00:00,0.0,0
M021,264,2026-06-12 00:00:00,0.0,0
M021,265,2026-06-12 01:00:00,0.0,0
M021,266,2026-06-12 02:00:00,0.0,0
M021,267,2026-06-12 03:00:00,0.0,0
M021,268,2026-06-12 04:00:00,0.0,0
M021,269,2026-06-12 05:00:00,0.0,0
M021,270,2026-06-12 06:00:00,0.0,0
M021,271,2026-06-12 07:00:00,0.0,0
M021,272,2026-06-12 08:00:00,0.0,0
M021,273,2026-06-12 09:00:00,0.0,0
M021,274,2026-06-12 10:00:00,0.0,0
M021,275,2026-06-12 11:00:00,0.0,0
M021,276,2026-06-12 12:00:00,0.0,0
M021,277,2026-06-12 13:00:00,0.0,0
M021,278,2026-06-12 14:00:00,0.0,0
M021,279,2026-06-12 15:00:00,0.0,0
M021,280,2026-06-12 16:00:00,0.0,0
M021,281,2026-06-12 17:00:00,0.0,0
M021,282,2026-06-12 18:00:00,0.0,0
M021,283,2026-06-12 19:00:00,0.0,0
M021,284,2026-06-12 20:00:00,0.0,0
M021,285,2026-06-12 21:00:00,0.0,0
M021,286,2026-06-12 22:00:00,0.0,0
M021,287,2026-06-12 23:00:00,0.0,0
M021,288,2026-06-13 00:00:00,0.0,0
M021,289,2026-06-13 01:00:00,0.0,0
M021,290,2026-06-13 02:00:00,0.0,0
M021,291,2026-06-13 03:00:00,0.0,0
M021,292,2026-06-13 04:00:00,0.0,0
M021,293,2026-06-13 05:00:00,0.0,0
M021,294,2026-06-13 06:00:00,0.0,0
M021,295,2026-06-13 07:00:00,0.0,0
M021,296,2026-06-13 08:00:00,0.0,0
M021,297,2026-06-13 09:00:00,0.0,0
M021,298,2026-06-13 10:00:00,0.0,0
M021,299,2026-06-13 11:00:00,0.0,0
M021,300,2026-06-13 12:00:00,0.0,0
M021,301,2026-06-13 13:00:00,0.0,0
M021,302,2026-06-13 14:00:00,0.0,0
M021,303,2026-06-13 15:00:00,0.0,0
M021,304,2026-06-13 16:00:00,0.0,0
M021,305,2026-06-13 17:00:00,0.0,0
M021,306,2026-06-13 18:00:00,0.0,0
M021,307,2026-06-13 19:00:00,0.0,0
M021,308,2026-06-13 20:00:00,0.0,0
M021,309,2026-06-13 21:00:00,0.0,0
M021,310,2026-06-13 22:00:00,0.0,0
M021,311,2026-06-13 23:00:00,0.0,0
M021,312,2026-06-14 00:00:00,0.0,0
M021,313,2026-06-14 01:00:00,0.0,0
M021,314,2026-06-14 02:00:00,0.0,0
M021,315,2026-06-14 03:00:00,0.0,0
M021,316,2026-06-14 04:00:00,0.0,0
M021,317,2026-06-14 05:00:00,0.0,0
M021,318,2026-06-14 06:00:00,0.0,0
M021,319,2026-06-14 07:00:00,0.0,0
M021,320,2026-06-14 08:00:00,0.0,0
M021,321,2026-06-14 09:00:00,0.0,0
M021,322,2026-06-14 10:00:00,0.0,0
M021,323,2026-06-14 11:00:00,0.0,0
M021,324,2026-06-14 12:00:00,0.0,0
M021,325,2026-06-14 13:00:00,0.0,0
M021,326,2026-06-14 14:00:00,0.0,0
M021,327,2026-06-14 15:00:00,0.0,0
M021,328,2026-06-14 16:00:00,0.0,0
M021,329,2026-06-14 17:00:00,0.0,0
M021,330,2026-06-14 18:00:00,0.0,0
M021,331,2026-06-14 19:00:00,0.0,0
M021,332,2026-06-14 20:00:00,0.0,0
M021,333,2026-06-14 21:00:00,0.0,0
M021,334,2026-06-14 22:00:00,0.0,0
M021,335,2026-06-14 23:00:00,0.0,0
M021,336,2026-06-15 00:00:00,0.0,0
M021,337,2026-06-15 01:00:00,0.0,0
M021,338,2026-06-15 02:00:00,0.0,0
M021,339,2026-06-15 03:00:00,0.0,0
M021,340,2026-06-15 04:00:00,0.0,0
M021,341,2026-06-15 05:00:00,0.0,0
M021,342,2026-06-15 06:00:00,0.0,0
M021,343,2026-06-15 07:00:00,0.0,0
M021,344,2026-06-15 08:00:00,0.0,0
M021,345,2026-06-15 09:00:00,0.0,0
M021,346,2026-06-15 10:00:00,0.0,0
M021,347,2026-06-15 11:00:00,0.0,0
M021,348,2026-06-15 12:00:00,0.0,0
M021,349,2026-06-15 13:00:00,0.0,0
M021,350,2026-06-15 14:00:00,0.0,0
M021,351,2026-06-15 15:00:00,0.0,0
M021,352,2026-06-15 16:00:00,0.0,0
M021,353,2026-06-15 17:00:00,0.0,0
M021,354,2026-06-15 18:00:00,0.0,0
M021,355,2026-06-15 19:00:00,0.0,0
M021,356,2026-06-15 20:00:00,0.0,0
M021,357,2026-06-15 21:00:00,0.0,0
M021,358,2026-06-15 22:00:00,0.0,0
M021,359,2026-06-15 23:00:00,0.0,0
M021,360,2026-06-16 00:00:00,0.0,0
M021,361,2026-06-16 01:00:00,0.0,0
M021,362,2026-06-16 02:00:00,0.0,0
M021,363,2026-06-16 03:00:00,0.0,0
M021,364,2026-06-16 04:00:00,0.0,0
M021,365,2026-06-16 05:00:00,0.0,0
M021,366,2026-06-16 06:00:00,0.0,0
M021,367,2026-06-16 07:00:00,0.0,0
M021,368,2026-06-16 08:00:00,0.0,0
M021,369,2026-06-16 09:00:00,0.0,0
M021,370,2026-06-16 10:00:00,0.0,0
M021,371,2026-06-16 11:00:00,0.0,0
M021,372,2026-06-16 12:00:00,0.0,0
M021,373,2026-06-16 13:00:00,0.0,0
M021,374,2026-06-16 14:00:00,0.0,0
M021,375,2026-06-16 15:00:00,0.0,0
M021,376,2026-06-16 16:00:00,0.0,0
M021,377,2026-06-16 17:00:00,0.0,0
M021,378,2026-06-16 18:00:00,0.0,0
M021,379,2026-06-16 19:00:00,0.0,0
M021,380,2026-06-16 20:00:00,0.0,0
M021,381,2026-06-16 21:00:00,0.0,0
M021,382,2026-06-16 22:00:00,0.0,0
M021,383,2026-06-16 23:00:00,0.0,0
M021,384,2026-06-17 00:00:00,0.0,0
M021,385,2026-06-17 01:00:00,0.0,0
M021,386,2026-06-17 02:00:00,0.0,0
M021,387,2026-06-17 03:00:00,0.0,0
M021,388,2026-06-17 04:00:00,0.0,0
M021,389,2026-06-17 05:00:00,0.0,0
M021,390,2026-06-17 06:00:00,0.0,0
M021,391,2026-06-17 07:00:00,0.0,0
M021,392,2026-06-17 08:00:00,0.0,0
M021,393,2026-06-17 09:00:00,0.0,0
M021,394,2026-06-17 10:00:00,0.0,0
M021,395,2026-06-17 11:00:00,0.0,0
M021,396,2026-06-17 12:00:00,0.0,0
M021,397,2026-06-17 13:00:00,0.0,0
M021,398,2026-06-17 14:00:00,0.0,0
M021,399,2026-06-17 15:00:00,0.0,0
M021,400,2026-06-17 16:00:00,0.0,0
M021,401,2026-06-17 17:00:00,0.0,0
M021,402,2026-06-17 18:00:00,0.0,0
M021,403,2026-06-17 19:00:00,0.0,0
M021,404,2026-06-17 20:00:00,0.0,0
M021,405,2026-06-17 21:00:00,0.0,0
M021,406,2026-06-17 22:00:00,0.0,0
M021,407,2026-06-17 23:00:00,0.0,0
M021,408,2026-06-18 00:00:00,0.0,0
M021,409,2026-06-18 01:00:00,0.0,0
M021,410,2026-06-18 02:00:00,0.0,0
M021,411,2026-06-18 03:00:00,0.0,0
M021,412,2026-06-18 04:00:00,0.0,0
M021,413,2026-06-18 05:00:00,0.0,0
M021,414,2026-06-18 06:00:00,0.0,0
M021,415,2026-06-18 07:00:00,0.0,0
M021,416,2026-06-18 08:00:00,0.0027781116051756602,0
M021,417,2026-06-18 09:00:00,0.0,0
M021,418,2026-06-18 10:00:00,0.0,0
M021,419,2026-06-18 11:00:00,0.0,0
M021,420,2026-06-18 12:00:00,0.0,0
M021,421,2026-06-18 13:00:00,0.0,0
M021,422,2026-06-18 14:00:00,0.0,0
M021,423,2026-06-18 15:00:00,0.0,0
M021,424,2026-06-18 16:00:00,0.0,0
M021,425,2026-06-18 17:00:00,0.0,0
M021,426,2026-06-18 18:00:00,0.0,0
M021,427,2026-06-18 19:00:00,0.0,0
M021,428,2026-06-18 20:00:00,0.0,0
M021,429,2026-06-18 21:00:00,0.0,0
M021,430,2026-06-18 22:00:00,0.0,0
M021,431,2026-06-18 23:00:00,0.0,0
M021,432,2026-06-19 00:00:00,0.0,0
M021,433,2026-06-19 01:00:00,0.0,0
M021,434,2026-06-19 02:00:00,0.0,0
M021,435,2026-06-19 03:00:00,0.0,0
M021,436,2026-06-19 04:00:00,0.0,0
M021,437,2026-06-19 05:00:00,0.0,0
M021,438,2026-06-19 06:00:00,0.0,0
M021,439,2026-06-19 07:00:00,0.0,0
M021,440,2026-06-19 08:00:00,0.0,0
M021,441,2026-06-19 09:00:00,0.0,0
M021,442,2026-06-19 10:00:00,0.0,0
M021,443,2026-06-19 11:00:00,0.0,0
M021,444,2026-06-19 12:00:00,0.0,0
M021,445,2026-06-19 13:00:00,0.0,0
M021,446,2026-06-19 14:00:00,0.0,0
M021,447,2026-06-19 15:00:00,0.0,0
M021,448,2026-06-19 16:00:00,0.0,0
M021,449,2026-06-19 17:00:00,0.0,0
M021,450,2026-06-19 18:00:00,0.0,0
M021,451,2026-06-19 19:00:00,0.0,0
M021,452,2026-06-19 20:00:00,0.0,0
M021,453,2026-06-19 21:00:00,0.0,0
M021,454,2026-06-19 22:00:00,0.0,0
M021,455,2026-06-19 23:00:00,0.0,0
M021,456,2026-06-20 00:00:00,0.0,0
M021,457,2026-06-20 01:00:00,0.0,0
M021,458,2026-06-20 02:00:00,0.0,0
M021,459,2026-06-20 03:00:00,0.0,0
M021,460,2026-06-20 04:00:00,0.0,0
M021,461,2026-06-20 05:00:00,0.0,0
M021,462,2026-06-20 06:00:00,0.0,0
M021,463,2026-06-20 07:00:00,0.0,0
M021,464,2026-06-20 08:00:00,0.0,0
M021,465,2026-06-20 09:00:00,0.0,0
M021,466,2026-06-20 10:00:00,0.0,0
M021,467,2026-06-20 11:00:00,0.0,0
M021,468,2026-06-20 12:00:00,0.0,0
M021,469,2026-06-20 13:00:00,0.0,0
M021,470,2026-06-20 14:00:00,0.0,0
M021,471,2026-06-20 15:00:00,0.0,0
M021,472,2026-06-20 16:00:00,0.0,0
M021,473,2026-06-20 17:00:00,0.0,0
M021,474,2026-06-20 18:00:00,0.0,0
M021,475,2026-06-20 19:00:00,0.0,0
M021,476,2026-06-20 20:00:00,0.0,0
M021,477,2026-06-20 21:00:00,0.0,0
M021,478,2026-06-20 22:00:00,0.0,0
M021,479,2026-06-20 23:00:00,0.0,0
M021,480,2026-06-21 00:00:00,0.0,0
M021,481,2026-06-21 01:00:00,0.0,0
M021,482,2026-06-21 02:00:00,0.0,0
M021,483,2026-06-21 03:00:00,0.0,0
M021,484,2026-06-21 04:00:00,0.0,0
M021,485,2026-06-21 05:00:00,0.0,0
M021,486,2026-06-21 06:00:00,0.0,0
M021,487,2026-06-21 07:00:00,0.0,0
M021,488,2026-06-21 08:00:00,0.0,0
M021,489,2026-06-21 09:00:00,0.0,0
M021,490,2026-06-21 10:00:00,0.0,0
M021,491,2026-06-21 11:00:00,0.0,0
M021,492,2026-06-21 12:00:00,0.0,0
M021,493,2026-06-21 13:00:00,0.0,0
M021,494,2026-06-21 14:00:00,0.0,0
M021,495,2026-06-21 15:00:00,0.0,0
M021,496,2026-06-21 16:00:00,0.0,0
M021,497,2026-06-21 17:00:00,0.0,0
M021,498,2026-06-21 18:00:00,0.0,0
M021,499,2026-06-21 19:00:00,0.0,0
M021,500,2026-06-21 20:00:00,0.0,0
M021,501,2026-06-21 21:00:00,0.0,0
M021,502,2026-06-21 22:00:00,0.0,0
M021,503,2026-06-21 23:00:00,0.0,0
M021,504,2026-06-22 00:00:00,0.0,0
M021,505,2026-06-22 01:00:00,0.0,0
M021,506,2026-06-22 02:00:00,0.0,0
M021,507,2026-06-22 03:00:00,0.0,0
M021,508,2026-06-22 04:00:00,0.0,0
M021,509,2026-06-22 05:00:00,0.0,0
M021,510,2026-06-22 06:00:00,0.0,0
M021,511,2026-06-22 07:00:00,0.0,0
M021,512,2026-06-22 08:00:00,0.0,0
M021,513,2026-06-22 09:00:00,0.0,0
M021,514,2026-06-22 10:00:00,0.0,0
M021,515,2026-06-22 11:00:00,0.0,0
M021,516,2026-06-22 12:00:00,0.0,0
M021,517,2026-06-22 13:00:00,0.0,0
M021,518,2026-06-22 14:00:00,0.0,0
M021,519,2026-06-22 15:00:00,0.0,0
M021,520,2026-06-22 16:00:00,0.0,0
M021,521,2026-06-22 17:00:00,0.0,0
M021,522,2026-06-22 18:00:00,0.0,0
M021,523,2026-06-22 19:00:00,0.0,0
M021,524,2026-06-22 20:00:00,0.0,0
M021,525,2026-06-22 21:00:00,0.0,0
M021,526,2026-06-22 22:00:00,0.0,0
M021,527,2026-06-22 23:00:00,0.0,0
M021,528,2026-06-23 00:00:00,0.0,0
M021,529,2026-06-23 01:00:00,0.0,0
M021,530,2026-06-23 02:00:00,0.0,0
M021,531,2026-06-23 03:00:00,0.0,0
M021,532,2026-06-23 04:00:00,0.0,0
M021,533,2026-06-23 05:00:00,0.0,0
M021,534,2026-06-23 06:00:00,0.0,0
M021,535,2026-06-23 07:00:00,0.0,0
M021,536,2026-06-23 08:00:00,0.0,0
M021,537,2026-06-23 09:00:00,0.0,0
M021,538,2026-06-23 10:00:00,0.0,0
M021,539,2026-06-23 11:00:00,0.0,0
M021,540,2026-06-23 12:00:00,0.0,0
M021,541,2026-06-23 13:00:00,0.0,0
M021,542,2026-06-23 14:00:00,0.0,0
M021,543,2026-06-23 15:00:00,0.0,0
M021,544,2026-06-23 16:00:00,0.0,0
M021,545,2026-06-23 17:00:00,0.0,0
M021,546,2026-06-23 18:00:00,0.0,0
M021,547,2026-06-23 19:00:00,0.0,0
M021,548,2026-06-23 20:00:00,0.0,0
M021,549,2026-06-23 21:00:00,0.0,0
M021,550,2026-06-23 22:00:00,0.0,0
M021,551,2026-06-23 23:00:00,0.0,0
M021,552,2026-06-24 00:00:00,0.0,0
M021,553,2026-06-24 01:00:00,0.0,0
M021,554,2026-06-24 02:00:00,0.0,0
M021,555,2026-06-24 03:00:00,0.0,0
M021,556,2026-06-24 04:00:00,0.0,0
M021,557,2026-06-24 05:00:00,0.0,0
M021,558,2026-06-24 06:00:00,0.0,0
M021,559,2026-06-24 07:00:00,0.0,0
M021,560,2026-06-24 08:00:00,0.0,0
M021,561,2026-06-24 09:00:00,0.0,0
M021,562,2026-06-24 10:00:00,0.0,0
M021,563,2026-06-24 11:00:00,0.0,0
M021,564,2026-06-24 12:00:00,0.0,0
M021,565,2026-06-24 13:00:00,0.0,0
M021,566,2026-06-24 14:00:00,0.0,0
M021,567,2026-06-24 15:00:00,0.0,0
M021,568,2026-06-24 16:00:00,0.0,0
M021,569,2026-06-24 17:00:00,0.0,0
M021,570,2026-06-24 18:00:00,0.0,0
M021,571,2026-06-24 19:00:00,0.0,0
M021,572,2026-06-24 20:00:00,0.0,0
M021,573,2026-06-24 21:00:00,0.0,0
M021,574,2026-06-24 22:00:00,0.0,0
M021,575,2026-06-24 23:00:00,0.0,0
M021,576,2026-06-25 00:00:00,0.0,0
M021,577,2026-06-25 01:00:00,0.0,0
M021,578,2026-06-25 02:00:00,0.0030267496451577684,0
M021,579,2026-06-25 03:00:00,0.0030267496451577684,0
M021,580,2026-06-25 04:00:00,0.0030267496451577684,0
M021,581,2026-06-25 05:00:00,0.0030267496451577684,0
M021,582,2026-06-25 06:00:00,0.0030267496451577684,0
M021,583,2026-06-25 07:00:00,0.0030267496451577684,0
M021,584,2026-06-25 08:00:00,0.0,0
M021,585,2026-06-25 09:00:00,0.0,0
M021,586,2026-06-25 10:00:00,0.0,0
M021,587,2026-06-25 11:00:00,0.0,0
M021,588,2026-06-25 12:00:00,0.0,0
M021,589,2026-06-25 13:00:00,0.0,0
M021,590,2026-06-25 14:00:00,0.0,0
M021,591,2026-06-25 15:00:00,0.0,0
M021,592,2026-06-25 16:00:00,0.0,0
M021,593,2026-06-25 17:00:00,0.0,0
M021,594,2026-06-25 18:00:00,0.0,0
M021,595,2026-06-25 19:00:00,0.0,0
M021,596,2026-06-25 20:00:00,0.0,0
M021,597,2026-06-25 21:00:00,0.0,0
M021,598,2026-06-25 22:00:00,0.0,0
M021,599,2026-06-25 23:00:00,0.0,0
M021,600,2026-06-26 00:00:00,0.0,0
M021,601,2026-06-26 01:00:00,0.0,0
M021,602,2026-06-26 02:00:00,0.0,0
M021,603,2026-06-26 03:00:00,0.0,0
M021,604,2026-06-26 04:00:00,0.0,0
M021,605,2026-06-26 05:00:00,0.0,0
M021,606,2026-06-26 06:00:00,0.0,0
M021,607,2026-06-26 07:00:00,0.0,0
M021,608,2026-06-26 08:00:00,0.0,0
M021,609,2026-06-26 09:00:00,0.0,0
M021,610,2026-06-26 10:00:00,0.0,0
M021,611,2026-06-26 11:00:00,0.0,0
M021,612,2026-06-26 12:00:00,0.0,0
M021,613,2026-06-26 13:00:00,0.0,0
M021,614,2026-06-26 14:00:00,0.0,0
M021,615,2026-06-26 15:00:00,0.0,0
M021,616,2026-06-26 16:00:00,0.0,0
M021,617,2026-06-26 17:00:00,0.0,0
M021,618,2026-06-26 18:00:00,0.0,0
M021,619,2026-06-26 19:00:00,0.0,0
M021,620,2026-06-26 20:00:00,0.0,0
M021,621,2026-06-26 21:00:00,0.0,0
M021,622,2026-06-26 22:00:00,0.0,0
M021,623,2026-06-26 23:00:00,0.0,0
M021,624,2026-06-27 00:00:00,0.0,0
M021,625,2026-06-27 01:00:00,0.0,0
M021,626,2026-06-27 02:00:00,0.0,0
M021,627,2026-06-27 03:00:00,0.0,0
M021,628,2026-06-27 04:00:00,0.0,0
M021,629,2026-06-27 05:00:00,0.0,0
M021,630,2026-06-27 06:00:00,0.0,0
M021,631,2026-06-27 07:00:00,0.0,0
M021,632,2026-06-27 08:00:00,0.0,0
M021,633,2026-06-27 09:00:00,0.0,0
M021,634,2026-06-27 10:00:00,0.0,0
M021,635,2026-06-27 11:00:00,0.0,0
M021,636,2026-06-27 12:00:00,0.0,0
M021,637,2026-06-27 13:00:00,0.0,0
M021,638,2026-06-27 14:00:00,0.0,0
M021,639,2026-06-27 15:00:00,0.0,0
M021,640,2026-06-27 16:00:00,0.0,0
M021,641,2026-06-27 17:00:00,0.0,0
M021,642,2026-06-27 18:00:00,0.0,0
M021,643,2026-06-27 19:00:00,0.0,0
M021,644,2026-06-27 20:00:00,0.0,0
M021,645,2026-06-27 21:00:00,0.0,0
M021,646,2026-06-27 22:00:00,0.0,0
M021,647,2026-06-27 23:00:00,0.0,0
M021,648,2026-06-28 00:00:00,0.0,0
M021,649,2026-06-28 01:00:00,0.0,0
M021,650,2026-06-28 02:00:00,0.0,0
M021,651,2026-06-28 03:00:00,0.0,0
M021,652,2026-06-28 04:00:00,0.0,0
M021,653,2026-06-28 05:00:00,0.0,0
M021,654,2026-06-28 06:00:00,0.0,0
M021,655,2026-06-28 07:00:00,0.0,0
M021,656,2026-06-28 08:00:00,0.0,0
M021,657,2026-06-28 09:00:00,0.0,0
M021,658,2026-06-28 10:00:00,0.0027781116051756602,0
M021,659,2026-06-28 11:00:00,0.0,0
M021,660,2026-06-28 12:00:00,0.0,0
M021,661,2026-06-28 13:00:00,0.0,0
M021,662,2026-06-28 14:00:00,0.0,0
M021,663,2026-06-28 15:00:00,0.0,0
M021,664,2026-06-28 16:00:00,0.0,0
M021,665,2026-06-28 17:00:00,0.0,0
M021,666,2026-06-28 18:00:00,0.0,0
M021,667,2026-06-28 19:00:00,0.0,0
M021,668,2026-06-28 20:00:00,0.0,0
M021,669,2026-06-28 21:00:00,0.0,0
M021,670,2026-06-28 22:00:00,0.0,0
M021,671,2026-06-28 23:00:00,0.0,0
M021,672,2026-06-29 00:00:00,0.0,0
M021,673,2026-06-29 01:00:00,0.0,0
M021,674,2026-06-29 02:00:00,0.0,0
M021,675,2026-06-29 03:00:00,0.0,0
M021,676,2026-06-29 04:00:00,0.0,0
M021,677,2026-06-29 05:00:00,0.0,0
M021,678,2026-06-29 06:00:00,0.0,0
M021,679,2026-06-29 07:00:00,0.0,0
M021,680,2026-06-29 08:00:00,0.0,0
M021,681,2026-06-29 09:00:00,0.0,0
M021,682,2026-06-29 10:00:00,0.0,0
M021,683,2026-06-29 11:00:00,0.0,0
M021,684,2026-06-29 12:00:00,0.0,0
M021,685,2026-06-29 13:00:00,0.0,0
M021,686,2026-06-29 14:00:00,0.0,0
M021,687,2026-06-29 15:00:00,0.0,0
M021,688,2026-06-29 16:00:00,0.0,0
M021,689,2026-06-29 17:00:00,0.0,0
M021,690,2026-06-29 18:00:00,0.0,0
M021,691,2026-06-29 19:00:00,0.0,0
M021,692,2026-06-29 20:00:00,0.0,0
M021,693,2026-06-29 21:00:00,0.0,0
M021,694,2026-06-29 22:00:00,0.0,0
M021,695,2026-06-29 23:00:00,0.0,0
M021,696,2026-06-30 00:00:00,0.0,0
M021,697,2026-06-30 01:00:00,0.0,0
M021,698,2026-06-30 02:00:00,0.0,0
M021,699,2026-06-30 03:00:00,0.0,0
M021,700,2026-06-30 04:00:00,0.0,0
M021,701,2026-06-30 05:00:00,0.0,0
M021,702,2026-06-30 06:00:00,0.0,0
M021,703,2026-06-30 07:00:00,0.0,0
M021,704,2026-06-30 08:00:00,0.0,0
M021,705,2026-06-30 09:00:00,0.0,0
M021,706,2026-06-30 10:00:00,0.0,0
M021,707,2026-06-30 11:00:00,0.0,0
M021,708,2026-06-30 12:00:00,0.0,0
M021,709,2026-06-30 13:00:00,0.0,0
M021,710,2026-06-30 14:00:00,0.0,0
M021,711,2026-06-30 15:00:00,0.0,0
M021,712,2026-06-30 16:00:00,0.0,0
M021,713,2026-06-30 17:00:00,0.0,0
M021,714,2026-06-30 18:00:00,0.0,0
M021,715,2026-06-30 19:00:00,0.0,0
M021,716,2026-06-30 20:00:00,0.0,0
M021,717,2026-06-30 21:00:00,0.0,0
M021,718,2026-06-30 22:00:00,0.0,0
M021,719,2026-06-30 23:00:00,0.0,0
M022,23,2026-06-01 23:00:00,0.0,0
M022,24,2026-06-02 00:00:00,0.0,0
M022,25,2026-06-02 01:00:00,0.0,0
M022,26,2026-06-02 02:00:00,0.0,0
M022,27,2026-06-02 03:00:00,0.0,0
M022,28,2026-06-02 04:00:00,0.0,0
M022,29,2026-06-02 05:00:00,0.0,0
M022,30,2026-06-02 06:00:00,0.0,0
M022,31,2026-06-02 07:00:00,0.0,0
M022,32,2026-06-02 08:00:00,0.0,0
M022,33,2026-06-02 09:00:00,0.0,0
M022,34,2026-06-02 10:00:00,0.0,0
M022,35,2026-06-02 11:00:00,0.0,0
M022,36,2026-06-02 12:00:00,0.0,0
M022,37,2026-06-02 13:00:00,0.0,0
M022,38,2026-06-02 14:00:00,0.0,0
M022,39,2026-06-02 15:00:00,0.0,0
M022,40,2026-06-02 16:00:00,0.0,0
M022,41,2026-06-02 17:00:00,0.0,0
M022,42,2026-06-02 18:00:00,0.0,0
M022,43,2026-06-02 19:00:00,0.0,0
M022,44,2026-06-02 20:00:00,0.0,0
M022,45,2026-06-02 21:00:00,0.0,0
M022,46,2026-06-02 22:00:00,0.0,0
M022,47,2026-06-02 23:00:00,0.0,0
M022,48,2026-06-03 00:00:00,0.0,0
M022,49,2026-06-03 01:00:00,0.0,0
M022,50,2026-06-03 02:00:00,0.0,0
M022,51,2026-06-03 03:00:00,0.0,0
M022,52,2026-06-03 04:00:00,0.0,0
M022,53,2026-06-03 05:00:00,0.0,0
M022,54,2026-06-03 06:00:00,0.0,0
M022,55,2026-06-03 07:00:00,0.0,0
M022,56,2026-06-03 08:00:00,0.0,0
M022,57,2026-06-03 09:00:00,0.0,0
M022,58,2026-06-03 10:00:00,0.0,0
M022,59,2026-06-03 11:00:00,0.0,0
M022,60,2026-06-03 12:00:00,0.0,0
M022,61,2026-06-03 13:00:00,0.0,0
M022,62,2026-06-03 14:00:00,0.0,0
M022,63,2026-06-03 15:00:00,0.0,0
M022,64,2026-06-03 16:00:00,0.0,0
M022,65,2026-06-03 17:00:00,0.0,0
M022,66,2026-06-03 18:00:00,0.0,0
M022,67,2026-06-03 19:00:00,0.0,0
M022,68,2026-06-03 20:00:00,0.0,0
M022,69,2026-06-03 21:00:00,0.0,0
M022,70,2026-06-03 22:00:00,0.0,0
M022,71,2026-06-03 23:00:00,0.0,0
M022,72,2026-06-04 00:00:00,0.0,0
M022,73,2026-06-04 01:00:00,0.0,0
M022,74,2026-06-04 02:00:00,0.0,0
M022,75,2026-06-04 03:00:00,0.0,0
M022,76,2026-06-04 04:00:00,0.0,0
M022,77,2026-06-04 05:00:00,0.0,0
M022,78,2026-06-04 06:00:00,0.0,0
M022,79,2026-06-04 07:00:00,0.0,0
M022,80,2026-06-04 08:00:00,0.0,0
M022,81,2026-06-04 09:00:00,0.0,0
M022,82,2026-06-04 10:00:00,0.0,0
M022,83,2026-06-04 11:00:00,0.0,0
M022,84,2026-06-04 12:00:00,0.0,0
M022,85,2026-06-04 13:00:00,0.0,0
M022,86,2026-06-04 14:00:00,0.0,0
M022,87,2026-06-04 15:00:00,0.0,0
M022,88,2026-06-04 16:00:00,0.0,0
M022,89,2026-06-04 17:00:00,0.0,0
M022,90,2026-06-04 18:00:00,0.0,0
M022,91,2026-06-04 19:00:00,0.0,0
M022,92,2026-06-04 20:00:00,0.0,0
M022,93,2026-06-04 21:00:00,0.0,0
M022,94,2026-06-04 22:00:00,0.0,0
M022,95,2026-06-04 23:00:00,0.0,0
M022,96,2026-06-05 00:00:00,0.0,0
M022,97,2026-06-05 01:00:00,0.0,0
M022,98,2026-06-05 02:00:00,0.0,0
M022,99,2026-06-05 03:00:00,0.0,0
M022,100,2026-06-05 04:00:00,0.0,0
M022,101,2026-06-05 05:00:00,0.0,0
M022,102,2026-06-05 06:00:00,0.0,0
M022,103,2026-06-05 07:00:00,0.0,0
M022,104,2026-06-05 08:00:00,0.0,0
M022,105,2026-06-05 09:00:00,0.0,0
M022,106,2026-06-05 10:00:00,0.0,0
M022,107,2026-06-05 11:00:00,0.0,0
M022,108,2026-06-05 12:00:00,0.0,0
M022,109,2026-06-05 13:00:00,0.0,0
M022,110,2026-06-05 14:00:00,0.0,0
M022,111,2026-06-05 15:00:00,0.0,0
M022,112,2026-06-05 16:00:00,0.0,0
M022,113,2026-06-05 17:00:00,0.0,0
M022,114,2026-06-05 18:00:00,0.0,0
M022,115,2026-06-05 19:00:00,0.0,0
M022,116,2026-06-05 20:00:00,0.0,0
M022,117,2026-06-05 21:00:00,0.0,0
M022,118,2026-06-05 22:00:00,0.0,0
M022,119,2026-06-05 23:00:00,0.0,0
M022,120,2026-06-06 00:00:00,0.0,0
M022,121,2026-06-06 01:00:00,0.0,0
M022,122,2026-06-06 02:00:00,0.0,0
M022,123,2026-06-06 03:00:00,0.0,0
M022,124,2026-06-06 04:00:00,0.0,0
M022,125,2026-06-06 05:00:00,0.0,0
M022,126,2026-06-06 06:00:00,0.0,0
M022,127,2026-06-06 07:00:00,0.0,0
M022,128,2026-06-06 08:00:00,0.0,0
M022,129,2026-06-06 09:00:00,0.0,0
M022,130,2026-06-06 10:00:00,0.0,0
M022,131,2026-06-06 11:00:00,0.0,0
M022,132,2026-06-06 12:00:00,0.0,0
M022,133,2026-06-06 13:00:00,0.0,0
M022,134,2026-06-06 14:00:00,0.0,0
M022,135,2026-06-06 15:00:00,0.0,0
M022,136,2026-06-06 16:00:00,0.0,0
M022,137,2026-06-06 17:00:00,0.0,0
M022,138,2026-06-06 18:00:00,0.0,0
M022,139,2026-06-06 19:00:00,0.0,0
M022,140,2026-06-06 20:00:00,0.0,0
M022,141,2026-06-06 21:00:00,0.0,0
M022,142,2026-06-06 22:00:00,0.0,0
M022,143,2026-06-06 23:00:00,0.0,0
M022,144,2026-06-07 00:00:00,0.0,0
M022,145,2026-06-07 01:00:00,0.0,0
M022,146,2026-06-07 02:00:00,0.0,0
M022,147,2026-06-07 03:00:00,0.0,0
M022,148,2026-06-07 04:00:00,0.0,0
M022,149,2026-06-07 05:00:00,0.0,0
M022,150,2026-06-07 06:00:00,0.0,0
M022,151,2026-06-07 07:00:00,0.0,0
M022,152,2026-06-07 08:00:00,0.0,0
M022,153,2026-06-07 09:00:00,0.0,0
M022,154,2026-06-07 10:00:00,0.0,0
M022,155,2026-06-07 11:00:00,0.0,0
M022,156,2026-06-07 12:00:00,0.0,0
M022,157,2026-06-07 13:00:00,0.0,0
M022,158,2026-06-07 14:00:00,0.0,0
M022,159,2026-06-07 15:00:00,0.0,0
M022,160,2026-06-07 16:00:00,0.0,0
M022,161,2026-06-07 17:00:00,0.0,0
M022,162,2026-06-07 18:00:00,0.0,0
M022,163,2026-06-07 19:00:00,0.0,0
M022,164,2026-06-07 20:00:00,0.0,0
M022,165,2026-06-07 21:00:00,0.0,0
M022,166,2026-06-07 22:00:00,0.0,0
M022,167,2026-06-07 23:00:00,0.0,0
M022,168,2026-06-08 00:00:00,0.0,0
M022,169,2026-06-08 01:00:00,0.0,0
M022,170,2026-06-08 02:00:00,0.0,0
M022,171,2026-06-08 03:00:00,0.0,0
M022,172,2026-06-08 04:00:00,0.0,0
M022,173,2026-06-08 05:00:00,0.0,0
M022,174,2026-06-08 06:00:00,0.0,0
M022,175,2026-06-08 07:00:00,0.0,0
M022,176,2026-06-08 08:00:00,0.0,0
M022,177,2026-06-08 09:00:00,0.0,0
M022,178,2026-06-08 10:00:00,0.0,0
M022,179,2026-06-08 11:00:00,0.0,0
M022,180,2026-06-08 12:00:00,0.0,0
M022,181,2026-06-08 13:00:00,0.0,0
M022,182,2026-06-08 14:00:00,0.0,0
M022,183,2026-06-08 15:00:00,0.0,0
M022,184,2026-06-08 16:00:00,0.0,0
M022,185,2026-06-08 17:00:00,0.0,0
M022,186,2026-06-08 18:00:00,0.0,0
M022,187,2026-06-08 19:00:00,0.0,0
M022,188,2026-06-08 20:00:00,0.0,0
M022,189,2026-06-08 21:00:00,0.0,0
M022,190,2026-06-08 22:00:00,0.0,0
M022,191,2026-06-08 23:00:00,0.0,0
M022,192,2026-06-09 00:00:00,0.0,0
M022,193,2026-06-09 01:00:00,0.0,0
M022,194,2026-06-09 02:00:00,0.0,0
M022,195,2026-06-09 03:00:00,0.0,0
M022,196,2026-06-09 04:00:00,0.0,0
M022,197,2026-06-09 05:00:00,0.0,0
M022,198,2026-06-09 06:00:00,0.0,0
M022,199,2026-06-09 07:00:00,0.0,0
M022,200,2026-06-09 08:00:00,0.0,0
M022,201,2026-06-09 09:00:00,0.0,0
M022,202,2026-06-09 10:00:00,0.0,0
M022,203,2026-06-09 11:00:00,0.0,0
M022,204,2026-06-09 12:00:00,0.0,0
M022,205,2026-06-09 13:00:00,0.0,0
M022,206,2026-06-09 14:00:00,0.0,0
M022,207,2026-06-09 15:00:00,0.0,0
M022,208,2026-06-09 16:00:00,0.0,0
M022,209,2026-06-09 17:00:00,0.0,0
M022,210,2026-06-09 18:00:00,0.0,0
M022,211,2026-06-09 19:00:00,0.0,0
M022,212,2026-06-09 20:00:00,0.0,0
M022,213,2026-06-09 21:00:00,0.0,0
M022,214,2026-06-09 22:00:00,0.0,0
M022,215,2026-06-09 23:00:00,0.0,0
M022,216,2026-06-10 00:00:00,0.0,0
M022,217,2026-06-10 01:00:00,0.0,0
M022,218,2026-06-10 02:00:00,0.0,0
M022,219,2026-06-10 03:00:00,0.0,0
M022,220,2026-06-10 04:00:00,0.0,0
M022,221,2026-06-10 05:00:00,0.0,0
M022,222,2026-06-10 06:00:00,0.0,0
M022,223,2026-06-10 07:00:00,0.0,0
M022,224,2026-06-10 08:00:00,0.0,0
M022,225,2026-06-10 09:00:00,0.0,0
M022,226,2026-06-10 10:00:00,0.0,0
M022,227,2026-06-10 11:00:00,0.0,0
M022,228,2026-06-10 12:00:00,0.0,0
M022,229,2026-06-10 13:00:00,0.0,0
M022,230,2026-06-10 14:00:00,0.0,0
M022,231,2026-06-10 15:00:00,0.0,0
M022,232,2026-06-10 16:00:00,0.0,0
M022,233,2026-06-10 17:00:00,0.0,0
M022,234,2026-06-10 18:00:00,0.0,0
M022,235,2026-06-10 19:00:00,0.0,0
M022,236,2026-06-10 20:00:00,0.0,0
M022,237,2026-06-10 21:00:00,0.0,0
M022,238,2026-06-10 22:00:00,0.0,0
M022,239,2026-06-10 23:00:00,0.0,0
M022,240,2026-06-11 00:00:00,0.0,0
M022,241,2026-06-11 01:00:00,0.0,0
M022,242,2026-06-11 02:00:00,0.0,0
M022,243,2026-06-11 03:00:00,0.0,0
M022,244,2026-06-11 04:00:00,0.0,0
M022,245,2026-06-11 05:00:00,0.0,0
M022,246,2026-06-11 06:00:00,0.0,0
M022,247,2026-06-11 07:00:00,0.0,0
M022,248,2026-06-11 08:00:00,0.0,0
M022,249,2026-06-11 09:00:00,0.0,0
M022,250,2026-06-11 10:00:00,0.0,0
M022,251,2026-06-11 11:00:00,0.0,0
M022,252,2026-06-11 12:00:00,0.0,0
M022,253,2026-06-11 13:00:00,0.0,0
M022,254,2026-06-11 14:00:00,0.0,0
M022,255,2026-06-11 15:00:00,0.0,0
M022,256,2026-06-11 16:00:00,0.006666666666666667,0
M022,257,2026-06-11 17:00:00,0.006666666666666667,0
M022,258,2026-06-11 18:00:00,0.0,0
M022,259,2026-06-11 19:00:00,0.0,0
M022,260,2026-06-11 20:00:00,0.0,0
M022,261,2026-06-11 21:00:00,0.0,0
M022,262,2026-06-11 22:00:00,0.0,0
M022,263,2026-06-11 23:00:00,0.0,0
M022,264,2026-06-12 00:00:00,0.0,0
M022,265,2026-06-12 01:00:00,0.0,0
M022,266,2026-06-12 02:00:00,0.0,0
M022,267,2026-06-12 03:00:00,0.0,0
M022,268,2026-06-12 04:00:00,0.0,0
M022,269,2026-06-12 05:00:00,0.0,0
M022,270,2026-06-12 06:00:00,0.0,0
M022,271,2026-06-12 07:00:00,0.0,0
M022,272,2026-06-12 08:00:00,0.0,0
M022,273,2026-06-12 09:00:00,0.0,0
M022,274,2026-06-12 10:00:00,0.0,0
M022,275,2026-06-12 11:00:00,0.0,0
M022,276,2026-06-12 12:00:00,0.0,0
M022,277,2026-06-12 13:00:00,0.0,0
M022,278,2026-06-12 14:00:00,0.0,0
M022,279,2026-06-12 15:00:00,0.0,0
M022,280,2026-06-12 16:00:00,0.0,0
M022,281,2026-06-12 17:00:00,0.0,0
M022,282,2026-06-12 18:00:00,0.0,0
M022,283,2026-06-12 19:00:00,0.0,0
M022,284,2026-06-12 20:00:00,0.0,0
M022,285,2026-06-12 21:00:00,0.0,0
M022,286,2026-06-12 22:00:00,0.0,0
M022,287,2026-06-12 23:00:00,0.0,0
M022,288,2026-06-13 00:00:00,0.0,0
M022,289,2026-06-13 01:00:00,0.0,0
M022,290,2026-06-13 02:00:00,0.0,0
M022,291,2026-06-13 03:00:00,0.0,0
M022,292,2026-06-13 04:00:00,0.0,0
M022,293,2026-06-13 05:00:00,0.0,0
M022,294,2026-06-13 06:00:00,0.0,0
M022,295,2026-06-13 07:00:00,0.0,0
M022,296,2026-06-13 08:00:00,0.0,0
M022,297,2026-06-13 09:00:00,0.0,0
M022,298,2026-06-13 10:00:00,0.003201317261811583,0
M022,299,2026-06-13 11:00:00,0.006356573733692376,0
M022,300,2026-06-13 12:00:00,0.008892678124866044,0
M022,301,2026-06-13 13:00:00,0.006356573733692376,0
M022,302,2026-06-13 14:00:00,0.021452158545890415,0
M022,303,2026-06-13 15:00:00,0.003201317261811583,0
M022,304,2026-06-13 16:00:00,0.003201317261811583,0
M022,305,2026-06-13 17:00:00,0.003201317261811583,0
M022,306,2026-06-13 18:00:00,0.003201317261811583,0
M022,307,2026-06-13 19:00:00,0.003201317261811583,0
M022,308,2026-06-13 20:00:00,0.003201317261811583,0
M022,309,2026-06-13 21:00:00,0.003201317261811583,0
M022,310,2026-06-13 22:00:00,0.003201317261811583,0
M022,311,2026-06-13 23:00:00,0.015518790468833962,0
M022,312,2026-06-14 00:00:00,0.005801034376380183,0
M022,313,2026-06-14 01:00:00,0.003201317261811583,0
M022,314,2026-06-14 02:00:00,0.003201317261811583,0
M022,315,2026-06-14 03:00:00,0.0,0
M022,316,2026-06-14 04:00:00,0.0,0
M022,317,2026-06-14 05:00:00,0.0,0
M022,318,2026-06-14 06:00:00,0.0,0
M022,319,2026-06-14 07:00:00,0.0,0
M022,320,2026-06-14 08:00:00,0.0,0
M022,321,2026-06-14 09:00:00,0.0,0
M022,322,2026-06-14 10:00:00,0.0,0
M022,323,2026-06-14 11:00:00,0.0,0
M022,324,2026-06-14 12:00:00,0.0,0
M022,325,2026-06-14 13:00:00,0.0,0
M022,326,2026-06-14 14:00:00,0.0,0
M022,327,2026-06-14 15:00:00,0.0,0
M022,328,2026-06-14 16:00:00,0.0,0
M022,329,2026-06-14 17:00:00,0.0,0
M022,330,2026-06-14 18:00:00,0.0,0
M022,331,2026-06-14 19:00:00,0.0,0
M022,332,2026-06-14 20:00:00,0.0,0
M022,333,2026-06-14 21:00:00,0.0,0
M022,334,2026-06-14 22:00:00,0.0,0
M022,335,2026-06-14 23:00:00,0.0,0
M022,336,2026-06-15 00:00:00,0.0027475060609673694,0
M022,337,2026-06-15 01:00:00,0.0027475060609673694,0
M022,338,2026-06-15 02:00:00,0.0027475060609673694,0
M022,339,2026-06-15 03:00:00,0.0027475060609673694,0
M022,340,2026-06-15 04:00:00,0.0027475060609673694,0
M022,341,2026-06-15 05:00:00,0.0027475060609673694,0
M022,342,2026-06-15 06:00:00,0.0027475060609673694,0
M022,343,2026-06-15 07:00:00,0.0027475060609673694,0
M022,344,2026-06-15 08:00:00,0.0027475060609673694,0
M022,345,2026-06-15 09:00:00,0.0027475060609673694,0
M022,346,2026-06-15 10:00:00,0.0060808393943007025,0
M022,347,2026-06-15 11:00:00,0.0060808393943007025,0
M022,348,2026-06-15 12:00:00,0.009414172727634037,0
M022,349,2026-06-15 13:00:00,0.0060808393943007025,0
M022,350,2026-06-15 14:00:00,0.0060808393943007025,0
M022,351,2026-06-15 15:00:00,0.0027475060609673694,0
M022,352,2026-06-15 16:00:00,0.0060808393943007025,0
M022,353,2026-06-15 17:00:00,0.0027475060609673694,0
M022,354,2026-06-15 18:00:00,0.0027475060609673694,0
M022,355,2026-06-15 19:00:00,0.0027475060609673694,0
M022,356,2026-06-15 20:00:00,0.0027475060609673694,0
M022,357,2026-06-15 21:00:00,0.003203960028749623,0
M022,358,2026-06-15 22:00:00,0.003203960028749623,0
M022,359,2026-06-15 23:00:00,0.003203960028749623,0
M022,360,2026-06-16 00:00:00,0.0,0
M022,361,2026-06-16 01:00:00,0.0,0
M022,362,2026-06-16 02:00:00,0.0,0
M022,363,2026-06-16 03:00:00,0.0,0
M022,364,2026-06-16 04:00:00,0.0,0
M022,365,2026-06-16 05:00:00,0.0,0
M022,366,2026-06-16 06:00:00,0.0,0
M022,367,2026-06-16 07:00:00,0.0,0
M022,368,2026-06-16 08:00:00,0.0,0
M022,369,2026-06-16 09:00:00,0.0,0
M022,370,2026-06-16 10:00:00,0.0033333333333333335,0
M022,371,2026-06-16 11:00:00,0.0,0
M022,372,2026-06-16 12:00:00,0.0033333333333333335,0
M022,373,2026-06-16 13:00:00,0.0033333333333333335,0
M022,374,2026-06-16 14:00:00,0.0033333333333333335,0
M022,375,2026-06-16 15:00:00,0.0033333333333333335,0
M022,376,2026-06-16 16:00:00,0.005869437724507001,0
M022,377,2026-06-16 17:00:00,0.0033333333333333335,0
M022,378,2026-06-16 18:00:00,0.0033333333333333335,0
M022,379,2026-06-16 19:00:00,0.0033333333333333335,0
M022,380,2026-06-16 20:00:00,0.0033333333333333335,0
M022,381,2026-06-16 21:00:00,0.0033333333333333335,0
M022,382,2026-06-16 22:00:00,0.0033333333333333335,0
M022,383,2026-06-16 23:00:00,0.0033333333333333335,0
M022,384,2026-06-17 00:00:00,0.0033333333333333335,0
M022,385,2026-06-17 01:00:00,0.0033333333333333335,0
M022,386,2026-06-17 02:00:00,0.0033333333333333335,0
M022,387,2026-06-17 03:00:00,0.0033333333333333335,0
M022,388,2026-06-17 04:00:00,0.0033333333333333335,0
M022,389,2026-06-17 05:00:00,0.0033333333333333335,0
M022,390,2026-06-17 06:00:00,0.0033333333333333335,0
M022,391,2026-06-17 07:00:00,0.0033333333333333335,0
M022,392,2026-06-17 08:00:00,0.0033333333333333335,0
M022,393,2026-06-17 09:00:00,0.0033333333333333335,0
M022,394,2026-06-17 10:00:00,0.0033333333333333335,0
M022,395,2026-06-17 11:00:00,0.0033333333333333335,0
M022,396,2026-06-17 12:00:00,0.0033333333333333335,0
M022,397,2026-06-17 13:00:00,0.0033333333333333335,0
M022,398,2026-06-17 14:00:00,0.0033333333333333335,0
M022,399,2026-06-17 15:00:00,0.0033333333333333335,0
M022,400,2026-06-17 16:00:00,0.0033333333333333335,0
M022,401,2026-06-17 17:00:00,0.0033333333333333335,0
M022,402,2026-06-17 18:00:00,0.0,0
M022,403,2026-06-17 19:00:00,0.0,0
M022,404,2026-06-17 20:00:00,0.0,0
M022,405,2026-06-17 21:00:00,0.0,0
M022,406,2026-06-17 22:00:00,0.0,0
M022,407,2026-06-17 23:00:00,0.0,0
M022,408,2026-06-18 00:00:00,0.0,0
M022,409,2026-06-18 01:00:00,0.006189087814928917,0
M022,410,2026-06-18 02:00:00,0.006189087814928917,0
M022,411,2026-06-18 03:00:00,0.009303590944290887,0
M022,412,2026-06-18 04:00:00,0.00952242114826225,0
M022,413,2026-06-18 05:00:00,0.006189087814928917,0
M022,414,2026-06-18 06:00:00,0.00952242114826225,0
M022,415,2026-06-18 07:00:00,0.0031735677172743705,0
M022,416,2026-06-18 08:00:00,0.006506901050607704,0
M022,417,2026-06-18 09:00:00,0.0031735677172743705,0
M022,418,2026-06-18 10:00:00,0.0031735677172743705,0
M022,419,2026-06-18 11:00:00,0.0031735677172743705,0
M022,420,2026-06-18 12:00:00,0.008887130965368544,0
M022,421,2026-06-18 13:00:00,0.0031735677172743705,0
M022,422,2026-06-18 14:00:00,0.009621404179969673,0
M022,423,2026-06-18 15:00:00,0.006506901050607704,0
M022,424,2026-06-18 16:00:00,0.006506901050607704,0
M022,425,2026-06-18 17:00:00,0.006506901050607704,0
M022,426,2026-06-18 18:00:00,0.006506901050607704,0
M022,427,2026-06-18 19:00:00,0.006506901050607704,0
M022,428,2026-06-18 20:00:00,0.006506901050607704,0
M022,429,2026-06-18 21:00:00,0.0031735677172743705,0
M022,430,2026-06-18 22:00:00,0.006351026574194877,0
M022,431,2026-06-18 23:00:00,0.0031735677172743705,0
M022,432,2026-06-19 00:00:00,0.0031735677172743705,0
M022,433,2026-06-19 01:00:00,0.0033333333333333335,0
M022,434,2026-06-19 02:00:00,0.03103641496500707,0
M022,435,2026-06-19 03:00:00,0.025387567402190874,0
M022,436,2026-06-19 04:00:00,0.02223231093031008,0
M022,437,2026-06-19 05:00:00,0.031239936973966664,0
M022,438,2026-06-19 06:00:00,0.03435444010332863,0
M022,439,2026-06-19 07:00:00,0.07845948702195277,0
M022,440,2026-06-19 08:00:00,0.072909622490844,0
M022,441,2026-06-19 09:00:00,0.06957628915751066,0
M022,442,2026-06-19 10:00:00,0.04047682659917042,0
M022,443,2026-06-19 11:00:00,0.03985591456074385,0
M022,444,2026-06-19 12:00:00,0.02506916040443133,0
M022,445,2026-06-19 13:00:00,0.019216790832655536,0
M022,446,2026-06-19 14:00:00,0.019216790832655536,0
M022,447,2026-06-19 15:00:00,0.019216790832655536,0
M022,448,2026-06-19 16:00:00,0.019216790832655536,0
M022,449,2026-06-19 17:00:00,0.019216790832655536,0
M022,450,2026-06-19 18:00:00,0.019216790832655536,0
M022,451,2026-06-19 19:00:00,0.016204590396925685,0
M022,452,2026-06-19 20:00:00,0.018804307511494284,0
M022,453,2026-06-19 21:00:00,0.009669939801780767,0
M022,454,2026-06-19 22:00:00,0.009669939801780767,0
M022,455,2026-06-19 23:00:00,0.016204590396925685,0
M022,456,2026-06-20 00:00:00,0.019359846868806478,0
M022,457,2026-06-20 01:00:00,0.016204590396925685,0
M022,458,2026-06-20 02:00:00,0.013031022679651312,0
M022,459,2026-06-20 03:00:00,0.016186279151532108,0
M022,460,2026-06-20 04:00:00,0.016186279151532108,0
M022,461,2026-06-20 05:00:00,0.029347610660903013,0
M022,462,2026-06-20 06:00:00,0.03934761066090301,0
M022,463,2026-06-20 07:00:00,0.016186279151532108,0
M022,464,2026-06-20 08:00:00,0.016186279151532108,0
M022,465,2026-06-20 09:00:00,0.013031022679651312,0
M022,466,2026-06-20 10:00:00,0.013031022679651312,0
M022,467,2026-06-20 11:00:00,0.013031022679651312,0
M022,468,2026-06-20 12:00:00,0.006496372084506397,0
M022,469,2026-06-20 13:00:00,0.006496372084506397,0
M022,470,2026-06-20 14:00:00,0.006496372084506397,0
M022,471,2026-06-20 15:00:00,0.006496372084506397,0
M022,472,2026-06-20 16:00:00,0.006496372084506397,0
M022,473,2026-06-20 17:00:00,0.006496372084506397,0
M022,474,2026-06-20 18:00:00,0.003163038751173064,0
M022,475,2026-06-20 19:00:00,0.003163038751173064,0
M022,476,2026-06-20 20:00:00,0.006496372084506397,0
M022,477,2026-06-20 21:00:00,0.006496372084506397,0
M022,478,2026-06-20 22:00:00,0.006496372084506397,0
M022,479,2026-06-20 23:00:00,0.006496372084506397,0
M022,480,2026-06-21 00:00:00,0.006496372084506397,0
M022,481,2026-06-21 01:00:00,0.006496372084506397,0
M022,482,2026-06-21 02:00:00,0.006496372084506397,0
M022,483,2026-06-21 03:00:00,0.006496372084506397,0
M022,484,2026-06-21 04:00:00,0.006496372084506397,0
M022,485,2026-06-21 05:00:00,0.006496372084506397,0
M022,486,2026-06-21 06:00:00,0.006496372084506397,0
M022,487,2026-06-21 07:00:00,0.006496372084506397,0
M022,488,2026-06-21 08:00:00,0.006496372084506397,0
M022,489,2026-06-21 09:00:00,0.006496372084506397,0
M022,490,2026-06-21 10:00:00,0.006496372084506397,0
M022,491,2026-06-21 11:00:00,0.006496372084506397,0
M022,492,2026-06-21 12:00:00,0.003163038751173064,0
M022,493,2026-06-21 13:00:00,0.006277541880535034,0
M022,494,2026-06-21 14:00:00,0.003163038751173064,0
M022,495,2026-06-21 15:00:00,0.003163038751173064,0
M022,496,2026-06-21 16:00:00,0.003163038751173064,0
M022,497,2026-06-21 17:00:00,0.003163038751173064,0
M022,498,2026-06-21 18:00:00,0.003163038751173064,0
M022,499,2026-06-21 19:00:00,0.003163038751173064,0
M022,500,2026-06-21 20:00:00,0.006330655313694523,0
M022,501,2026-06-21 21:00:00,0.006330655313694523,0
M022,502,2026-06-21 22:00:00,0.006330655313694523,0
M022,503,2026-06-21 23:00:00,0.006330655313694523,0
M022,504,2026-06-22 00:00:00,0.006330655313694523,0
M022,505,2026-06-22 01:00:00,0.006330655313694523,0
M022,506,2026-06-22 02:00:00,0.0059629953987253,0
M022,507,2026-06-22 03:00:00,0.00871050145969267,0
M022,508,2026-06-22 04:00:00,0.00871050145969267,0
M022,509,2026-06-22 05:00:00,0.00871050145969267,0
M022,510,2026-06-22 06:00:00,0.00871050145969267,0
M022,511,2026-06-22 07:00:00,0.04284220824785645,0
M022,512,2026-06-22 08:00:00,0.018543640236043695,0
M022,513,2026-06-22 09:00:00,0.01898643576448103,0
M022,514,2026-06-22 10:00:00,0.01264799817149424,0
M022,515,2026-06-22 11:00:00,0.05752241564945513,0
M022,516,2026-06-22 12:00:00,0.03730329056528596,0
M022,517,2026-06-22 13:00:00,0.06826178793967082,0
M022,518,2026-06-22 14:00:00,0.04976770833872074,0
M022,519,2026-06-22 15:00:00,0.04469542546487017,0
M022,520,2026-06-22 16:00:00,0.0651095758235427,0
M022,521,2026-06-22 17:00:00,0.03886190976423128,0
M022,522,2026-06-22 18:00:00,0.047326701598939015,0
M022,523,2026-06-22 19:00:00,0.04362455659668162,0
M022,524,2026-06-22 20:00:00,0.07315452126840653,0
M022,525,2026-06-22 21:00:00,0.07660286385443249,0
M022,526,2026-06-22 22:00:00,0.06940100883950327,0
M022,527,2026-06-22 23:00:00,0.07696297359666779,0
M022,528,2026-06-23 00:00:00,0.06442673393336973,0
M022,529,2026-06-23 01:00:00,0.05794903974635601,0
M022,530,2026-06-23 02:00:00,0.07918123085903903,0
M022,531,2026-06-23 03:00:00,0.07180462939857568,0
M022,532,2026-06-23 04:00:00,0.0697151656027828,0
M022,533,2026-06-23 05:00:00,0.06355571577695927,0
M022,534,2026-06-23 06:00:00,0.05981712501549857,0
M022,535,2026-06-23 07:00:00,0.051836622783479044,0
M022,536,2026-06-23 08:00:00,0.052325944979445434,0
M022,537,2026-06-23 09:00:00,0.045926559645203535,0
M022,538,2026-06-23 10:00:00,0.02981341076936061,0
M022,539,2026-06-23 11:00:00,0.027575155832245096,0
M022,540,2026-06-23 12:00:00,0.023912909565039733,0
M022,541,2026-06-23 13:00:00,0.026291800172947653,0
M022,542,2026-06-23 14:00:00,0.04593590512844013,0
M022,543,2026-06-23 15:00:00,0.08491023473139618,0
M022,544,2026-06-23 16:00:00,0.08456092523911095,0
M022,545,2026-06-23 17:00:00,0.08288382948026257,0
M022,546,2026-06-23 18:00:00,0.12803595836723985,0
M022,547,2026-06-23 19:00:00,0.1465422179276049,0
M022,548,2026-06-23 20:00:00,0.12823183843785926,0
M022,549,2026-06-23 21:00:00,0.12293137495973423,0
M022,550,2026-06-23 22:00:00,0.16568224413140767,0
M022,551,2026-06-23 23:00:00,0.18906117914681148,0
M022,552,2026-06-24 00:00:00,0.20448218805787274,0
M022,553,2026-06-24 01:00:00,0.24959681369622752,0
M022,554,2026-06-24 02:00:00,0.23722102517202528,0
M022,555,2026-06-24 03:00:00,0.36643597443488446,0
M022,556,2026-06-24 04:00:00,0.5303178138753789,0
M022,557,2026-06-24 05:00:00,0.5383128358185651,0
M022,558,2026-06-24 06:00:00,0.5460678106204981,0
M022,559,2026-06-24 07:00:00,0.537693186774283,0
M022,560,2026-06-24 08:00:00,0.597680955941901,0
M022,561,2026-06-24 09:00:00,0.6628163070563096,0
M022,562,2026-06-24 10:00:00,0.6627747743698645,0
M022,563,2026-06-24 11:00:00,0.5933551630692494,0
M022,564,2026-06-24 12:00:00,0.6078360149138771,0
M022,565,2026-06-24 13:00:00,0.7498339719746381,0
M022,566,2026-06-24 14:00:00,0.7693887464786207,0
M022,567,2026-06-24 15:00:00,0.7430015960930978,0
M022,568,2026-06-24 16:00:00,0.7791306584392007,0
M022,569,2026-06-24 17:00:00,0.7770386994780835,0
M022,570,2026-06-24 18:00:00,0.806549098847155,0
M022,571,2026-06-24 19:00:00,0.8391389062684259,0
M022,572,2026-06-24 20:00:00,0.5393816366577706,0
M022,573,2026-06-24 21:00:00,0.7298426629679114,0
M022,574,2026-06-24 22:00:00,0.731305005974208,0
M022,575,2026-06-24 23:00:00,0.7509936401334121,0
M022,576,2026-06-25 00:00:00,0.7479119409837002,0
M022,577,2026-06-25 01:00:00,0.7739860157163129,0
M022,578,2026-06-25 02:00:00,0.9166863322119579,0
M022,579,2026-06-25 03:00:00,0.9401117841457023,0
M022,580,2026-06-25 04:00:00,0.9374744163133217,0
M022,581,2026-06-25 05:00:00,0.9366707382417271,0
M022,582,2026-06-25 06:00:00,0.9410267932846197,0
M022,583,2026-06-25 07:00:00,0.9413967956574057,0
M022,584,2026-06-25 08:00:00,0.9390353157144858,0
M022,585,2026-06-25 09:00:00,0.9282560777617664,0
M022,586,2026-06-25 10:00:00,0.9271479315229965,0
M022,587,2026-06-25 11:00:00,0.8799770862134491,0
M022,588,2026-06-25 12:00:00,0.8903111233675338,0
M022,589,2026-06-25 13:00:00,0.9859946807159525,0
M022,590,2026-06-25 14:00:00,0.9862069312897942,0
M022,591,2026-06-25 15:00:00,0.9857055228822383,1
M022,592,2026-06-25 16:00:00,0.9862069312897942,1
M022,593,2026-06-25 17:00:00,0.9826937242209347,1
M022,594,2026-06-25 18:00:00,0.9862069312897942,1
M022,595,2026-06-25 19:00:00,0.9862069312897942,1
M022,596,2026-06-25 20:00:00,0.9862069312897942,1
M022,597,2026-06-25 21:00:00,0.9779392731036834,1
M022,598,2026-06-25 22:00:00,0.9863187873683137,1
M022,599,2026-06-25 23:00:00,0.9863187873683137,1
M022,600,2026-06-26 00:00:00,0.9863187873683137,1
M022,601,2026-06-26 01:00:00,0.9863187873683137,1
M022,602,2026-06-26 02:00:00,0.9863187873683137,1
M022,603,2026-06-26 03:00:00,0.9863187873683137,1
M022,604,2026-06-26 04:00:00,0.9863187873683137,1
M022,605,2026-06-26 05:00:00,0.9849632127884077,1
M022,606,2026-06-26 06:00:00,0.9863187873683137,1
M022,607,2026-06-26 07:00:00,0.9863187873683137,1
M022,608,2026-06-26 08:00:00,0.9863187873683137,1
M022,609,2026-06-26 09:00:00,0.9863187873683137,1
M022,610,2026-06-26 10:00:00,0.9863187873683137,1
M022,611,2026-06-26 11:00:00,0.9863187873683137,1
M022,612,2026-06-26 12:00:00,0.9862069312897942,1
M022,613,2026-06-26 13:00:00,0.9863187873683137,1
M022,614,2026-06-26 14:00:00,0.9862069312897942,1
M022,615,2026-06-26 15:00:00,0.9863187873683137,1
M022,616,2026-06-26 16:00:00,0.9863187873683137,1
M022,617,2026-06-26 17:00:00,0.9863187873683137,1
M022,618,2026-06-26 18:00:00,0.9797684292571773,1
M022,619,2026-06-26 19:00:00,0.9863187873683137,1
M022,620,2026-06-26 20:00:00,0.9863187873683137,1
M022,621,2026-06-26 21:00:00,0.9797540390709615,1
M022,622,2026-06-26 22:00:00,0.9797540390709615,1
M022,623,2026-06-26 23:00:00,0.9797540390709615,1
M022,624,2026-06-27 00:00:00,0.9862279695887328,1
M022,625,2026-06-27 01:00:00,0.9862279695887328,1
M022,626,2026-06-27 02:00:00,0.9829328854714466,1
M022,627,2026-06-27 03:00:00,0.9829328854714466,1
M022,628,2026-06-27 04:00:00,0.9862662188047799,1
M022,629,2026-06-27 05:00:00,0.9829328854714466,1
M022,630,2026-06-27 06:00:00,0.9857131015078401,1
M022,631,2026-06-27 07:00:00,0.9857131015078401,1
M022,632,2026-06-27 08:00:00,0.9857131015078401,1
M022,633,2026-06-27 09:00:00,0.9857131015078401,1
M022,634,2026-06-27 10:00:00,0.9852808881454415,1
M022,635,2026-06-27 11:00:00,0.7525443024358377,1
M022,636,2026-06-27 12:00:00,0.7480023783028331,1
M022,637,2026-06-27 13:00:00,0.6673816364006293,1
M022,638,2026-06-27 14:00:00,0.4436362499225099,1
M022,639,2026-06-27 15:00:00,0.41194325129427645,0
M022,640,2026-06-27 16:00:00,0.30374704950638565,0
M022,641,2026-06-27 17:00:00,0.30913233521730105,0
M022,642,2026-06-27 18:00:00,0.21703957506923643,0
M022,643,2026-06-27 19:00:00,0.2664026477444245,0
M022,644,2026-06-27 20:00:00,0.22252694151337793,0
M022,645,2026-06-27 21:00:00,0.282588651588496,0
M022,646,2026-06-27 22:00:00,0.27962702293459074,0
M022,647,2026-06-27 23:00:00,0.2823878308256907,0
M022,648,2026-06-28 00:00:00,0.28292065321014576,0
M022,649,2026-06-28 01:00:00,0.28292065321014576,0
M022,650,2026-06-28 02:00:00,0.2770517529394333,0
M022,651,2026-06-28 03:00:00,0.2733282733180342,0
M022,652,2026-06-28 04:00:00,0.276497721005095,0
M022,653,2026-06-28 05:00:00,0.25633637737616494,0
M022,654,2026-06-28 06:00:00,0.24960649244710373,0
M023,23,2026-06-01 23:00:00,0.0,0
M023,24,2026-06-02 00:00:00,0.0,0
M023,25,2026-06-02 01:00:00,0.0,0
M023,26,2026-06-02 02:00:00,0.0,0
M023,27,2026-06-02 03:00:00,0.0,0
M023,28,2026-06-02 04:00:00,0.0,0
M023,29,2026-06-02 05:00:00,0.0,0
M023,30,2026-06-02 06:00:00,0.0,0
M023,31,2026-06-02 07:00:00,0.0,0
M023,32,2026-06-02 08:00:00,0.0,0
M023,33,2026-06-02 09:00:00,0.0,0
M023,34,2026-06-02 10:00:00,0.0,0
M023,35,2026-06-02 11:00:00,0.0,0
M023,36,2026-06-02 12:00:00,0.0,0
M023,37,2026-06-02 13:00:00,0.0,0
M023,38,2026-06-02 14:00:00,0.0,0
M023,39,2026-06-02 15:00:00,0.0,0
M023,40,2026-06-02 16:00:00,0.0,0
M023,41,2026-06-02 17:00:00,0.0,0
M023,42,2026-06-02 18:00:00,0.0,0
M023,43,2026-06-02 19:00:00,0.0,0
M023,44,2026-06-02 20:00:00,0.0,0
M023,45,2026-06-02 21:00:00,0.0,0
M023,46,2026-06-02 22:00:00,0.0026263374954862495,0
M023,47,2026-06-02 23:00:00,0.0,0
M023,48,2026-06-03 00:00:00,0.0,0
M023,49,2026-06-03 01:00:00,0.0,0
M023,50,2026-06-03 02:00:00,0.0,0
M023,51,2026-06-03 03:00:00,0.0,0
M023,52,2026-06-03 04:00:00,0.0,0
M023,53,2026-06-03 05:00:00,0.0,0
M023,54,2026-06-03 06:00:00,0.0,0
M023,55,2026-06-03 07:00:00,0.0,0
M023,56,2026-06-03 08:00:00,0.0,0
M023,57,2026-06-03 09:00:00,0.0,0
M023,58,2026-06-03 10:00:00,0.0,0
M023,59,2026-06-03 11:00:00,0.0,0
M023,60,2026-06-03 12:00:00,0.0,0
M023,61,2026-06-03 13:00:00,0.0,0
M023,62,2026-06-03 14:00:00,0.0,0
M023,63,2026-06-03 15:00:00,0.0,0
M023,64,2026-06-03 16:00:00,0.0,0
M023,65,2026-06-03 17:00:00,0.0,0
M023,66,2026-06-03 18:00:00,0.0,0
M023,67,2026-06-03 19:00:00,0.0,0
M023,68,2026-06-03 20:00:00,0.0,0
M023,69,2026-06-03 21:00:00,0.0,0
M023,70,2026-06-03 22:00:00,0.0,0
M023,71,2026-06-03 23:00:00,0.0,0
M023,72,2026-06-04 00:00:00,0.0,0
M023,73,2026-06-04 01:00:00,0.0,0
M023,74,2026-06-04 02:00:00,0.0,0
M023,75,2026-06-04 03:00:00,0.0,0
M023,76,2026-06-04 04:00:00,0.0,0
M023,77,2026-06-04 05:00:00,0.0,0
M023,78,2026-06-04 06:00:00,0.0,0
M023,79,2026-06-04 07:00:00,0.0,0
M023,80,2026-06-04 08:00:00,0.0,0
M023,81,2026-06-04 09:00:00,0.0,0
M023,82,2026-06-04 10:00:00,0.0,0
M023,83,2026-06-04 11:00:00,0.0,0
M023,84,2026-06-04 12:00:00,0.0,0
M023,85,2026-06-04 13:00:00,0.0,0
M023,86,2026-06-04 14:00:00,0.0,0
M023,87,2026-06-04 15:00:00,0.0,0
M023,88,2026-06-04 16:00:00,0.0,0
M023,89,2026-06-04 17:00:00,0.0,0
M023,90,2026-06-04 18:00:00,0.0,0
M023,91,2026-06-04 19:00:00,0.0,0
M023,92,2026-06-04 20:00:00,0.0,0
M023,93,2026-06-04 21:00:00,0.0,0
M023,94,2026-06-04 22:00:00,0.0,0
M023,95,2026-06-04 23:00:00,0.0,0
M023,96,2026-06-05 00:00:00,0.0,0
M023,97,2026-06-05 01:00:00,0.0,0
M023,98,2026-06-05 02:00:00,0.0,0
M023,99,2026-06-05 03:00:00,0.0,0
M023,100,2026-06-05 04:00:00,0.0,0
M023,101,2026-06-05 05:00:00,0.0,0
M023,102,2026-06-05 06:00:00,0.0,0
M023,103,2026-06-05 07:00:00,0.0,0
M023,104,2026-06-05 08:00:00,0.0,0
M023,105,2026-06-05 09:00:00,0.0,0
M023,106,2026-06-05 10:00:00,0.0,0
M023,107,2026-06-05 11:00:00,0.0,0
M023,108,2026-06-05 12:00:00,0.0,0
M023,109,2026-06-05 13:00:00,0.0,0
M023,110,2026-06-05 14:00:00,0.0,0
M023,111,2026-06-05 15:00:00,0.0,0
M023,112,2026-06-05 16:00:00,0.0,0
M023,113,2026-06-05 17:00:00,0.0,0
M023,114,2026-06-05 18:00:00,0.0,0
M023,115,2026-06-05 19:00:00,0.0,0
M023,116,2026-06-05 20:00:00,0.0,0
M023,117,2026-06-05 21:00:00,0.0,0
M023,118,2026-06-05 22:00:00,0.0,0
M023,119,2026-06-05 23:00:00,0.0,0
M023,120,2026-06-06 00:00:00,0.0,0
M023,121,2026-06-06 01:00:00,0.0,0
M023,122,2026-06-06 02:00:00,0.0,0
M023,123,2026-06-06 03:00:00,0.0,0
M023,124,2026-06-06 04:00:00,0.0,0
M023,125,2026-06-06 05:00:00,0.0,0
M023,126,2026-06-06 06:00:00,0.0,0
M023,127,2026-06-06 07:00:00,0.0,0
M023,128,2026-06-06 08:00:00,0.0,0
M023,129,2026-06-06 09:00:00,0.0,0
M023,130,2026-06-06 10:00:00,0.0,0
M023,131,2026-06-06 11:00:00,0.0,0
M023,132,2026-06-06 12:00:00,0.0,0
M023,133,2026-06-06 13:00:00,0.0,0
M023,134,2026-06-06 14:00:00,0.0,0
M023,135,2026-06-06 15:00:00,0.0,0
M023,136,2026-06-06 16:00:00,0.0,0
M023,137,2026-06-06 17:00:00,0.0,0
M023,138,2026-06-06 18:00:00,0.0,0
M023,139,2026-06-06 19:00:00,0.0,0
M023,140,2026-06-06 20:00:00,0.0,0
M023,141,2026-06-06 21:00:00,0.0,0
M023,142,2026-06-06 22:00:00,0.0,0
M023,143,2026-06-06 23:00:00,0.0,0
M023,144,2026-06-07 00:00:00,0.0,0
M023,145,2026-06-07 01:00:00,0.0,0
M023,146,2026-06-07 02:00:00,0.0,0
M023,147,2026-06-07 03:00:00,0.0,0
M023,148,2026-06-07 04:00:00,0.0,0
M023,149,2026-06-07 05:00:00,0.0,0
M023,150,2026-06-07 06:00:00,0.0,0
M023,151,2026-06-07 07:00:00,0.0,0
M023,152,2026-06-07 08:00:00,0.0,0
M023,153,2026-06-07 09:00:00,0.0,0
M023,154,2026-06-07 10:00:00,0.0,0
M023,155,2026-06-07 11:00:00,0.0,0
M023,156,2026-06-07 12:00:00,0.0,0
M023,157,2026-06-07 13:00:00,0.0,0
M023,158,2026-06-07 14:00:00,0.0,0
M023,159,2026-06-07 15:00:00,0.0,0
M023,160,2026-06-07 16:00:00,0.0,0
M023,161,2026-06-07 17:00:00,0.0,0
M023,162,2026-06-07 18:00:00,0.0,0
M023,163,2026-06-07 19:00:00,0.0,0
M023,164,2026-06-07 20:00:00,0.0,0
M023,165,2026-06-07 21:00:00,0.0,0
M023,166,2026-06-07 22:00:00,0.0,0
M023,167,2026-06-07 23:00:00,0.0,0
M023,168,2026-06-08 00:00:00,0.0,0
M023,169,2026-06-08 01:00:00,0.0,0
M023,170,2026-06-08 02:00:00,0.0,0
M023,171,2026-06-08 03:00:00,0.0,0
M023,172,2026-06-08 04:00:00,0.0,0
M023,173,2026-06-08 05:00:00,0.0,0
M023,174,2026-06-08 06:00:00,0.0,0
M023,175,2026-06-08 07:00:00,0.0,0
M023,176,2026-06-08 08:00:00,0.0,0
M023,177,2026-06-08 09:00:00,0.0,0
M023,178,2026-06-08 10:00:00,0.0,0
M023,179,2026-06-08 11:00:00,0.0,0
M023,180,2026-06-08 12:00:00,0.0,0
M023,181,2026-06-08 13:00:00,0.0,0
M023,182,2026-06-08 14:00:00,0.0,0
M023,183,2026-06-08 15:00:00,0.0,0
M023,184,2026-06-08 16:00:00,0.0,0
M023,185,2026-06-08 17:00:00,0.0,0
M023,186,2026-06-08 18:00:00,0.0,0
M023,187,2026-06-08 19:00:00,0.0,0
M023,188,2026-06-08 20:00:00,0.0,0
M023,189,2026-06-08 21:00:00,0.0,0
M023,190,2026-06-08 22:00:00,0.0,0
M023,191,2026-06-08 23:00:00,0.0,0
M023,192,2026-06-09 00:00:00,0.0,0
M023,193,2026-06-09 01:00:00,0.0,0
M023,194,2026-06-09 02:00:00,0.0,0
M023,195,2026-06-09 03:00:00,0.0,0
M023,196,2026-06-09 04:00:00,0.0,0
M023,197,2026-06-09 05:00:00,0.0,0
M023,198,2026-06-09 06:00:00,0.0,0
M023,199,2026-06-09 07:00:00,0.0,0
M023,200,2026-06-09 08:00:00,0.0,0
M023,201,2026-06-09 09:00:00,0.0,0
M023,202,2026-06-09 10:00:00,0.0,0
M023,203,2026-06-09 11:00:00,0.0,0
M023,204,2026-06-09 12:00:00,0.0,0
M023,205,2026-06-09 13:00:00,0.0,0
M023,206,2026-06-09 14:00:00,0.0,0
M023,207,2026-06-09 15:00:00,0.0,0
M023,208,2026-06-09 16:00:00,0.0,0
M023,209,2026-06-09 17:00:00,0.0,0
M023,210,2026-06-09 18:00:00,0.0,0
M023,211,2026-06-09 19:00:00,0.0,0
M023,212,2026-06-09 20:00:00,0.0,0
M023,213,2026-06-09 21:00:00,0.0,0
M023,214,2026-06-09 22:00:00,0.0,0
M023,215,2026-06-09 23:00:00,0.0,0
M023,216,2026-06-10 00:00:00,0.0,0
M023,217,2026-06-10 01:00:00,0.0,0
M023,218,2026-06-10 02:00:00,0.0,0
M023,219,2026-06-10 03:00:00,0.0,0
M023,220,2026-06-10 04:00:00,0.0,0
M023,221,2026-06-10 05:00:00,0.0,0
M023,222,2026-06-10 06:00:00,0.0,0
M023,223,2026-06-10 07:00:00,0.0,0
M023,224,2026-06-10 08:00:00,0.0,0
M023,225,2026-06-10 09:00:00,0.0,0
M023,226,2026-06-10 10:00:00,0.0,0
M023,227,2026-06-10 11:00:00,0.0,0
M023,228,2026-06-10 12:00:00,0.0,0
M023,229,2026-06-10 13:00:00,0.0,0
M023,230,2026-06-10 14:00:00,0.0,0
M023,231,2026-06-10 15:00:00,0.0025997171145686,0
M023,232,2026-06-10 16:00:00,0.0,0
M023,233,2026-06-10 17:00:00,0.0,0
M023,234,2026-06-10 18:00:00,0.0,0
M023,235,2026-06-10 19:00:00,0.0,0
M023,236,2026-06-10 20:00:00,0.0,0
M023,237,2026-06-10 21:00:00,0.0,0
M023,238,2026-06-10 22:00:00,0.0,0
M023,239,2026-06-10 23:00:00,0.0,0
M023,240,2026-06-11 00:00:00,0.0,0
M023,241,2026-06-11 01:00:00,0.0,0
M023,242,2026-06-11 02:00:00,0.0,0
M023,243,2026-06-11 03:00:00,0.0,0
M023,244,2026-06-11 04:00:00,0.0,0
M023,245,2026-06-11 05:00:00,0.0,0
M023,246,2026-06-11 06:00:00,0.0,0
M023,247,2026-06-11 07:00:00,0.0,0
M023,248,2026-06-11 08:00:00,0.0,0
M023,249,2026-06-11 09:00:00,0.0,0
M023,250,2026-06-11 10:00:00,0.0,0
M023,251,2026-06-11 11:00:00,0.0,0
M023,252,2026-06-11 12:00:00,0.0,0
M023,253,2026-06-11 13:00:00,0.0,0
M023,254,2026-06-11 14:00:00,0.0,0
M023,255,2026-06-11 15:00:00,0.0,0
M023,256,2026-06-11 16:00:00,0.0,0
M023,257,2026-06-11 17:00:00,0.0,0
M023,258,2026-06-11 18:00:00,0.0,0
M023,259,2026-06-11 19:00:00,0.0,0
M023,260,2026-06-11 20:00:00,0.0,0
M023,261,2026-06-11 21:00:00,0.0,0
M023,262,2026-06-11 22:00:00,0.0,0
M023,263,2026-06-11 23:00:00,0.0,0
M023,264,2026-06-12 00:00:00,0.0,0
M023,265,2026-06-12 01:00:00,0.0,0
M023,266,2026-06-12 02:00:00,0.0,0
M023,267,2026-06-12 03:00:00,0.0,0
M023,268,2026-06-12 04:00:00,0.0,0
M023,269,2026-06-12 05:00:00,0.0,0
M023,270,2026-06-12 06:00:00,0.0,0
M023,271,2026-06-12 07:00:00,0.0,0
M023,272,2026-06-12 08:00:00,0.0,0
M023,273,2026-06-12 09:00:00,0.0,0
M023,274,2026-06-12 10:00:00,0.0,0
M023,275,2026-06-12 11:00:00,0.0,0
M023,276,2026-06-12 12:00:00,0.0,0
M023,277,2026-06-12 13:00:00,0.0,0
M023,278,2026-06-12 14:00:00,0.0,0
M023,279,2026-06-12 15:00:00,0.0,0
M023,280,2026-06-12 16:00:00,0.0,0
M023,281,2026-06-12 17:00:00,0.0,0
M023,282,2026-06-12 18:00:00,0.0,0
M023,283,2026-06-12 19:00:00,0.0,0
M023,284,2026-06-12 20:00:00,0.0,0
M023,285,2026-06-12 21:00:00,0.0,0
M023,286,2026-06-12 22:00:00,0.0,0
M023,287,2026-06-12 23:00:00,0.0,0
M023,288,2026-06-13 00:00:00,0.0,0
M023,289,2026-06-13 01:00:00,0.0,0
M023,290,2026-06-13 02:00:00,0.0,0
M023,291,2026-06-13 03:00:00,0.0,0
M023,292,2026-06-13 04:00:00,0.0,0
M023,293,2026-06-13 05:00:00,0.0,0
M023,294,2026-06-13 06:00:00,0.0,0
M023,295,2026-06-13 07:00:00,0.0,0
M023,296,2026-06-13 08:00:00,0.0,0
M023,297,2026-06-13 09:00:00,0.0,0
M023,298,2026-06-13 10:00:00,0.0,0
M023,299,2026-06-13 11:00:00,0.0,0
M023,300,2026-06-13 12:00:00,0.0,0
M023,301,2026-06-13 13:00:00,0.0,0
M023,302,2026-06-13 14:00:00,0.0,0
M023,303,2026-06-13 15:00:00,0.0,0
M023,304,2026-06-13 16:00:00,0.0,0
M023,305,2026-06-13 17:00:00,0.0,0
M023,306,2026-06-13 18:00:00,0.0,0
M023,307,2026-06-13 19:00:00,0.0,0
M023,308,2026-06-13 20:00:00,0.0,0
M023,309,2026-06-13 21:00:00,0.0,0
M023,310,2026-06-13 22:00:00,0.0,0
M023,311,2026-06-13 23:00:00,0.0,0
M023,312,2026-06-14 00:00:00,0.0,0
M023,313,2026-06-14 01:00:00,0.0,0
M023,314,2026-06-14 02:00:00,0.0,0
M023,315,2026-06-14 03:00:00,0.0,0
M023,316,2026-06-14 04:00:00,0.0,0
M023,317,2026-06-14 05:00:00,0.0,0
M023,318,2026-06-14 06:00:00,0.0,0
M023,319,2026-06-14 07:00:00,0.002947296678487375,0
M023,320,2026-06-14 08:00:00,0.0,0
M023,321,2026-06-14 09:00:00,0.0,0
M023,322,2026-06-14 10:00:00,0.0,0
M023,323,2026-06-14 11:00:00,0.0,0
M023,324,2026-06-14 12:00:00,0.0,0
M023,325,2026-06-14 13:00:00,0.0,0
M023,326,2026-06-14 14:00:00,0.0,0
M023,327,2026-06-14 15:00:00,0.0,0
M023,328,2026-06-14 16:00:00,0.0,0
M023,329,2026-06-14 17:00:00,0.0,0
M023,330,2026-06-14 18:00:00,0.0,0
M023,331,2026-06-14 19:00:00,0.0,0
M023,332,2026-06-14 20:00:00,0.0,0
M023,333,2026-06-14 21:00:00,0.0,0
M023,334,2026-06-14 22:00:00,0.0,0
M023,335,2026-06-14 23:00:00,0.0,0
M023,336,2026-06-15 00:00:00,0.0,0
M023,337,2026-06-15 01:00:00,0.0,0
M023,338,2026-06-15 02:00:00,0.0,0
M023,339,2026-06-15 03:00:00,0.0,0
M023,340,2026-06-15 04:00:00,0.0,0
M023,341,2026-06-15 05:00:00,0.0,0
M023,342,2026-06-15 06:00:00,0.0,0
M023,343,2026-06-15 07:00:00,0.0,0
M023,344,2026-06-15 08:00:00,0.0,0
M023,345,2026-06-15 09:00:00,0.0,0
M023,346,2026-06-15 10:00:00,0.0,0
M023,347,2026-06-15 11:00:00,0.0,0
M023,348,2026-06-15 12:00:00,0.0,0
M023,349,2026-06-15 13:00:00,0.0,0
M023,350,2026-06-15 14:00:00,0.0,0
M023,351,2026-06-15 15:00:00,0.0,0
M023,352,2026-06-15 16:00:00,0.0,0
M023,353,2026-06-15 17:00:00,0.0,0
M023,354,2026-06-15 18:00:00,0.0,0
M023,355,2026-06-15 19:00:00,0.0,0
M023,356,2026-06-15 20:00:00,0.0,0
M023,357,2026-06-15 21:00:00,0.0,0
M023,358,2026-06-15 22:00:00,0.0,0
M023,359,2026-06-15 23:00:00,0.0,0
M023,360,2026-06-16 00:00:00,0.0,0
M023,361,2026-06-16 01:00:00,0.0,0
M023,362,2026-06-16 02:00:00,0.0,0
M023,363,2026-06-16 03:00:00,0.0,0
M023,364,2026-06-16 04:00:00,0.0,0
M023,365,2026-06-16 05:00:00,0.0,0
M023,366,2026-06-16 06:00:00,0.0,0
M023,367,2026-06-16 07:00:00,0.0,0
M023,368,2026-06-16 08:00:00,0.0,0
M023,369,2026-06-16 09:00:00,0.0,0
M023,370,2026-06-16 10:00:00,0.0,0
M023,371,2026-06-16 11:00:00,0.0,0
M023,372,2026-06-16 12:00:00,0.0,0
M023,373,2026-06-16 13:00:00,0.0,0
M023,374,2026-06-16 14:00:00,0.0,0
M023,375,2026-06-16 15:00:00,0.0,0
M023,376,2026-06-16 16:00:00,0.0,0
M023,377,2026-06-16 17:00:00,0.0,0
M023,378,2026-06-16 18:00:00,0.0,0
M023,379,2026-06-16 19:00:00,0.0,0
M023,380,2026-06-16 20:00:00,0.0,0
M023,381,2026-06-16 21:00:00,0.0,0
M023,382,2026-06-16 22:00:00,0.0,0
M023,383,2026-06-16 23:00:00,0.0,0
M023,384,2026-06-17 00:00:00,0.0,0
M023,385,2026-06-17 01:00:00,0.0,0
M023,386,2026-06-17 02:00:00,0.0,0
M023,387,2026-06-17 03:00:00,0.0,0
M023,388,2026-06-17 04:00:00,0.0,0
M023,389,2026-06-17 05:00:00,0.0,0
M023,390,2026-06-17 06:00:00,0.0,0
M023,391,2026-06-17 07:00:00,0.0,0
M023,392,2026-06-17 08:00:00,0.0,0
M023,393,2026-06-17 09:00:00,0.0,0
M023,394,2026-06-17 10:00:00,0.0,0
M023,395,2026-06-17 11:00:00,0.0,0
M023,396,2026-06-17 12:00:00,0.0,0
M023,397,2026-06-17 13:00:00,0.0,0
M023,398,2026-06-17 14:00:00,0.0,0
M023,399,2026-06-17 15:00:00,0.0,0
M023,400,2026-06-17 16:00:00,0.0,0
M023,401,2026-06-17 17:00:00,0.0,0
M023,402,2026-06-17 18:00:00,0.0,0
M023,403,2026-06-17 19:00:00,0.0,0
M023,404,2026-06-17 20:00:00,0.020571619373319142,0
M023,405,2026-06-17 21:00:00,0.011101567972878257,0
M023,406,2026-06-17 22:00:00,0.011101567972878257,0
M023,407,2026-06-17 23:00:00,0.011101567972878257,0
M023,408,2026-06-18 00:00:00,0.02545422947880863,0
M023,409,2026-06-18 01:00:00,0.019570019991580874,0
M023,410,2026-06-18 02:00:00,0.005218525336785788,0
M023,411,2026-06-18 03:00:00,0.005218525336785788,0
M023,412,2026-06-18 04:00:00,0.010358416138476632,0
M023,413,2026-06-18 05:00:00,0.005218525336785788,0
M023,414,2026-06-18 06:00:00,0.0032214671383355054,0
M023,415,2026-06-18 07:00:00,0.0032214671383355054,0
M023,416,2026-06-18 08:00:00,0.0,0
M023,417,2026-06-18 09:00:00,0.0032189420748742776,0
M023,418,2026-06-18 10:00:00,0.0,0
M023,419,2026-06-18 11:00:00,0.0032189420748742776,0
M023,420,2026-06-18 12:00:00,0.0032189420748742776,0
M023,421,2026-06-18 13:00:00,0.0032189420748742776,0
M023,422,2026-06-18 14:00:00,0.0,0
M023,423,2026-06-18 15:00:00,0.0032189420748742776,0
M023,424,2026-06-18 16:00:00,0.0062394481830767195,0
M023,425,2026-06-18 17:00:00,0.0032189420748742776,0
M023,426,2026-06-18 18:00:00,0.0032189420748742776,0
M023,427,2026-06-18 19:00:00,0.0,0
M023,428,2026-06-18 20:00:00,0.0,0
M023,429,2026-06-18 21:00:00,0.0,0
M023,430,2026-06-18 22:00:00,0.0,0
M023,431,2026-06-18 23:00:00,0.0,0
M023,432,2026-06-19 00:00:00,0.0,0
M023,433,2026-06-19 01:00:00,0.0,0
M023,434,2026-06-19 02:00:00,0.0,0
M023,435,2026-06-19 03:00:00,0.0,0
M023,436,2026-06-19 04:00:00,0.002087452414270452,0
M023,437,2026-06-19 05:00:00,0.0,0
M023,438,2026-06-19 06:00:00,0.0,0
M023,439,2026-06-19 07:00:00,0.002361999283777562,0
M023,440,2026-06-19 08:00:00,0.0,0
M023,441,2026-06-19 09:00:00,0.0,0
M023,442,2026-06-19 10:00:00,0.0,0
M023,443,2026-06-19 11:00:00,0.0,0
M023,444,2026-06-19 12:00:00,0.0,0
M023,445,2026-06-19 13:00:00,0.0,0
M023,446,2026-06-19 14:00:00,0.0,0
M023,447,2026-06-19 15:00:00,0.0,0
M023,448,2026-06-19 16:00:00,0.0,0
M023,449,2026-06-19 17:00:00,0.0,0
M023,450,2026-06-19 18:00:00,0.005247270408194294,0
M023,451,2026-06-19 19:00:00,0.0,0
M023,452,2026-06-19 20:00:00,0.0,0
M023,453,2026-06-19 21:00:00,0.0,0
M023,454,2026-06-19 22:00:00,0.0,0
M023,455,2026-06-19 23:00:00,0.0030205061082024423,0
M023,456,2026-06-20 00:00:00,0.0,0
M023,457,2026-06-20 01:00:00,0.007242624346512291,0
M023,458,2026-06-20 02:00:00,0.0,0
M023,459,2026-06-20 03:00:00,0.0,0
M023,460,2026-06-20 04:00:00,0.0,0
M023,461,2026-06-20 05:00:00,0.0,0
M023,462,2026-06-20 06:00:00,0.0024465058750773034,0
M023,463,2026-06-20 07:00:00,0.0,0
M023,464,2026-06-20 08:00:00,0.0,0
M023,465,2026-06-20 09:00:00,0.0,0
M023,466,2026-06-20 10:00:00,0.0024465058750773034,0
M023,467,2026-06-20 11:00:00,0.0,0
M023,468,2026-06-20 12:00:00,0.0,0
M023,469,2026-06-20 13:00:00,0.0,0
M023,470,2026-06-20 14:00:00,0.0024465058750773034,0
M023,471,2026-06-20 15:00:00,0.0,0
M023,472,2026-06-20 16:00:00,0.0,0
M023,473,2026-06-20 17:00:00,0.0,0
M023,474,2026-06-20 18:00:00,0.0,0
M023,475,2026-06-20 19:00:00,0.0,0
M023,476,2026-06-20 20:00:00,0.002943830747291573,0
M023,477,2026-06-20 21:00:00,0.0,0
M023,478,2026-06-20 22:00:00,0.0,0
M023,479,2026-06-20 23:00:00,0.0,0
M023,480,2026-06-21 00:00:00,0.0,0
M023,481,2026-06-21 01:00:00,0.0,0
M023,482,2026-06-21 02:00:00,0.0,0
M023,483,2026-06-21 03:00:00,0.0,0
M023,484,2026-06-21 04:00:00,0.0,0
M023,485,2026-06-21 05:00:00,0.0,0
M023,486,2026-06-21 06:00:00,0.0,0
M023,487,2026-06-21 07:00:00,0.0,0
M023,488,2026-06-21 08:00:00,0.0,0
M023,489,2026-06-21 09:00:00,0.0,0
M023,490,2026-06-21 10:00:00,0.0,0
M023,491,2026-06-21 11:00:00,0.0,0
M023,492,2026-06-21 12:00:00,0.0,0
M023,493,2026-06-21 13:00:00,0.0,0
M023,494,2026-06-21 14:00:00,0.0,0
M023,495,2026-06-21 15:00:00,0.0,0
M023,496,2026-06-21 16:00:00,0.0,0
M023,497,2026-06-21 17:00:00,0.0,0
M023,498,2026-06-21 18:00:00,0.0,0
M023,499,2026-06-21 19:00:00,0.0,0
M023,500,2026-06-21 20:00:00,0.0,0
M023,501,2026-06-21 21:00:00,0.0,0
M023,502,2026-06-21 22:00:00,0.003092421957893561,0
M023,503,2026-06-21 23:00:00,0.0,0
M023,504,2026-06-22 00:00:00,0.0,0
M023,505,2026-06-22 01:00:00,0.0,0
M023,506,2026-06-22 02:00:00,0.0,0
M023,507,2026-06-22 03:00:00,0.0,0
M023,508,2026-06-22 04:00:00,0.0,0
M023,509,2026-06-22 05:00:00,0.0,0
M023,510,2026-06-22 06:00:00,0.0,0
M023,511,2026-06-22 07:00:00,0.0,0
M023,512,2026-06-22 08:00:00,0.0,0
M023,513,2026-06-22 09:00:00,0.0,0
M023,514,2026-06-22 10:00:00,0.0,0
M023,515,2026-06-22 11:00:00,0.0,0
M023,516,2026-06-22 12:00:00,0.0,0
M023,517,2026-06-22 13:00:00,0.0,0
M023,518,2026-06-22 14:00:00,0.0,0
M023,519,2026-06-22 15:00:00,0.0,0
M023,520,2026-06-22 16:00:00,0.0,0
M023,521,2026-06-22 17:00:00,0.0,0
M023,522,2026-06-22 18:00:00,0.0,0
M023,523,2026-06-22 19:00:00,0.0,0
M023,524,2026-06-22 20:00:00,0.0,0
M023,525,2026-06-22 21:00:00,0.0,0
M023,526,2026-06-22 22:00:00,0.0,0
M023,527,2026-06-22 23:00:00,0.0,0
M023,528,2026-06-23 00:00:00,0.0,0
M023,529,2026-06-23 01:00:00,0.0,0
M023,530,2026-06-23 02:00:00,0.0,0
M023,531,2026-06-23 03:00:00,0.0,0
M023,532,2026-06-23 04:00:00,0.0,0
M023,533,2026-06-23 05:00:00,0.0,0
M023,534,2026-06-23 06:00:00,0.0,0
M023,535,2026-06-23 07:00:00,0.0,0
M023,536,2026-06-23 08:00:00,0.0,0
M023,537,2026-06-23 09:00:00,0.0,0
M023,538,2026-06-23 10:00:00,0.0,0
M023,539,2026-06-23 11:00:00,0.0,0
M023,540,2026-06-23 12:00:00,0.0,0
M023,541,2026-06-23 13:00:00,0.0,0
M023,542,2026-06-23 14:00:00,0.0,0
M023,543,2026-06-23 15:00:00,0.0,0
M023,544,2026-06-23 16:00:00,0.0,0
M023,545,2026-06-23 17:00:00,0.0,0
M023,546,2026-06-23 18:00:00,0.0,0
M023,547,2026-06-23 19:00:00,0.0,0
M023,548,2026-06-23 20:00:00,0.0,0
M023,549,2026-06-23 21:00:00,0.0,0
M023,550,2026-06-23 22:00:00,0.0,0
M023,551,2026-06-23 23:00:00,0.0,0
M023,552,2026-06-24 00:00:00,0.0,0
M023,553,2026-06-24 01:00:00,0.0,0
M023,554,2026-06-24 02:00:00,0.0,0
M023,555,2026-06-24 03:00:00,0.0,0
M023,556,2026-06-24 04:00:00,0.0,0
M023,557,2026-06-24 05:00:00,0.0,0
M023,558,2026-06-24 06:00:00,0.0,0
M023,559,2026-06-24 07:00:00,0.0,0
M023,560,2026-06-24 08:00:00,0.0,0
M023,561,2026-06-24 09:00:00,0.0,0
M023,562,2026-06-24 10:00:00,0.0,0
M023,563,2026-06-24 11:00:00,0.0,0
M023,564,2026-06-24 12:00:00,0.0,0
M023,565,2026-06-24 13:00:00,0.0,0
M023,566,2026-06-24 14:00:00,0.0,0
M023,567,2026-06-24 15:00:00,0.0,0
M023,568,2026-06-24 16:00:00,0.0,0
M023,569,2026-06-24 17:00:00,0.0,0
M023,570,2026-06-24 18:00:00,0.0,0
M023,571,2026-06-24 19:00:00,0.0,0
M023,572,2026-06-24 20:00:00,0.0,0
M023,573,2026-06-24 21:00:00,0.0,0
M023,574,2026-06-24 22:00:00,0.0,0
M023,575,2026-06-24 23:00:00,0.0,0
M023,576,2026-06-25 00:00:00,0.0,0
M023,577,2026-06-25 01:00:00,0.0,0
M023,578,2026-06-25 02:00:00,0.0030163505559189013,0
M023,579,2026-06-25 03:00:00,0.0030163505559189013,0
M023,580,2026-06-25 04:00:00,0.0030163505559189013,0
M023,581,2026-06-25 05:00:00,0.0,0
M023,582,2026-06-25 06:00:00,0.00277811160517566,0
M023,583,2026-06-25 07:00:00,0.0051431628154335616,0
M023,584,2026-06-25 08:00:00,0.004658881330953639,0
M023,585,2026-06-25 09:00:00,0.010129151808398938,0
M023,586,2026-06-25 10:00:00,0.005544744425970411,0
M023,587,2026-06-25 11:00:00,0.005544744425970411,0
M023,588,2026-06-25 12:00:00,0.005544744425970411,0
M023,589,2026-06-25 13:00:00,0.005544744425970411,0
M023,590,2026-06-25 14:00:00,0.005877992862327983,0
M023,591,2026-06-25 15:00:00,0.0026988816411696454,0
M023,592,2026-06-25 16:00:00,0.0025997171145686,0
M023,593,2026-06-25 17:00:00,0.0,0
M023,594,2026-06-25 18:00:00,0.0,0
M023,595,2026-06-25 19:00:00,0.0025997171145686,0
M023,596,2026-06-25 20:00:00,0.0,0
M023,597,2026-06-25 21:00:00,0.0,0
M023,598,2026-06-25 22:00:00,0.0025997171145686,0
M023,599,2026-06-25 23:00:00,0.0,0
M023,600,2026-06-26 00:00:00,0.0,0
M023,601,2026-06-26 01:00:00,0.0,0
M023,602,2026-06-26 02:00:00,0.0030205061082024423,0
M023,603,2026-06-26 03:00:00,0.0,0
M023,604,2026-06-26 04:00:00,0.0,0
M023,605,2026-06-26 05:00:00,0.0,0
M023,606,2026-06-26 06:00:00,0.0,0
M023,607,2026-06-26 07:00:00,0.0,0
M023,608,2026-06-26 08:00:00,0.0,0
M023,609,2026-06-26 09:00:00,0.0,0
M023,610,2026-06-26 10:00:00,0.0,0
M023,611,2026-06-26 11:00:00,0.0,0
M023,612,2026-06-26 12:00:00,0.0,0
M023,613,2026-06-26 13:00:00,0.002087452414270452,0
M023,614,2026-06-26 14:00:00,0.0,0
M023,615,2026-06-26 15:00:00,0.0,0
M023,616,2026-06-26 16:00:00,0.0,0
M023,617,2026-06-26 17:00:00,0.0,0
M023,618,2026-06-26 18:00:00,0.0,0
M023,619,2026-06-26 19:00:00,0.0,0
M023,620,2026-06-26 20:00:00,0.0,0
M023,621,2026-06-26 21:00:00,0.0,0
M023,622,2026-06-26 22:00:00,0.0,0
M023,623,2026-06-26 23:00:00,0.0,0
M023,624,2026-06-27 00:00:00,0.0,0
M023,625,2026-06-27 01:00:00,0.0,0
M023,626,2026-06-27 02:00:00,0.0,0
M023,627,2026-06-27 03:00:00,0.0,0
M023,628,2026-06-27 04:00:00,0.0,0
M023,629,2026-06-27 05:00:00,0.0,0
M023,630,2026-06-27 06:00:00,0.0,0
M023,631,2026-06-27 07:00:00,0.0,0
M023,632,2026-06-27 08:00:00,0.002087452414270452,0
M023,633,2026-06-27 09:00:00,0.0,0
M023,634,2026-06-27 10:00:00,0.0,0
M023,635,2026-06-27 11:00:00,0.0,0
M023,636,2026-06-27 12:00:00,0.0,0
M023,637,2026-06-27 13:00:00,0.0,0
M023,638,2026-06-27 14:00:00,0.0,0
M023,639,2026-06-27 15:00:00,0.0,0
M023,640,2026-06-27 16:00:00,0.0,0
M023,641,2026-06-27 17:00:00,0.0,0
M023,642,2026-06-27 18:00:00,0.0,0
M023,643,2026-06-27 19:00:00,0.0,0
M023,644,2026-06-27 20:00:00,0.0,0
M023,645,2026-06-27 21:00:00,0.0,0
M023,646,2026-06-27 22:00:00,0.0,0
M023,647,2026-06-27 23:00:00,0.0,0
M023,648,2026-06-28 00:00:00,0.0,0
M023,649,2026-06-28 01:00:00,0.0,0
M023,650,2026-06-28 02:00:00,0.0,0
M023,651,2026-06-28 03:00:00,0.0,0
M023,652,2026-06-28 04:00:00,0.0,0
M023,653,2026-06-28 05:00:00,0.0,0
M023,654,2026-06-28 06:00:00,0.0,0
M023,655,2026-06-28 07:00:00,0.0,0
M023,656,2026-06-28 08:00:00,0.0,0
M023,657,2026-06-28 09:00:00,0.0,0
M023,658,2026-06-28 10:00:00,0.0,0
M023,659,2026-06-28 11:00:00,0.0,0
M023,660,2026-06-28 12:00:00,0.0,0
M023,661,2026-06-28 13:00:00,0.0,0
M023,662,2026-06-28 14:00:00,0.0,0
M023,663,2026-06-28 15:00:00,0.0,0
M023,664,2026-06-28 16:00:00,0.0,0
M023,665,2026-06-28 17:00:00,0.0,0
M023,666,2026-06-28 18:00:00,0.0,0
M023,667,2026-06-28 19:00:00,0.005568684265990436,0
M023,668,2026-06-28 20:00:00,0.0,0
M023,669,2026-06-28 21:00:00,0.0,0
M023,670,2026-06-28 22:00:00,0.0,0
M023,671,2026-06-28 23:00:00,0.0,0
M023,672,2026-06-29 00:00:00,0.0,0
M023,673,2026-06-29 01:00:00,0.0,0
M023,674,2026-06-29 02:00:00,0.0,0
M023,675,2026-06-29 03:00:00,0.0,0
M023,676,2026-06-29 04:00:00,0.0,0
M023,677,2026-06-29 05:00:00,0.0,0
M023,678,2026-06-29 06:00:00,0.0,0
M023,679,2026-06-29 07:00:00,0.0,0
M023,680,2026-06-29 08:00:00,0.0,0
M023,681,2026-06-29 09:00:00,0.0,0
M023,682,2026-06-29 10:00:00,0.0,0
M023,683,2026-06-29 11:00:00,0.0,0
M023,684,2026-06-29 12:00:00,0.0,0
M023,685,2026-06-29 13:00:00,0.0,0
M023,686,2026-06-29 14:00:00,0.0,0
M023,687,2026-06-29 15:00:00,0.0,0
M023,688,2026-06-29 16:00:00,0.0,0
M023,689,2026-06-29 17:00:00,0.0,0
M023,690,2026-06-29 18:00:00,0.0,0
M023,691,2026-06-29 19:00:00,0.0,0
M023,692,2026-06-29 20:00:00,0.0,0
M023,693,2026-06-29 21:00:00,0.0,0
M023,694,2026-06-29 22:00:00,0.0,0
M023,695,2026-06-29 23:00:00,0.0,0
M023,696,2026-06-30 00:00:00,0.0,0
M023,697,2026-06-30 01:00:00,0.0,0
M023,698,2026-06-30 02:00:00,0.0,0
M023,699,2026-06-30 03:00:00,0.0,0
M023,700,2026-06-30 04:00:00,0.0,0
M023,701,2026-06-30 05:00:00,0.0,0
M023,702,2026-06-30 06:00:00,0.0,0
M023,703,2026-06-30 07:00:00,0.0,0
M023,704,2026-06-30 08:00:00,0.0,0
M023,705,2026-06-30 09:00:00,0.0,0
M023,706,2026-06-30 10:00:00,0.0,0
M023,707,2026-06-30 11:00:00,0.0,0
M023,708,2026-06-30 12:00:00,0.0,0
M023,709,2026-06-30 13:00:00,0.0,0
M023,710,2026-06-30 14:00:00,0.0,0
M023,711,2026-06-30 15:00:00,0.0,0
M023,712,2026-06-30 16:00:00,0.0,0
M023,713,2026-06-30 17:00:00,0.0,0
M023,714,2026-06-30 18:00:00,0.0,0
M023,715,2026-06-30 19:00:00,0.0,0
M023,716,2026-06-30 20:00:00,0.0,0
M023,717,2026-06-30 21:00:00,0.0,0
M023,718,2026-06-30 22:00:00,0.0,0
M023,719,2026-06-30 23:00:00,0.0,0
M024,23,2026-06-01 23:00:00,0.0,0
M024,24,2026-06-02 00:00:00,0.0,0
M024,25,2026-06-02 01:00:00,0.0,0
M024,26,2026-06-02 02:00:00,0.0,0
M024,27,2026-06-02 03:00:00,0.0,0
M024,28,2026-06-02 04:00:00,0.0,0
M024,29,2026-06-02 05:00:00,0.0,0
M024,30,2026-06-02 06:00:00,0.0,0
M024,31,2026-06-02 07:00:00,0.0,0
M024,32,2026-06-02 08:00:00,0.0,0
M024,33,2026-06-02 09:00:00,0.0,0
M024,34,2026-06-02 10:00:00,0.0,0
M024,35,2026-06-02 11:00:00,0.0,0
M024,36,2026-06-02 12:00:00,0.0,0
M024,37,2026-06-02 13:00:00,0.0,0
M024,38,2026-06-02 14:00:00,0.0,0
M024,39,2026-06-02 15:00:00,0.0,0
M024,40,2026-06-02 16:00:00,0.0,0
M024,41,2026-06-02 17:00:00,0.0,0
M024,42,2026-06-02 18:00:00,0.0,0
M024,43,2026-06-02 19:00:00,0.0,0
M024,44,2026-06-02 20:00:00,0.0,0
M024,45,2026-06-02 21:00:00,0.0,0
M024,46,2026-06-02 22:00:00,0.0,0
M024,47,2026-06-02 23:00:00,0.0,0
M024,48,2026-06-03 00:00:00,0.0,0
M024,49,2026-06-03 01:00:00,0.0,0
M024,50,2026-06-03 02:00:00,0.0,0
M024,51,2026-06-03 03:00:00,0.0,0
M024,52,2026-06-03 04:00:00,0.0,0
M024,53,2026-06-03 05:00:00,0.0,0
M024,54,2026-06-03 06:00:00,0.0,0
M024,55,2026-06-03 07:00:00,0.0,0
M024,56,2026-06-03 08:00:00,0.0,0
M024,57,2026-06-03 09:00:00,0.0,0
M024,58,2026-06-03 10:00:00,0.0,0
M024,59,2026-06-03 11:00:00,0.0,0
M024,60,2026-06-03 12:00:00,0.0,0
M024,61,2026-06-03 13:00:00,0.0,0
M024,62,2026-06-03 14:00:00,0.0,0
M024,63,2026-06-03 15:00:00,0.0,0
M024,64,2026-06-03 16:00:00,0.0,0
M024,65,2026-06-03 17:00:00,0.0,0
M024,66,2026-06-03 18:00:00,0.0,0
M024,67,2026-06-03 19:00:00,0.0,0
M024,68,2026-06-03 20:00:00,0.0,0
M024,69,2026-06-03 21:00:00,0.0,0
M024,70,2026-06-03 22:00:00,0.0,0
M024,71,2026-06-03 23:00:00,0.0,0
M024,72,2026-06-04 00:00:00,0.0,0
M024,73,2026-06-04 01:00:00,0.0,0
M024,74,2026-06-04 02:00:00,0.0,0
M024,75,2026-06-04 03:00:00,0.0,0
M024,76,2026-06-04 04:00:00,0.0,0
M024,77,2026-06-04 05:00:00,0.0,0
M024,78,2026-06-04 06:00:00,0.0,0
M024,79,2026-06-04 07:00:00,0.0,0
M024,80,2026-06-04 08:00:00,0.0,0
M024,81,2026-06-04 09:00:00,0.0,0
M024,82,2026-06-04 10:00:00,0.0,0
M024,83,2026-06-04 11:00:00,0.0,0
M024,84,2026-06-04 12:00:00,0.0,0
M024,85,2026-06-04 13:00:00,0.0,0
M024,86,2026-06-04 14:00:00,0.0,0
M024,87,2026-06-04 15:00:00,0.0,0
M024,88,2026-06-04 16:00:00,0.0,0
M024,89,2026-06-04 17:00:00,0.0,0
M024,90,2026-06-04 18:00:00,0.0,0
M024,91,2026-06-04 19:00:00,0.0,0
M024,92,2026-06-04 20:00:00,0.0,0
M024,93,2026-06-04 21:00:00,0.0,0
M024,94,2026-06-04 22:00:00,0.0,0
M024,95,2026-06-04 23:00:00,0.0,0
M024,96,2026-06-05 00:00:00,0.0,0
M024,97,2026-06-05 01:00:00,0.0,0
M024,98,2026-06-05 02:00:00,0.0,0
M024,99,2026-06-05 03:00:00,0.0,0
M024,100,2026-06-05 04:00:00,0.0,0
M024,101,2026-06-05 05:00:00,0.0,0
M024,102,2026-06-05 06:00:00,0.0,0
M024,103,2026-06-05 07:00:00,0.0,0
M024,104,2026-06-05 08:00:00,0.0,0
M024,105,2026-06-05 09:00:00,0.0,0
M024,106,2026-06-05 10:00:00,0.0,0
M024,107,2026-06-05 11:00:00,0.0,0
M024,108,2026-06-05 12:00:00,0.0,0
M024,109,2026-06-05 13:00:00,0.0,0
M024,110,2026-06-05 14:00:00,0.0,0
M024,111,2026-06-05 15:00:00,0.0,0
M024,112,2026-06-05 16:00:00,0.0,0
M024,113,2026-06-05 17:00:00,0.0,0
M024,114,2026-06-05 18:00:00,0.0,0
M024,115,2026-06-05 19:00:00,0.0,0
M024,116,2026-06-05 20:00:00,0.0,0
M024,117,2026-06-05 21:00:00,0.0,0
M024,118,2026-06-05 22:00:00,0.0,0
M024,119,2026-06-05 23:00:00,0.0,0
M024,120,2026-06-06 00:00:00,0.0,0
M024,121,2026-06-06 01:00:00,0.0,0
M024,122,2026-06-06 02:00:00,0.0,0
M024,123,2026-06-06 03:00:00,0.0,0
M024,124,2026-06-06 04:00:00,0.0,0
M024,125,2026-06-06 05:00:00,0.0,0
M024,126,2026-06-06 06:00:00,0.0,0
M024,127,2026-06-06 07:00:00,0.0,0
M024,128,2026-06-06 08:00:00,0.0,0
M024,129,2026-06-06 09:00:00,0.0,0
M024,130,2026-06-06 10:00:00,0.0,0
M024,131,2026-06-06 11:00:00,0.0,0
M024,132,2026-06-06 12:00:00,0.0,0
M024,133,2026-06-06 13:00:00,0.0,0
M024,134,2026-06-06 14:00:00,0.0,0
M024,135,2026-06-06 15:00:00,0.0,0
M024,136,2026-06-06 16:00:00,0.0,0
M024,137,2026-06-06 17:00:00,0.0,0
M024,138,2026-06-06 18:00:00,0.0,0
M024,139,2026-06-06 19:00:00,0.0,0
M024,140,2026-06-06 20:00:00,0.0,0
M024,141,2026-06-06 21:00:00,0.0,0
M024,142,2026-06-06 22:00:00,0.0,0
M024,143,2026-06-06 23:00:00,0.0,0
M024,144,2026-06-07 00:00:00,0.0,0
M024,145,2026-06-07 01:00:00,0.0,0
M024,146,2026-06-07 02:00:00,0.0,0
M024,147,2026-06-07 03:00:00,0.0,0
M024,148,2026-06-07 04:00:00,0.0,0
M024,149,2026-06-07 05:00:00,0.0,0
M024,150,2026-06-07 06:00:00,0.0,0
M024,151,2026-06-07 07:00:00,0.0,0
M024,152,2026-06-07 08:00:00,0.0,0
M024,153,2026-06-07 09:00:00,0.0,0
M024,154,2026-06-07 10:00:00,0.0,0
M024,155,2026-06-07 11:00:00,0.0,0
M024,156,2026-06-07 12:00:00,0.0,0
M024,157,2026-06-07 13:00:00,0.0,0
M024,158,2026-06-07 14:00:00,0.0,0
M024,159,2026-06-07 15:00:00,0.0,0
M024,160,2026-06-07 16:00:00,0.0,0
M024,161,2026-06-07 17:00:00,0.0,0
M024,162,2026-06-07 18:00:00,0.0,0
M024,163,2026-06-07 19:00:00,0.0,0
M024,164,2026-06-07 20:00:00,0.0,0
M024,165,2026-06-07 21:00:00,0.0,0
M024,166,2026-06-07 22:00:00,0.0,0
M024,167,2026-06-07 23:00:00,0.002632661221225795,0
M024,168,2026-06-08 00:00:00,0.0,0
M024,169,2026-06-08 01:00:00,0.0,0
M024,170,2026-06-08 02:00:00,0.0,0
M024,171,2026-06-08 03:00:00,0.0,0
M024,172,2026-06-08 04:00:00,0.0,0
M024,173,2026-06-08 05:00:00,0.0,0
M024,174,2026-06-08 06:00:00,0.0,0
M024,175,2026-06-08 07:00:00,0.013141112080164996,0
M024,176,2026-06-08 08:00:00,0.01000578980832718,0
M024,177,2026-06-08 09:00:00,0.03648699236724897,0
M024,178,2026-06-08 10:00:00,0.031055685718202438,0
M024,179,2026-06-08 11:00:00,0.024088607677221142,0
M024,180,2026-06-08 12:00:00,0.016481492825435724,0
M024,181,2026-06-08 13:00:00,0.02054179121728466,0
M024,182,2026-06-08 14:00:00,0.009088414677575853,0
M024,183,2026-06-08 15:00:00,0.0027991446494988496,0
M024,184,2026-06-08 16:00:00,0.009023671494245253,0
M024,185,2026-06-08 17:00:00,0.024771719215155547,0
M024,186,2026-06-08 18:00:00,0.03350748081983106,0
M024,187,2026-06-08 19:00:00,0.05265625404061339,0
M024,188,2026-06-08 20:00:00,0.054513933252141294,0
M024,189,2026-06-08 21:00:00,0.07550273399130085,0
M024,190,2026-06-08 22:00:00,0.0851335274513144,0
M024,191,2026-06-08 23:00:00,0.07900400315858708,0
M024,192,2026-06-09 00:00:00,0.07326367632392713,0
M024,193,2026-06-09 01:00:00,0.08964348677597814,0
M024,194,2026-06-09 02:00:00,0.13401352198358643,0
M024,195,2026-06-09 03:00:00,0.30391311460387854,0
M024,196,2026-06-09 04:00:00,0.2862594097588663,0
M024,197,2026-06-09 05:00:00,0.302240596248765,0
M024,198,2026-06-09 06:00:00,0.34043305608917135,0
M024,199,2026-06-09 07:00:00,0.3375703043196881,0
M024,200,2026-06-09 08:00:00,0.4642066058932689,0
M024,201,2026-06-09 09:00:00,0.48724904566439164,0
M024,202,2026-06-09 10:00:00,0.6581485107592543,0
M024,203,2026-06-09 11:00:00,0.946383835581675,1
M024,204,2026-06-09 12:00:00,0.9439934302946614,1
M024,205,2026-06-09 13:00:00,0.9366519861171018,1
M024,206,2026-06-09 14:00:00,0.9763634206517924,1
M024,207,2026-06-09 15:00:00,0.9810253251335104,1
M024,208,2026-06-09 16:00:00,0.9741031135166542,1
M024,209,2026-06-09 17:00:00,0.9607861323278043,1
M024,210,2026-06-09 18:00:00,0.965101289047002,1
M024,211,2026-06-09 19:00:00,0.9722607003460185,1
M024,212,2026-06-09 20:00:00,0.9808038831133586,1
M024,213,2026-06-09 21:00:00,0.9723864139137347,1
M024,214,2026-06-09 22:00:00,0.9838959935721389,1
M024,215,2026-06-09 23:00:00,0.9857504169096706,1
M024,216,2026-06-10 00:00:00,0.978585487747981,1
M024,217,2026-06-10 01:00:00,0.9815835935288724,1
M024,218,2026-06-10 02:00:00,0.986106536794472,1
M024,219,2026-06-10 03:00:00,0.986106536794472,1
M024,220,2026-06-10 04:00:00,0.9847907872417119,1
M024,221,2026-06-10 05:00:00,0.9847907872417119,1
M024,222,2026-06-10 06:00:00,0.9863187873683137,1
M024,223,2026-06-10 07:00:00,0.9863187873683137,1
M024,224,2026-06-10 08:00:00,0.9863187873683137,1
M024,225,2026-06-10 09:00:00,0.9863187873683137,1
M024,226,2026-06-10 10:00:00,0.9863187873683137,1
M024,227,2026-06-10 11:00:00,0.9863187873683137,1
M024,228,2026-06-10 12:00:00,0.9863187873683137,1
M024,229,2026-06-10 13:00:00,0.9863187873683137,1
M024,230,2026-06-10 14:00:00,0.9863187873683137,1
M024,231,2026-06-10 15:00:00,0.9862069312897942,1
M024,232,2026-06-10 16:00:00,0.9863187873683137,1
M024,233,2026-06-10 17:00:00,0.9624892124942662,1
M024,234,2026-06-10 18:00:00,0.9863187873683137,1
M024,235,2026-06-10 19:00:00,0.9863187873683137,1
M024,236,2026-06-10 20:00:00,0.9863187873683137,1
M024,237,2026-06-10 21:00:00,0.9861311524441273,1
M024,238,2026-06-10 22:00:00,0.9861311524441273,1
M024,239,2026-06-10 23:00:00,0.9861311524441273,1
M024,240,2026-06-11 00:00:00,0.9861311524441273,1
M024,241,2026-06-11 01:00:00,0.9861311524441273,1
M024,242,2026-06-11 02:00:00,0.9628798968439488,1
M024,243,2026-06-11 03:00:00,0.9815048127677113,1
M024,244,2026-06-11 04:00:00,0.98193702613011,1
M024,245,2026-06-11 05:00:00,0.9786643015677191,1
M024,246,2026-06-11 06:00:00,0.98193702613011,1
M024,247,2026-06-11 07:00:00,0.98193702613011,1
M024,248,2026-06-11 08:00:00,0.9760054104188212,1
M024,249,2026-06-11 09:00:00,0.9760054104188212,1
M024,250,2026-06-11 10:00:00,0.9428553312094633,1
M024,251,2026-06-11 11:00:00,0.9065003915311651,0
M024,252,2026-06-11 12:00:00,0.6333491326241136,0
M024,253,2026-06-11 13:00:00,0.4902032464514529,0
M024,254,2026-06-11 14:00:00,0.38652756861805526,0
M024,255,2026-06-11 15:00:00,0.36837398294017487,0
M024,256,2026-06-11 16:00:00,0.3853235899605354,0
M024,257,2026-06-11 17:00:00,0.34980190311461756,0
M024,258,2026-06-11 18:00:00,0.4327034329641312,0
M024,259,2026-06-11 19:00:00,0.35044015247892135,0
M024,260,2026-06-11 20:00:00,0.31302387936173737,0
M024,261,2026-06-11 21:00:00,0.2844846132860757,0
M024,262,2026-06-11 22:00:00,0.32831507696322587,0
M024,263,2026-06-11 23:00:00,0.2788467540620939,0
M024,264,2026-06-12 00:00:00,0.2736662980189251,0
M024,265,2026-06-12 01:00:00,0.27089168874554653,0
M024,266,2026-06-12 02:00:00,0.25124327223471704,0
M025,23,2026-06-01 23:00:00,0.012327610728169213,0
M025,24,2026-06-02 00:00:00,0.00537782871974426,0
M025,25,2026-06-02 01:00:00,0.009307936165502897,0
M025,26,2026-06-02 02:00:00,0.009307936165502897,0
M025,27,2026-06-02 03:00:00,0.009043914788337337,0
M025,28,2026-06-02 04:00:00,0.005759320939409402,0
M025,29,2026-06-02 05:00:00,0.00277811160517566,0
M025,30,2026-06-02 06:00:00,0.0,0
M025,31,2026-06-02 07:00:00,0.0,0
M025,32,2026-06-02 08:00:00,0.0,0
M025,33,2026-06-02 09:00:00,0.0,0
M025,34,2026-06-02 10:00:00,0.0,0
M025,35,2026-06-02 11:00:00,0.0,0
M025,36,2026-06-02 12:00:00,0.0,0
M025,37,2026-06-02 13:00:00,0.0,0
M025,38,2026-06-02 14:00:00,0.0,0
M025,39,2026-06-02 15:00:00,0.0,0
M025,40,2026-06-02 16:00:00,0.0,0
M025,41,2026-06-02 17:00:00,0.0,0
M025,42,2026-06-02 18:00:00,0.0,0
M025,43,2026-06-02 19:00:00,0.0,0
M025,44,2026-06-02 20:00:00,0.0,0
M025,45,2026-06-02 21:00:00,0.0,0
M025,46,2026-06-02 22:00:00,0.0,0
M025,47,2026-06-02 23:00:00,0.0,0
M025,48,2026-06-03 00:00:00,0.0,0
M025,49,2026-06-03 01:00:00,0.0,0
M025,50,2026-06-03 02:00:00,0.0,0
M025,51,2026-06-03 03:00:00,0.0,0
M025,52,2026-06-03 04:00:00,0.0,0
M025,53,2026-06-03 05:00:00,0.0,0
M025,54,2026-06-03 06:00:00,0.0,0
M025,55,2026-06-03 07:00:00,0.0,0
M025,56,2026-06-03 08:00:00,0.0,0
M025,57,2026-06-03 09:00:00,0.0,0
M025,58,2026-06-03 10:00:00,0.0,0
M025,59,2026-06-03 11:00:00,0.0,0
M025,60,2026-06-03 12:00:00,0.0,0
M025,61,2026-06-03 13:00:00,0.0,0
M025,62,2026-06-03 14:00:00,0.0,0
M025,63,2026-06-03 15:00:00,0.0,0
M025,64,2026-06-03 16:00:00,0.0,0
M025,65,2026-06-03 17:00:00,0.0,0
M025,66,2026-06-03 18:00:00,0.0,0
M025,67,2026-06-03 19:00:00,0.0,0
M025,68,2026-06-03 20:00:00,0.0,0
M025,69,2026-06-03 21:00:00,0.0,0
M025,70,2026-06-03 22:00:00,0.0,0
M025,71,2026-06-03 23:00:00,0.0,0
M025,72,2026-06-04 00:00:00,0.0,0
M025,73,2026-06-04 01:00:00,0.0,0
M025,74,2026-06-04 02:00:00,0.0,0
M025,75,2026-06-04 03:00:00,0.0,0
M025,76,2026-06-04 04:00:00,0.0,0
M025,77,2026-06-04 05:00:00,0.0,0
M025,78,2026-06-04 06:00:00,0.0,0
M025,79,2026-06-04 07:00:00,0.0,0
M025,80,2026-06-04 08:00:00,0.0,0
M025,81,2026-06-04 09:00:00,0.0,0
M025,82,2026-06-04 10:00:00,0.0,0
M025,83,2026-06-04 11:00:00,0.0,0
M025,84,2026-06-04 12:00:00,0.0,0
M025,85,2026-06-04 13:00:00,0.0,0
M025,86,2026-06-04 14:00:00,0.0,0
M025,87,2026-06-04 15:00:00,0.0,0
M025,88,2026-06-04 16:00:00,0.0,0
M025,89,2026-06-04 17:00:00,0.0,0
M025,90,2026-06-04 18:00:00,0.0,0
M025,91,2026-06-04 19:00:00,0.0,0
M025,92,2026-06-04 20:00:00,0.0,0
M025,93,2026-06-04 21:00:00,0.0,0
M025,94,2026-06-04 22:00:00,0.0,0
M025,95,2026-06-04 23:00:00,0.0,0
M025,96,2026-06-05 00:00:00,0.0,0
M025,97,2026-06-05 01:00:00,0.0,0
M025,98,2026-06-05 02:00:00,0.0,0
M025,99,2026-06-05 03:00:00,0.0,0
M025,100,2026-06-05 04:00:00,0.0,0
M025,101,2026-06-05 05:00:00,0.0,0
M025,102,2026-06-05 06:00:00,0.0,0
M025,103,2026-06-05 07:00:00,0.0,0
M025,104,2026-06-05 08:00:00,0.0,0
M025,105,2026-06-05 09:00:00,0.0,0
M025,106,2026-06-05 10:00:00,0.0,0
M025,107,2026-06-05 11:00:00,0.0,0
M025,108,2026-06-05 12:00:00,0.0,0
M025,109,2026-06-05 13:00:00,0.0,0
M025,110,2026-06-05 14:00:00,0.0,0
M025,111,2026-06-05 15:00:00,0.0,0
M025,112,2026-06-05 16:00:00,0.0,0
M025,113,2026-06-05 17:00:00,0.0,0
M025,114,2026-06-05 18:00:00,0.0,0
M025,115,2026-06-05 19:00:00,0.0,0
M025,116,2026-06-05 20:00:00,0.0,0
M025,117,2026-06-05 21:00:00,0.0,0
M025,118,2026-06-05 22:00:00,0.0,0
M025,119,2026-06-05 23:00:00,0.0,0
M025,120,2026-06-06 00:00:00,0.0,0
M025,121,2026-06-06 01:00:00,0.0,0
M025,122,2026-06-06 02:00:00,0.0,0
M025,123,2026-06-06 03:00:00,0.0,0
M025,124,2026-06-06 04:00:00,0.0,0
M025,125,2026-06-06 05:00:00,0.0,0
M025,126,2026-06-06 06:00:00,0.0,0
M025,127,2026-06-06 07:00:00,0.0,0
M025,128,2026-06-06 08:00:00,0.0,0
M025,129,2026-06-06 09:00:00,0.0,0
M025,130,2026-06-06 10:00:00,0.0,0
M025,131,2026-06-06 11:00:00,0.0,0
M025,132,2026-06-06 12:00:00,0.0,0
M025,133,2026-06-06 13:00:00,0.0,0
M025,134,2026-06-06 14:00:00,0.0,0
M025,135,2026-06-06 15:00:00,0.0,0
M025,136,2026-06-06 16:00:00,0.0,0
M025,137,2026-06-06 17:00:00,0.0,0
M025,138,2026-06-06 18:00:00,0.0,0
M025,139,2026-06-06 19:00:00,0.0,0
M025,140,2026-06-06 20:00:00,0.0,0
M025,141,2026-06-06 21:00:00,0.0,0
M025,142,2026-06-06 22:00:00,0.0,0
M025,143,2026-06-06 23:00:00,0.0,0
M025,144,2026-06-07 00:00:00,0.0,0
M025,145,2026-06-07 01:00:00,0.0,0
M025,146,2026-06-07 02:00:00,0.0,0
M025,147,2026-06-07 03:00:00,0.0,0
M025,148,2026-06-07 04:00:00,0.0,0
M025,149,2026-06-07 05:00:00,0.0,0
M025,150,2026-06-07 06:00:00,0.0,0
M025,151,2026-06-07 07:00:00,0.0,0
M025,152,2026-06-07 08:00:00,0.0,0
M025,153,2026-06-07 09:00:00,0.0,0
M025,154,2026-06-07 10:00:00,0.0,0
M025,155,2026-06-07 11:00:00,0.0,0
M025,156,2026-06-07 12:00:00,0.0,0
M025,157,2026-06-07 13:00:00,0.0,0
M025,158,2026-06-07 14:00:00,0.0,0
M025,159,2026-06-07 15:00:00,0.0,0
M025,160,2026-06-07 16:00:00,0.0,0
M025,161,2026-06-07 17:00:00,0.0,0
M025,162,2026-06-07 18:00:00,0.0,0
M025,163,2026-06-07 19:00:00,0.0,0
M025,164,2026-06-07 20:00:00,0.0,0
M025,165,2026-06-07 21:00:00,0.0,0
M025,166,2026-06-07 22:00:00,0.0,0
M025,167,2026-06-07 23:00:00,0.0,0
M025,168,2026-06-08 00:00:00,0.0,0
M025,169,2026-06-08 01:00:00,0.0,0
M025,170,2026-06-08 02:00:00,0.0,0
M025,171,2026-06-08 03:00:00,0.0,0
M025,172,2026-06-08 04:00:00,0.0,0
M025,173,2026-06-08 05:00:00,0.0,0
M025,174,2026-06-08 06:00:00,0.0,0
M025,175,2026-06-08 07:00:00,0.0,0
M025,176,2026-06-08 08:00:00,0.0,0
M025,177,2026-06-08 09:00:00,0.0,0
M025,178,2026-06-08 10:00:00,0.0,0
M025,179,2026-06-08 11:00:00,0.0,0
M025,180,2026-06-08 12:00:00,0.0,0
M025,181,2026-06-08 13:00:00,0.0,0
M025,182,2026-06-08 14:00:00,0.0,0
M025,183,2026-06-08 15:00:00,0.0,0
M025,184,2026-06-08 16:00:00,0.0,0
M025,185,2026-06-08 17:00:00,0.0,0
M025,186,2026-06-08 18:00:00,0.0,0
M025,187,2026-06-08 19:00:00,0.0,0
M025,188,2026-06-08 20:00:00,0.0,0
M025,189,2026-06-08 21:00:00,0.0,0
M025,190,2026-06-08 22:00:00,0.0,0
M025,191,2026-06-08 23:00:00,0.0,0
M025,192,2026-06-09 00:00:00,0.0,0
M025,193,2026-06-09 01:00:00,0.0,0
M025,194,2026-06-09 02:00:00,0.0,0
M025,195,2026-06-09 03:00:00,0.0,0
M025,196,2026-06-09 04:00:00,0.0,0
M025,197,2026-06-09 05:00:00,0.0,0
M025,198,2026-06-09 06:00:00,0.0,0
M025,199,2026-06-09 07:00:00,0.0,0
M025,200,2026-06-09 08:00:00,0.0,0
M025,201,2026-06-09 09:00:00,0.0,0
M025,202,2026-06-09 10:00:00,0.0,0
M025,203,2026-06-09 11:00:00,0.0,0
M025,204,2026-06-09 12:00:00,0.0,0
M025,205,2026-06-09 13:00:00,0.0,0
M025,206,2026-06-09 14:00:00,0.0,0
M025,207,2026-06-09 15:00:00,0.0,0
M025,208,2026-06-09 16:00:00,0.0,0
M025,209,2026-06-09 17:00:00,0.0,0
M025,210,2026-06-09 18:00:00,0.0,0
M025,211,2026-06-09 19:00:00,0.0,0
M025,212,2026-06-09 20:00:00,0.0,0
M025,213,2026-06-09 21:00:00,0.0,0
M025,214,2026-06-09 22:00:00,0.0,0
M025,215,2026-06-09 23:00:00,0.0,0
M025,216,2026-06-10 00:00:00,0.0,0
M025,217,2026-06-10 01:00:00,0.0,0
M025,218,2026-06-10 02:00:00,0.0,0
M025,219,2026-06-10 03:00:00,0.0,0
M025,220,2026-06-10 04:00:00,0.0,0
M025,221,2026-06-10 05:00:00,0.0,0
M025,222,2026-06-10 06:00:00,0.0,0
M025,223,2026-06-10 07:00:00,0.0,0
M025,224,2026-06-10 08:00:00,0.0,0
M025,225,2026-06-10 09:00:00,0.0,0
M025,226,2026-06-10 10:00:00,0.0,0
M025,227,2026-06-10 11:00:00,0.0,0
M025,228,2026-06-10 12:00:00,0.0,0
M025,229,2026-06-10 13:00:00,0.0,0
M025,230,2026-06-10 14:00:00,0.0,0
M025,231,2026-06-10 15:00:00,0.0,0
M025,232,2026-06-10 16:00:00,0.0,0
M025,233,2026-06-10 17:00:00,0.0,0
M025,234,2026-06-10 18:00:00,0.0,0
M025,235,2026-06-10 19:00:00,0.0,0
M025,236,2026-06-10 20:00:00,0.0,0
M025,237,2026-06-10 21:00:00,0.0,0
M025,238,2026-06-10 22:00:00,0.0,0
M025,239,2026-06-10 23:00:00,0.0,0
M025,240,2026-06-11 00:00:00,0.0,0
M025,241,2026-06-11 01:00:00,0.0,0
M025,242,2026-06-11 02:00:00,0.0,0
M025,243,2026-06-11 03:00:00,0.0,0
M025,244,2026-06-11 04:00:00,0.0,0
M025,245,2026-06-11 05:00:00,0.0,0
M025,246,2026-06-11 06:00:00,0.0,0
M025,247,2026-06-11 07:00:00,0.0,0
M025,248,2026-06-11 08:00:00,0.0,0
M025,249,2026-06-11 09:00:00,0.0,0
M025,250,2026-06-11 10:00:00,0.0,0
M025,251,2026-06-11 11:00:00,0.0,0
M025,252,2026-06-11 12:00:00,0.0,0
M025,253,2026-06-11 13:00:00,0.0,0
M025,254,2026-06-11 14:00:00,0.0,0
M025,255,2026-06-11 15:00:00,0.0,0
M025,256,2026-06-11 16:00:00,0.0,0
M025,257,2026-06-11 17:00:00,0.0,0
M025,258,2026-06-11 18:00:00,0.0,0
M025,259,2026-06-11 19:00:00,0.0,0
M025,260,2026-06-11 20:00:00,0.0,0
M025,261,2026-06-11 21:00:00,0.0,0
M025,262,2026-06-11 22:00:00,0.0,0
M025,263,2026-06-11 23:00:00,0.0,0
M025,264,2026-06-12 00:00:00,0.0,0
M025,265,2026-06-12 01:00:00,0.0,0
M025,266,2026-06-12 02:00:00,0.0,0
M025,267,2026-06-12 03:00:00,0.0,0
M025,268,2026-06-12 04:00:00,0.0,0
M025,269,2026-06-12 05:00:00,0.0,0
M025,270,2026-06-12 06:00:00,0.0,0
M025,271,2026-06-12 07:00:00,0.0,0
M025,272,2026-06-12 08:00:00,0.0,0
M025,273,2026-06-12 09:00:00,0.0,0
M025,274,2026-06-12 10:00:00,0.0,0
M025,275,2026-06-12 11:00:00,0.0,0
M025,276,2026-06-12 12:00:00,0.0,0
M025,277,2026-06-12 13:00:00,0.0,0
M025,278,2026-06-12 14:00:00,0.0,0
M025,279,2026-06-12 15:00:00,0.0,0
M025,280,2026-06-12 16:00:00,0.0,0
M025,281,2026-06-12 17:00:00,0.0,0
M025,282,2026-06-12 18:00:00,0.0,0
M025,283,2026-06-12 19:00:00,0.0,0
M025,284,2026-06-12 20:00:00,0.0,0
M025,285,2026-06-12 21:00:00,0.0,0
M025,286,2026-06-12 22:00:00,0.0,0
M025,287,2026-06-12 23:00:00,0.0,0
M025,288,2026-06-13 00:00:00,0.0,0
M025,289,2026-06-13 01:00:00,0.0,0
M025,290,2026-06-13 02:00:00,0.0,0
M025,291,2026-06-13 03:00:00,0.0,0
M025,292,2026-06-13 04:00:00,0.0,0
M025,293,2026-06-13 05:00:00,0.0,0
M025,294,2026-06-13 06:00:00,0.0,0
M025,295,2026-06-13 07:00:00,0.0,0
M025,296,2026-06-13 08:00:00,0.0,0
M025,297,2026-06-13 09:00:00,0.0,0
M025,298,2026-06-13 10:00:00,0.0,0
M025,299,2026-06-13 11:00:00,0.0,0
M025,300,2026-06-13 12:00:00,0.0,0
M025,301,2026-06-13 13:00:00,0.0,0
M025,302,2026-06-13 14:00:00,0.0,0
M025,303,2026-06-13 15:00:00,0.0,0
M025,304,2026-06-13 16:00:00,0.0,0
M025,305,2026-06-13 17:00:00,0.0,0
M025,306,2026-06-13 18:00:00,0.0,0
M025,307,2026-06-13 19:00:00,0.0,0
M025,308,2026-06-13 20:00:00,0.0,0
M025,309,2026-06-13 21:00:00,0.0,0
M025,310,2026-06-13 22:00:00,0.0,0
M025,311,2026-06-13 23:00:00,0.0,0
M025,312,2026-06-14 00:00:00,0.0,0
M025,313,2026-06-14 01:00:00,0.0,0
M025,314,2026-06-14 02:00:00,0.0,0
M025,315,2026-06-14 03:00:00,0.0,0
M025,316,2026-06-14 04:00:00,0.0,0
M025,317,2026-06-14 05:00:00,0.0,0
M025,318,2026-06-14 06:00:00,0.0,0
M025,319,2026-06-14 07:00:00,0.0,0
M025,320,2026-06-14 08:00:00,0.0,0
M025,321,2026-06-14 09:00:00,0.0,0
M025,322,2026-06-14 10:00:00,0.0,0
M025,323,2026-06-14 11:00:00,0.0,0
M025,324,2026-06-14 12:00:00,0.0,0
M025,325,2026-06-14 13:00:00,0.0,0
M025,326,2026-06-14 14:00:00,0.0,0
M025,327,2026-06-14 15:00:00,0.0,0
M025,328,2026-06-14 16:00:00,0.0,0
M025,329,2026-06-14 17:00:00,0.0,0
M025,330,2026-06-14 18:00:00,0.0,0
M025,331,2026-06-14 19:00:00,0.0,0
M025,332,2026-06-14 20:00:00,0.0,0
M025,333,2026-06-14 21:00:00,0.0,0
M025,334,2026-06-14 22:00:00,0.0,0
M025,335,2026-06-14 23:00:00,0.0,0
M025,336,2026-06-15 00:00:00,0.0,0
M025,337,2026-06-15 01:00:00,0.0,0
M025,338,2026-06-15 02:00:00,0.0,0
M025,339,2026-06-15 03:00:00,0.0,0
M025,340,2026-06-15 04:00:00,0.0,0
M025,341,2026-06-15 05:00:00,0.0,0
M025,342,2026-06-15 06:00:00,0.0,0
M025,343,2026-06-15 07:00:00,0.0,0
M025,344,2026-06-15 08:00:00,0.0,0
M025,345,2026-06-15 09:00:00,0.0,0
M025,346,2026-06-15 10:00:00,0.0,0
M025,347,2026-06-15 11:00:00,0.0,0
M025,348,2026-06-15 12:00:00,0.0,0
M025,349,2026-06-15 13:00:00,0.0,0
M025,350,2026-06-15 14:00:00,0.0,0
M025,351,2026-06-15 15:00:00,0.0,0
M025,352,2026-06-15 16:00:00,0.0,0
M025,353,2026-06-15 17:00:00,0.0,0
M025,354,2026-06-15 18:00:00,0.0,0
M025,355,2026-06-15 19:00:00,0.0,0
M025,356,2026-06-15 20:00:00,0.0,0
M025,357,2026-06-15 21:00:00,0.0,0
M025,358,2026-06-15 22:00:00,0.0,0
M025,359,2026-06-15 23:00:00,0.0,0
M025,360,2026-06-16 00:00:00,0.0,0
M025,361,2026-06-16 01:00:00,0.0,0
M025,362,2026-06-16 02:00:00,0.0,0
M025,363,2026-06-16 03:00:00,0.0,0
M025,364,2026-06-16 04:00:00,0.0,0
M025,365,2026-06-16 05:00:00,0.0,0
M025,366,2026-06-16 06:00:00,0.0,0
M025,367,2026-06-16 07:00:00,0.0,0
M025,368,2026-06-16 08:00:00,0.0,0
M025,369,2026-06-16 09:00:00,0.0,0
M025,370,2026-06-16 10:00:00,0.0,0
M025,371,2026-06-16 11:00:00,0.0,0
M025,372,2026-06-16 12:00:00,0.0,0
M025,373,2026-06-16 13:00:00,0.0,0
M025,374,2026-06-16 14:00:00,0.0,0
M025,375,2026-06-16 15:00:00,0.0,0
M025,376,2026-06-16 16:00:00,0.0,0
M025,377,2026-06-16 17:00:00,0.0,0
M025,378,2026-06-16 18:00:00,0.0,0
M025,379,2026-06-16 19:00:00,0.0,0
M025,380,2026-06-16 20:00:00,0.0,0
M025,381,2026-06-16 21:00:00,0.0,0
M025,382,2026-06-16 22:00:00,0.0,0
M025,383,2026-06-16 23:00:00,0.0,0
M025,384,2026-06-17 00:00:00,0.0,0
M025,385,2026-06-17 01:00:00,0.0,0
M025,386,2026-06-17 02:00:00,0.0,0
M025,387,2026-06-17 03:00:00,0.0,0
M025,388,2026-06-17 04:00:00,0.0,0
M025,389,2026-06-17 05:00:00,0.0,0
M025,390,2026-06-17 06:00:00,0.0,0
M025,391,2026-06-17 07:00:00,0.0,0
M025,392,2026-06-17 08:00:00,0.0,0
M025,393,2026-06-17 09:00:00,0.0,0
M025,394,2026-06-17 10:00:00,0.0,0
M025,395,2026-06-17 11:00:00,0.0,0
M025,396,2026-06-17 12:00:00,0.0,0
M025,397,2026-06-17 13:00:00,0.0,0
M025,398,2026-06-17 14:00:00,0.0,0
M025,399,2026-06-17 15:00:00,0.0,0
M025,400,2026-06-17 16:00:00,0.0,0
M025,401,2026-06-17 17:00:00,0.0,0
M025,402,2026-06-17 18:00:00,0.0,0
M025,403,2026-06-17 19:00:00,0.0,0
M025,404,2026-06-17 20:00:00,0.0,0
M025,405,2026-06-17 21:00:00,0.0,0
M025,406,2026-06-17 22:00:00,0.0,0
M025,407,2026-06-17 23:00:00,0.0,0
M025,408,2026-06-18 00:00:00,0.0,0
M025,409,2026-06-18 01:00:00,0.0,0
M025,410,2026-06-18 02:00:00,0.0,0
M025,411,2026-06-18 03:00:00,0.0,0
M025,412,2026-06-18 04:00:00,0.0,0
M025,413,2026-06-18 05:00:00,0.0,0
M025,414,2026-06-18 06:00:00,0.0,0
M025,415,2026-06-18 07:00:00,0.0,0
M025,416,2026-06-18 08:00:00,0.0,0
M025,417,2026-06-18 09:00:00,0.0,0
M025,418,2026-06-18 10:00:00,0.0,0
M025,419,2026-06-18 11:00:00,0.0,0
M025,420,2026-06-18 12:00:00,0.0,0
M025,421,2026-06-18 13:00:00,0.0,0
M025,422,2026-06-18 14:00:00,0.0,0
M025,423,2026-06-18 15:00:00,0.0,0
M025,424,2026-06-18 16:00:00,0.0,0
M025,425,2026-06-18 17:00:00,0.0,0
M025,426,2026-06-18 18:00:00,0.0,0
M025,427,2026-06-18 19:00:00,0.0,0
M025,428,2026-06-18 20:00:00,0.0,0
M025,429,2026-06-18 21:00:00,0.0,0
M025,430,2026-06-18 22:00:00,0.0,0
M025,431,2026-06-18 23:00:00,0.0,0
M025,432,2026-06-19 00:00:00,0.0,0
M025,433,2026-06-19 01:00:00,0.0,0
M025,434,2026-06-19 02:00:00,0.0,0
M025,435,2026-06-19 03:00:00,0.0,0
M025,436,2026-06-19 04:00:00,0.0,0
M025,437,2026-06-19 05:00:00,0.0,0
M025,438,2026-06-19 06:00:00,0.0,0
M025,439,2026-06-19 07:00:00,0.0,0
M025,440,2026-06-19 08:00:00,0.0,0
M025,441,2026-06-19 09:00:00,0.0,0
M025,442,2026-06-19 10:00:00,0.0,0
M025,443,2026-06-19 11:00:00,0.0,0
M025,444,2026-06-19 12:00:00,0.0,0
M025,445,2026-06-19 13:00:00,0.0,0
M025,446,2026-06-19 14:00:00,0.0,0
M025,447,2026-06-19 15:00:00,0.0,0
M025,448,2026-06-19 16:00:00,0.0,0
M025,449,2026-06-19 17:00:00,0.0,0
M025,450,2026-06-19 18:00:00,0.0,0
M025,451,2026-06-19 19:00:00,0.0,0
M025,452,2026-06-19 20:00:00,0.002536104391173668,0
M025,453,2026-06-19 21:00:00,0.0,0
M025,454,2026-06-19 22:00:00,0.0,0
M025,455,2026-06-19 23:00:00,0.0,0
M025,456,2026-06-20 00:00:00,0.0,0
M025,457,2026-06-20 01:00:00,0.0,0
M025,458,2026-06-20 02:00:00,0.0,0
M025,459,2026-06-20 03:00:00,0.0,0
M025,460,2026-06-20 04:00:00,0.0,0
M025,461,2026-06-20 05:00:00,0.0,0
M025,462,2026-06-20 06:00:00,0.0,0
M025,463,2026-06-20 07:00:00,0.0,0
M025,464,2026-06-20 08:00:00,0.0,0
M025,465,2026-06-20 09:00:00,0.0,0
M025,466,2026-06-20 10:00:00,0.0,0
M025,467,2026-06-20 11:00:00,0.0,0
M025,468,2026-06-20 12:00:00,0.0,0
M025,469,2026-06-20 13:00:00,0.0,0
M025,470,2026-06-20 14:00:00,0.0,0
M025,471,2026-06-20 15:00:00,0.0,0
M025,472,2026-06-20 16:00:00,0.0,0
M025,473,2026-06-20 17:00:00,0.0,0
M025,474,2026-06-20 18:00:00,0.0,0
M025,475,2026-06-20 19:00:00,0.0,0
M025,476,2026-06-20 20:00:00,0.0,0
M025,477,2026-06-20 21:00:00,0.0,0
M025,478,2026-06-20 22:00:00,0.0,0
M025,479,2026-06-20 23:00:00,0.0,0
M025,480,2026-06-21 00:00:00,0.0,0
M025,481,2026-06-21 01:00:00,0.0,0
M025,482,2026-06-21 02:00:00,0.0,0
M025,483,2026-06-21 03:00:00,0.0,0
M025,484,2026-06-21 04:00:00,0.0,0
M025,485,2026-06-21 05:00:00,0.0,0
M025,486,2026-06-21 06:00:00,0.0,0
M025,487,2026-06-21 07:00:00,0.0,0
M025,488,2026-06-21 08:00:00,0.0,0
M025,489,2026-06-21 09:00:00,0.0,0
M025,490,2026-06-21 10:00:00,0.0,0
M025,491,2026-06-21 11:00:00,0.0,0
M025,492,2026-06-21 12:00:00,0.0,0
M025,493,2026-06-21 13:00:00,0.0,0
M025,494,2026-06-21 14:00:00,0.0,0
M025,495,2026-06-21 15:00:00,0.0,0
M025,496,2026-06-21 16:00:00,0.0,0
M025,497,2026-06-21 17:00:00,0.0,0
M025,498,2026-06-21 18:00:00,0.0,0
M025,499,2026-06-21 19:00:00,0.0,0
M025,500,2026-06-21 20:00:00,0.0,0
M025,501,2026-06-21 21:00:00,0.0,0
M025,502,2026-06-21 22:00:00,0.0,0
M025,503,2026-06-21 23:00:00,0.0,0
M025,504,2026-06-22 00:00:00,0.0,0
M025,505,2026-06-22 01:00:00,0.0,0
M025,506,2026-06-22 02:00:00,0.0,0
M025,507,2026-06-22 03:00:00,0.0,0
M025,508,2026-06-22 04:00:00,0.0,0
M025,509,2026-06-22 05:00:00,0.0,0
M025,510,2026-06-22 06:00:00,0.0,0
M025,511,2026-06-22 07:00:00,0.0,0
M025,512,2026-06-22 08:00:00,0.0,0
M025,513,2026-06-22 09:00:00,0.0,0
M025,514,2026-06-22 10:00:00,0.0,0
M025,515,2026-06-22 11:00:00,0.0,0
M025,516,2026-06-22 12:00:00,0.0,0
M025,517,2026-06-22 13:00:00,0.0,0
M025,518,2026-06-22 14:00:00,0.0,0
M025,519,2026-06-22 15:00:00,0.0,0
M025,520,2026-06-22 16:00:00,0.0,0
M025,521,2026-06-22 17:00:00,0.0,0
M025,522,2026-06-22 18:00:00,0.0,0
M025,523,2026-06-22 19:00:00,0.0,0
M025,524,2026-06-22 20:00:00,0.0,0
M025,525,2026-06-22 21:00:00,0.0,0
M025,526,2026-06-22 22:00:00,0.0030117857220660965,0
M025,527,2026-06-22 23:00:00,0.0,0
M025,528,2026-06-23 00:00:00,0.0,0
M025,529,2026-06-23 01:00:00,0.0,0
M025,530,2026-06-23 02:00:00,0.0,0
M025,531,2026-06-23 03:00:00,0.0,0
M025,532,2026-06-23 04:00:00,0.0,0
M025,533,2026-06-23 05:00:00,0.0,0
M025,534,2026-06-23 06:00:00,0.0,0
M025,535,2026-06-23 07:00:00,0.0,0
M025,536,2026-06-23 08:00:00,0.0,0
M025,537,2026-06-23 09:00:00,0.0,0
M025,538,2026-06-23 10:00:00,0.0,0
M025,539,2026-06-23 11:00:00,0.0,0
M025,540,2026-06-23 12:00:00,0.0,0
M025,541,2026-06-23 13:00:00,0.0,0
M025,542,2026-06-23 14:00:00,0.0,0
M025,543,2026-06-23 15:00:00,0.0,0
M025,544,2026-06-23 16:00:00,0.0,0
M025,545,2026-06-23 17:00:00,0.0,0
M025,546,2026-06-23 18:00:00,0.0,0
M025,547,2026-06-23 19:00:00,0.0,0
M025,548,2026-06-23 20:00:00,0.0,0
M025,549,2026-06-23 21:00:00,0.0,0
M025,550,2026-06-23 22:00:00,0.0,0
M025,551,2026-06-23 23:00:00,0.0,0
M025,552,2026-06-24 00:00:00,0.0,0
M025,553,2026-06-24 01:00:00,0.0,0
M025,554,2026-06-24 02:00:00,0.0,0
M025,555,2026-06-24 03:00:00,0.0,0
M025,556,2026-06-24 04:00:00,0.0,0
M025,557,2026-06-24 05:00:00,0.0,0
M025,558,2026-06-24 06:00:00,0.0,0
M025,559,2026-06-24 07:00:00,0.0,0
M025,560,2026-06-24 08:00:00,0.0,0
M025,561,2026-06-24 09:00:00,0.0,0
M025,562,2026-06-24 10:00:00,0.0,0
M025,563,2026-06-24 11:00:00,0.0,0
M025,564,2026-06-24 12:00:00,0.0,0
M025,565,2026-06-24 13:00:00,0.0,0
M025,566,2026-06-24 14:00:00,0.0,0
M025,567,2026-06-24 15:00:00,0.0,0
M025,568,2026-06-24 16:00:00,0.0,0
M025,569,2026-06-24 17:00:00,0.0,0
M025,570,2026-06-24 18:00:00,0.0,0
M025,571,2026-06-24 19:00:00,0.0,0
M025,572,2026-06-24 20:00:00,0.0,0
M025,573,2026-06-24 21:00:00,0.0,0
M025,574,2026-06-24 22:00:00,0.0,0
M025,575,2026-06-24 23:00:00,0.0,0
M025,576,2026-06-25 00:00:00,0.0,0
M025,577,2026-06-25 01:00:00,0.0,0
M025,578,2026-06-25 02:00:00,0.0,0
M025,579,2026-06-25 03:00:00,0.0,0
M025,580,2026-06-25 04:00:00,0.0,0
M025,581,2026-06-25 05:00:00,0.0,0
M025,582,2026-06-25 06:00:00,0.0,0
M025,583,2026-06-25 07:00:00,0.0,0
M025,584,2026-06-25 08:00:00,0.0,0
M025,585,2026-06-25 09:00:00,0.0,0
M025,586,2026-06-25 10:00:00,0.0,0
M025,587,2026-06-25 11:00:00,0.0,0
M025,588,2026-06-25 12:00:00,0.0,0
M025,589,2026-06-25 13:00:00,0.0,0
M025,590,2026-06-25 14:00:00,0.0,0
M025,591,2026-06-25 15:00:00,0.002534344433454225,0
M025,592,2026-06-25 16:00:00,0.0,0
M025,593,2026-06-25 17:00:00,0.0,0
M025,594,2026-06-25 18:00:00,0.0,0
M025,595,2026-06-25 19:00:00,0.0,0
M025,596,2026-06-25 20:00:00,0.0,0
M025,597,2026-06-25 21:00:00,0.0,0
M025,598,2026-06-25 22:00:00,0.0,0
M025,599,2026-06-25 23:00:00,0.0,0
M025,600,2026-06-26 00:00:00,0.0,0
M025,601,2026-06-26 01:00:00,0.0,0
M025,602,2026-06-26 02:00:00,0.0,0
M025,603,2026-06-26 03:00:00,0.0,0
M025,604,2026-06-26 04:00:00,0.0,0
M025,605,2026-06-26 05:00:00,0.0,0
M025,606,2026-06-26 06:00:00,0.0,0
M025,607,2026-06-26 07:00:00,0.0,0
M025,608,2026-06-26 08:00:00,0.0,0
M025,609,2026-06-26 09:00:00,0.0,0
M025,610,2026-06-26 10:00:00,0.0,0
M025,611,2026-06-26 11:00:00,0.0,0
M025,612,2026-06-26 12:00:00,0.0,0
M025,613,2026-06-26 13:00:00,0.0,0
M025,614,2026-06-26 14:00:00,0.0,0
M025,615,2026-06-26 15:00:00,0.0,0
M025,616,2026-06-26 16:00:00,0.0,0
M025,617,2026-06-26 17:00:00,0.0,0
M025,618,2026-06-26 18:00:00,0.0,0
M025,619,2026-06-26 19:00:00,0.0,0
M025,620,2026-06-26 20:00:00,0.0,0
M025,621,2026-06-26 21:00:00,0.0,0
M025,622,2026-06-26 22:00:00,0.0,0
M025,623,2026-06-26 23:00:00,0.0,0
M025,624,2026-06-27 00:00:00,0.0,0
M025,625,2026-06-27 01:00:00,0.0,0
M025,626,2026-06-27 02:00:00,0.0,0
M025,627,2026-06-27 03:00:00,0.0,0
M025,628,2026-06-27 04:00:00,0.0,0
M025,629,2026-06-27 05:00:00,0.0,0
M025,630,2026-06-27 06:00:00,0.0,0
M025,631,2026-06-27 07:00:00,0.0,0
M025,632,2026-06-27 08:00:00,0.0,0
M025,633,2026-06-27 09:00:00,0.0,0
M025,634,2026-06-27 10:00:00,0.0,0
M025,635,2026-06-27 11:00:00,0.0,0
M025,636,2026-06-27 12:00:00,0.0,0
M025,637,2026-06-27 13:00:00,0.0,0
M025,638,2026-06-27 14:00:00,0.0,0
M025,639,2026-06-27 15:00:00,0.0,0
M025,640,2026-06-27 16:00:00,0.0,0
M025,641,2026-06-27 17:00:00,0.0,0
M025,642,2026-06-27 18:00:00,0.0,0
M025,643,2026-06-27 19:00:00,0.0,0
M025,644,2026-06-27 20:00:00,0.0,0
M025,645,2026-06-27 21:00:00,0.0,0
M025,646,2026-06-27 22:00:00,0.0,0
M025,647,2026-06-27 23:00:00,0.0,0
M025,648,2026-06-28 00:00:00,0.0,0
M025,649,2026-06-28 01:00:00,0.0,0
M025,650,2026-06-28 02:00:00,0.0,0
M025,651,2026-06-28 03:00:00,0.0,0
M025,652,2026-06-28 04:00:00,0.0,0
M025,653,2026-06-28 05:00:00,0.0,0
M025,654,2026-06-28 06:00:00,0.0,0
M025,655,2026-06-28 07:00:00,0.0,0
M025,656,2026-06-28 08:00:00,0.0,0
M025,657,2026-06-28 09:00:00,0.0,0
M025,658,2026-06-28 10:00:00,0.0,0
M025,659,2026-06-28 11:00:00,0.0,0
M025,660,2026-06-28 12:00:00,0.0,0
M025,661,2026-06-28 13:00:00,0.0,0
M025,662,2026-06-28 14:00:00,0.0,0
M025,663,2026-06-28 15:00:00,0.0,0
M025,664,2026-06-28 16:00:00,0.0,0
M025,665,2026-06-28 17:00:00,0.0,0
M025,666,2026-06-28 18:00:00,0.0,0
M025,667,2026-06-28 19:00:00,0.0,0
M025,668,2026-06-28 20:00:00,0.0,0
M025,669,2026-06-28 21:00:00,0.0,0
M025,670,2026-06-28 22:00:00,0.0,0
M025,671,2026-06-28 23:00:00,0.0,0
M025,672,2026-06-29 00:00:00,0.0,0
M025,673,2026-06-29 01:00:00,0.0,0
M025,674,2026-06-29 02:00:00,0.0,0
M025,675,2026-06-29 03:00:00,0.0,0
M025,676,2026-06-29 04:00:00,0.0,0
M025,677,2026-06-29 05:00:00,0.0,0
M025,678,2026-06-29 06:00:00,0.0,0
M025,679,2026-06-29 07:00:00,0.0,0
M025,680,2026-06-29 08:00:00,0.0,0
M025,681,2026-06-29 09:00:00,0.0,0
M025,682,2026-06-29 10:00:00,0.0,0
M025,683,2026-06-29 11:00:00,0.0,0
M025,684,2026-06-29 12:00:00,0.0,0
M025,685,2026-06-29 13:00:00,0.0,0
M025,686,2026-06-29 14:00:00,0.0,0
M025,687,2026-06-29 15:00:00,0.0,0
M025,688,2026-06-29 16:00:00,0.0,0
M025,689,2026-06-29 17:00:00,0.0,0
M025,690,2026-06-29 18:00:00,0.0,0
M025,691,2026-06-29 19:00:00,0.0,0
M025,692,2026-06-29 20:00:00,0.0,0
M025,693,2026-06-29 21:00:00,0.0,0
M025,694,2026-06-29 22:00:00,0.0,0
M025,695,2026-06-29 23:00:00,0.0,0
M025,696,2026-06-30 00:00:00,0.0,0
M025,697,2026-06-30 01:00:00,0.0,0
M025,698,2026-06-30 02:00:00,0.0,0
M025,699,2026-06-30 03:00:00,0.0,0
M025,700,2026-06-30 04:00:00,0.0,0
M025,701,2026-06-30 05:00:00,0.0,0
M025,702,2026-06-30 06:00:00,0.0,0
M025,703,2026-06-30 07:00:00,0.0,0
M025,704,2026-06-30 08:00:00,0.0,0
M025,705,2026-06-30 09:00:00,0.0,0
M025,706,2026-06-30 10:00:00,0.0,0
M025,707,2026-06-30 11:00:00,0.0,0
M025,708,2026-06-30 12:00:00,0.0,0
M025,709,2026-06-30 13:00:00,0.0,0
M025,710,2026-06-30 14:00:00,0.0,0
M025,711,2026-06-30 15:00:00,0.0,0
M025,712,2026-06-30 16:00:00,0.0,0
M025,713,2026-06-30 17:00:00,0.0,0
M025,714,2026-06-30 18:00:00,0.0,0
M025,715,2026-06-30 19:00:00,0.0,0
M025,716,2026-06-30 20:00:00,0.0,0
M025,717,2026-06-30 21:00:00,0.0,0
M025,718,2026-06-30 22:00:00,0.0,0
M025,719,2026-06-30 23:00:00,0.0,0
M026,23,2026-06-01 23:00:00,0.0,0
M026,24,2026-06-02 00:00:00,0.0,0
M026,25,2026-06-02 01:00:00,0.0,0
M026,26,2026-06-02 02:00:00,0.0,0
M026,27,2026-06-02 03:00:00,0.0,0
M026,28,2026-06-02 04:00:00,0.0,0
M026,29,2026-06-02 05:00:00,0.0,0
M026,30,2026-06-02 06:00:00,0.0,0
M026,31,2026-06-02 07:00:00,0.0,0
M026,32,2026-06-02 08:00:00,0.0,0
M026,33,2026-06-02 09:00:00,0.0,0
M026,34,2026-06-02 10:00:00,0.0,0
M026,35,2026-06-02 11:00:00,0.0,0
M026,36,2026-06-02 12:00:00,0.0,0
M026,37,2026-06-02 13:00:00,0.0,0
M026,38,2026-06-02 14:00:00,0.0,0
M026,39,2026-06-02 15:00:00,0.0,0
M026,40,2026-06-02 16:00:00,0.0,0
M026,41,2026-06-02 17:00:00,0.0,0
M026,42,2026-06-02 18:00:00,0.005720458375679847,0
M026,43,2026-06-02 19:00:00,0.0,0
M026,44,2026-06-02 20:00:00,0.0,0
M026,45,2026-06-02 21:00:00,0.0,0
M026,46,2026-06-02 22:00:00,0.0,0
M026,47,2026-06-02 23:00:00,0.0,0
M026,48,2026-06-03 00:00:00,0.0030205061082024423,0
M026,49,2026-06-03 01:00:00,0.0,0
M026,50,2026-06-03 02:00:00,0.0,0
M026,51,2026-06-03 03:00:00,0.0,0
M026,52,2026-06-03 04:00:00,0.0,0
M026,53,2026-06-03 05:00:00,0.010303979880909916,0
M026,54,2026-06-03 06:00:00,0.010303979880909916,0
M026,55,2026-06-03 07:00:00,0.013279850618539105,0
M026,56,2026-06-03 08:00:00,0.0,0
M026,57,2026-06-03 09:00:00,0.010303979880909916,0
M026,58,2026-06-03 10:00:00,0.0,0
M026,59,2026-06-03 11:00:00,0.0,0
M026,60,2026-06-03 12:00:00,0.0,0
M026,61,2026-06-03 13:00:00,0.0,0
M026,62,2026-06-03 14:00:00,0.0,0
M026,63,2026-06-03 15:00:00,0.0,0
M026,64,2026-06-03 16:00:00,0.0,0
M026,65,2026-06-03 17:00:00,0.0,0
M026,66,2026-06-03 18:00:00,0.0,0
M026,67,2026-06-03 19:00:00,0.0,0
M026,68,2026-06-03 20:00:00,0.0,0
M026,69,2026-06-03 21:00:00,0.0,0
M026,70,2026-06-03 22:00:00,0.0,0
M026,71,2026-06-03 23:00:00,0.0,0
M026,72,2026-06-04 00:00:00,0.0,0
M026,73,2026-06-04 01:00:00,0.0,0
M026,74,2026-06-04 02:00:00,0.0,0
M026,75,2026-06-04 03:00:00,0.0,0
M026,76,2026-06-04 04:00:00,0.0,0
M026,77,2026-06-04 05:00:00,0.0,0
M026,78,2026-06-04 06:00:00,0.0,0
M026,79,2026-06-04 07:00:00,0.0,0
M026,80,2026-06-04 08:00:00,0.0,0
M026,81,2026-06-04 09:00:00,0.0,0
M026,82,2026-06-04 10:00:00,0.0,0
M026,83,2026-06-04 11:00:00,0.0,0
M026,84,2026-06-04 12:00:00,0.0,0
M026,85,2026-06-04 13:00:00,0.0,0
M026,86,2026-06-04 14:00:00,0.0,0
M026,87,2026-06-04 15:00:00,0.0,0
M026,88,2026-06-04 16:00:00,0.0,0
M026,89,2026-06-04 17:00:00,0.0,0
M026,90,2026-06-04 18:00:00,0.0,0
M026,91,2026-06-04 19:00:00,0.0,0
M026,92,2026-06-04 20:00:00,0.0,0
M026,93,2026-06-04 21:00:00,0.0,0
M026,94,2026-06-04 22:00:00,0.0,0
M026,95,2026-06-04 23:00:00,0.0,0
M026,96,2026-06-05 00:00:00,0.0,0
M026,97,2026-06-05 01:00:00,0.0,0
M026,98,2026-06-05 02:00:00,0.0,0
M026,99,2026-06-05 03:00:00,0.0,0
M026,100,2026-06-05 04:00:00,0.0,0
M026,101,2026-06-05 05:00:00,0.0,0
M026,102,2026-06-05 06:00:00,0.0,0
M026,103,2026-06-05 07:00:00,0.0,0
M026,104,2026-06-05 08:00:00,0.0,0
M026,105,2026-06-05 09:00:00,0.0,0
M026,106,2026-06-05 10:00:00,0.0,0
M026,107,2026-06-05 11:00:00,0.0,0
M026,108,2026-06-05 12:00:00,0.0,0
M026,109,2026-06-05 13:00:00,0.0,0
M026,110,2026-06-05 14:00:00,0.0,0
M026,111,2026-06-05 15:00:00,0.0,0
M026,112,2026-06-05 16:00:00,0.0,0
M026,113,2026-06-05 17:00:00,0.0,0
M026,114,2026-06-05 18:00:00,0.0,0
M026,115,2026-06-05 19:00:00,0.0,0
M026,116,2026-06-05 20:00:00,0.0,0
M026,117,2026-06-05 21:00:00,0.0,0
M026,118,2026-06-05 22:00:00,0.0,0
M026,119,2026-06-05 23:00:00,0.0,0
M026,120,2026-06-06 00:00:00,0.0,0
M026,121,2026-06-06 01:00:00,0.0,0
M026,122,2026-06-06 02:00:00,0.0,0
M026,123,2026-06-06 03:00:00,0.0,0
M026,124,2026-06-06 04:00:00,0.0,0
M026,125,2026-06-06 05:00:00,0.0,0
M026,126,2026-06-06 06:00:00,0.0,0
M026,127,2026-06-06 07:00:00,0.0,0
M026,128,2026-06-06 08:00:00,0.0,0
M026,129,2026-06-06 09:00:00,0.0,0
M026,130,2026-06-06 10:00:00,0.0,0
M026,131,2026-06-06 11:00:00,0.0,0
M026,132,2026-06-06 12:00:00,0.0,0
M026,133,2026-06-06 13:00:00,0.0,0
M026,134,2026-06-06 14:00:00,0.0,0
M026,135,2026-06-06 15:00:00,0.0,0
M026,136,2026-06-06 16:00:00,0.0,0
M026,137,2026-06-06 17:00:00,0.0,0
M026,138,2026-06-06 18:00:00,0.0,0
M026,139,2026-06-06 19:00:00,0.0,0
M026,140,2026-06-06 20:00:00,0.0,0
M026,141,2026-06-06 21:00:00,0.0,0
M026,142,2026-06-06 22:00:00,0.0,0
M026,143,2026-06-06 23:00:00,0.0,0
M026,144,2026-06-07 00:00:00,0.0,0
M026,145,2026-06-07 01:00:00,0.0,0
M026,146,2026-06-07 02:00:00,0.0,0
M026,147,2026-06-07 03:00:00,0.0,0
M026,148,2026-06-07 04:00:00,0.0,0
M026,149,2026-06-07 05:00:00,0.0,0
M026,150,2026-06-07 06:00:00,0.0,0
M026,151,2026-06-07 07:00:00,0.0,0
M026,152,2026-06-07 08:00:00,0.0,0
M026,153,2026-06-07 09:00:00,0.0,0
M026,154,2026-06-07 10:00:00,0.0,0
M026,155,2026-06-07 11:00:00,0.0,0
M026,156,2026-06-07 12:00:00,0.0,0
M026,157,2026-06-07 13:00:00,0.0,0
M026,158,2026-06-07 14:00:00,0.0,0
M026,159,2026-06-07 15:00:00,0.0,0
M026,160,2026-06-07 16:00:00,0.0,0
M026,161,2026-06-07 17:00:00,0.0,0
M026,162,2026-06-07 18:00:00,0.0,0
M026,163,2026-06-07 19:00:00,0.0,0
M026,164,2026-06-07 20:00:00,0.0,0
M026,165,2026-06-07 21:00:00,0.0,0
M026,166,2026-06-07 22:00:00,0.0,0
M026,167,2026-06-07 23:00:00,0.0,0
M026,168,2026-06-08 00:00:00,0.0,0
M026,169,2026-06-08 01:00:00,0.0,0
M026,170,2026-06-08 02:00:00,0.0,0
M026,171,2026-06-08 03:00:00,0.0,0
M026,172,2026-06-08 04:00:00,0.0,0
M026,173,2026-06-08 05:00:00,0.0,0
M026,174,2026-06-08 06:00:00,0.0,0
M026,175,2026-06-08 07:00:00,0.0,0
M026,176,2026-06-08 08:00:00,0.0,0
M026,177,2026-06-08 09:00:00,0.0,0
M026,178,2026-06-08 10:00:00,0.0,0
M026,179,2026-06-08 11:00:00,0.0025997171145686,0
M026,180,2026-06-08 12:00:00,0.0,0
M026,181,2026-06-08 13:00:00,0.0,0
M026,182,2026-06-08 14:00:00,0.0,0
M026,183,2026-06-08 15:00:00,0.0,0
M026,184,2026-06-08 16:00:00,0.0,0
M026,185,2026-06-08 17:00:00,0.0,0
M026,186,2026-06-08 18:00:00,0.0,0
M026,187,2026-06-08 19:00:00,0.0,0
M026,188,2026-06-08 20:00:00,0.0,0
M026,189,2026-06-08 21:00:00,0.0,0
M026,190,2026-06-08 22:00:00,0.0,0
M026,191,2026-06-08 23:00:00,0.0,0
M026,192,2026-06-09 00:00:00,0.0,0
M026,193,2026-06-09 01:00:00,0.0,0
M026,194,2026-06-09 02:00:00,0.0,0
M026,195,2026-06-09 03:00:00,0.0,0
M026,196,2026-06-09 04:00:00,0.0,0
M026,197,2026-06-09 05:00:00,0.0,0
M026,198,2026-06-09 06:00:00,0.0,0
M026,199,2026-06-09 07:00:00,0.0,0
M026,200,2026-06-09 08:00:00,0.0,0
M026,201,2026-06-09 09:00:00,0.0,0
M026,202,2026-06-09 10:00:00,0.0,0
M026,203,2026-06-09 11:00:00,0.0,0
M026,204,2026-06-09 12:00:00,0.0,0
M026,205,2026-06-09 13:00:00,0.0,0
M026,206,2026-06-09 14:00:00,0.0,0
M026,207,2026-06-09 15:00:00,0.0,0
M026,208,2026-06-09 16:00:00,0.0,0
M026,209,2026-06-09 17:00:00,0.0,0
M026,210,2026-06-09 18:00:00,0.0,0
M026,211,2026-06-09 19:00:00,0.0,0
M026,212,2026-06-09 20:00:00,0.0,0
M026,213,2026-06-09 21:00:00,0.0,0
M026,214,2026-06-09 22:00:00,0.0,0
M026,215,2026-06-09 23:00:00,0.0,0
M026,216,2026-06-10 00:00:00,0.0,0
M026,217,2026-06-10 01:00:00,0.0,0
M026,218,2026-06-10 02:00:00,0.0,0
M026,219,2026-06-10 03:00:00,0.0,0
M026,220,2026-06-10 04:00:00,0.0,0
M026,221,2026-06-10 05:00:00,0.0,0
M026,222,2026-06-10 06:00:00,0.0,0
M026,223,2026-06-10 07:00:00,0.0,0
M026,224,2026-06-10 08:00:00,0.0,0
M026,225,2026-06-10 09:00:00,0.0,0
M026,226,2026-06-10 10:00:00,0.0,0
M026,227,2026-06-10 11:00:00,0.0,0
M026,228,2026-06-10 12:00:00,0.0,0
M026,229,2026-06-10 13:00:00,0.0,0
M026,230,2026-06-10 14:00:00,0.0,0
M026,231,2026-06-10 15:00:00,0.0,0
M026,232,2026-06-10 16:00:00,0.0,0
M026,233,2026-06-10 17:00:00,0.0,0
M026,234,2026-06-10 18:00:00,0.0,0
M026,235,2026-06-10 19:00:00,0.0,0
M026,236,2026-06-10 20:00:00,0.0,0
M026,237,2026-06-10 21:00:00,0.0,0
M026,238,2026-06-10 22:00:00,0.0,0
M026,239,2026-06-10 23:00:00,0.0,0
M026,240,2026-06-11 00:00:00,0.0,0
M026,241,2026-06-11 01:00:00,0.0,0
M026,242,2026-06-11 02:00:00,0.0,0
M026,243,2026-06-11 03:00:00,0.0,0
M026,244,2026-06-11 04:00:00,0.0,0
M026,245,2026-06-11 05:00:00,0.0,0
M026,246,2026-06-11 06:00:00,0.0,0
M026,247,2026-06-11 07:00:00,0.0,0
M026,248,2026-06-11 08:00:00,0.0,0
M026,249,2026-06-11 09:00:00,0.0,0
M026,250,2026-06-11 10:00:00,0.0,0
M026,251,2026-06-11 11:00:00,0.0,0
M026,252,2026-06-11 12:00:00,0.0,0
M026,253,2026-06-11 13:00:00,0.0,0
M026,254,2026-06-11 14:00:00,0.0,0
M026,255,2026-06-11 15:00:00,0.0,0
M026,256,2026-06-11 16:00:00,0.0,0
M026,257,2026-06-11 17:00:00,0.0,0
M026,258,2026-06-11 18:00:00,0.0,0
M026,259,2026-06-11 19:00:00,0.0,0
M026,260,2026-06-11 20:00:00,0.0,0
M026,261,2026-06-11 21:00:00,0.0,0
M026,262,2026-06-11 22:00:00,0.0,0
M026,263,2026-06-11 23:00:00,0.0,0
M026,264,2026-06-12 00:00:00,0.0,0
M026,265,2026-06-12 01:00:00,0.0,0
M026,266,2026-06-12 02:00:00,0.0,0
M026,267,2026-06-12 03:00:00,0.0,0
M026,268,2026-06-12 04:00:00,0.0,0
M026,269,2026-06-12 05:00:00,0.0,0
M026,270,2026-06-12 06:00:00,0.0,0
M026,271,2026-06-12 07:00:00,0.0,0
M026,272,2026-06-12 08:00:00,0.0,0
M026,273,2026-06-12 09:00:00,0.0,0
M026,274,2026-06-12 10:00:00,0.0,0
M026,275,2026-06-12 11:00:00,0.0,0
M026,276,2026-06-12 12:00:00,0.0,0
M026,277,2026-06-12 13:00:00,0.0,0
M026,278,2026-06-12 14:00:00,0.0,0
M026,279,2026-06-12 15:00:00,0.0,0
M026,280,2026-06-12 16:00:00,0.0,0
M026,281,2026-06-12 17:00:00,0.0,0
M026,282,2026-06-12 18:00:00,0.0,0
M026,283,2026-06-12 19:00:00,0.0,0
M026,284,2026-06-12 20:00:00,0.0,0
M026,285,2026-06-12 21:00:00,0.0,0
M026,286,2026-06-12 22:00:00,0.0,0
M026,287,2026-06-12 23:00:00,0.0,0
M026,288,2026-06-13 00:00:00,0.0,0
M026,289,2026-06-13 01:00:00,0.0,0
M026,290,2026-06-13 02:00:00,0.0,0
M026,291,2026-06-13 03:00:00,0.0,0
M026,292,2026-06-13 04:00:00,0.0,0
M026,293,2026-06-13 05:00:00,0.0,0
M026,294,2026-06-13 06:00:00,0.0,0
M026,295,2026-06-13 07:00:00,0.0,0
M026,296,2026-06-13 08:00:00,0.0,0
M026,297,2026-06-13 09:00:00,0.0,0
M026,298,2026-06-13 10:00:00,0.0,0
M026,299,2026-06-13 11:00:00,0.0,0
M026,300,2026-06-13 12:00:00,0.0,0
M026,301,2026-06-13 13:00:00,0.0,0
M026,302,2026-06-13 14:00:00,0.0,0
M026,303,2026-06-13 15:00:00,0.0,0
M026,304,2026-06-13 16:00:00,0.0,0
M026,305,2026-06-13 17:00:00,0.0,0
M026,306,2026-06-13 18:00:00,0.0,0
M026,307,2026-06-13 19:00:00,0.0,0
M026,308,2026-06-13 20:00:00,0.0,0
M026,309,2026-06-13 21:00:00,0.0,0
M026,310,2026-06-13 22:00:00,0.0,0
M026,311,2026-06-13 23:00:00,0.0,0
M026,312,2026-06-14 00:00:00,0.0,0
M026,313,2026-06-14 01:00:00,0.0,0
M026,314,2026-06-14 02:00:00,0.0,0
M026,315,2026-06-14 03:00:00,0.0,0
M026,316,2026-06-14 04:00:00,0.0,0
M026,317,2026-06-14 05:00:00,0.0,0
M026,318,2026-06-14 06:00:00,0.0,0
M026,319,2026-06-14 07:00:00,0.0,0
M026,320,2026-06-14 08:00:00,0.0,0
M026,321,2026-06-14 09:00:00,0.0,0
M026,322,2026-06-14 10:00:00,0.0,0
M026,323,2026-06-14 11:00:00,0.0,0
M026,324,2026-06-14 12:00:00,0.0,0
M026,325,2026-06-14 13:00:00,0.0,0
M026,326,2026-06-14 14:00:00,0.0,0
M026,327,2026-06-14 15:00:00,0.0,0
M026,328,2026-06-14 16:00:00,0.0,0
M026,329,2026-06-14 17:00:00,0.0,0
M026,330,2026-06-14 18:00:00,0.0,0
M026,331,2026-06-14 19:00:00,0.0,0
M026,332,2026-06-14 20:00:00,0.0,0
M026,333,2026-06-14 21:00:00,0.0,0
M026,334,2026-06-14 22:00:00,0.0,0
M026,335,2026-06-14 23:00:00,0.0,0
M026,336,2026-06-15 00:00:00,0.0,0
M026,337,2026-06-15 01:00:00,0.0,0
M026,338,2026-06-15 02:00:00,0.0,0
M026,339,2026-06-15 03:00:00,0.0,0
M026,340,2026-06-15 04:00:00,0.0,0
M026,341,2026-06-15 05:00:00,0.0,0
M026,342,2026-06-15 06:00:00,0.0,0
M026,343,2026-06-15 07:00:00,0.0,0
M026,344,2026-06-15 08:00:00,0.0,0
M026,345,2026-06-15 09:00:00,0.0,0
M026,346,2026-06-15 10:00:00,0.0,0
M026,347,2026-06-15 11:00:00,0.0,0
M026,348,2026-06-15 12:00:00,0.0,0
M026,349,2026-06-15 13:00:00,0.0,0
M026,350,2026-06-15 14:00:00,0.0,0
M026,351,2026-06-15 15:00:00,0.0,0
M026,352,2026-06-15 16:00:00,0.0,0
M026,353,2026-06-15 17:00:00,0.0,0
M026,354,2026-06-15 18:00:00,0.0,0
M026,355,2026-06-15 19:00:00,0.0,0
M026,356,2026-06-15 20:00:00,0.0,0
M026,357,2026-06-15 21:00:00,0.0,0
M026,358,2026-06-15 22:00:00,0.0,0
M026,359,2026-06-15 23:00:00,0.0,0
M026,360,2026-06-16 00:00:00,0.0,0
M026,361,2026-06-16 01:00:00,0.0,0
M026,362,2026-06-16 02:00:00,0.0,0
M026,363,2026-06-16 03:00:00,0.0,0
M026,364,2026-06-16 04:00:00,0.0,0
M026,365,2026-06-16 05:00:00,0.0,0
M026,366,2026-06-16 06:00:00,0.0,0
M026,367,2026-06-16 07:00:00,0.0,0
M026,368,2026-06-16 08:00:00,0.0,0
M026,369,2026-06-16 09:00:00,0.0,0
M026,370,2026-06-16 10:00:00,0.0,0
M026,371,2026-06-16 11:00:00,0.0,0
M026,372,2026-06-16 12:00:00,0.0,0
M026,373,2026-06-16 13:00:00,0.0,0
M026,374,2026-06-16 14:00:00,0.0,0
M026,375,2026-06-16 15:00:00,0.0,0
M026,376,2026-06-16 16:00:00,0.0,0
M026,377,2026-06-16 17:00:00,0.0,0
M026,378,2026-06-16 18:00:00,0.0,0
M026,379,2026-06-16 19:00:00,0.0,0
M026,380,2026-06-16 20:00:00,0.01266750723684605,0
M026,381,2026-06-16 21:00:00,0.00988939563167039,0
M026,382,2026-06-16 22:00:00,0.0,0
M026,383,2026-06-16 23:00:00,0.0025997171145686,0
M026,384,2026-06-17 00:00:00,0.0,0
M026,385,2026-06-17 01:00:00,0.0,0
M026,386,2026-06-17 02:00:00,0.0,0
M026,387,2026-06-17 03:00:00,0.003201317261811583,0
M026,388,2026-06-17 04:00:00,0.003201317261811583,0
M026,389,2026-06-17 05:00:00,0.0,0
M026,390,2026-06-17 06:00:00,0.0,0
M026,391,2026-06-17 07:00:00,0.0,0
M026,392,2026-06-17 08:00:00,0.0,0
M026,393,2026-06-17 09:00:00,0.0,0
M026,394,2026-06-17 10:00:00,0.0,0
M026,395,2026-06-17 11:00:00,0.0,0
M026,396,2026-06-17 12:00:00,0.0,0
M026,397,2026-06-17 13:00:00,0.0,0
M026,398,2026-06-17 14:00:00,0.0,0
M026,399,2026-06-17 15:00:00,0.0,0
M026,400,2026-06-17 16:00:00,0.0,0
M026,401,2026-06-17 17:00:00,0.0,0
M026,402,2026-06-17 18:00:00,0.0,0
M026,403,2026-06-17 19:00:00,0.0,0
M026,404,2026-06-17 20:00:00,0.0,0
M026,405,2026-06-17 21:00:00,0.0,0
M026,406,2026-06-17 22:00:00,0.0,0
M026,407,2026-06-17 23:00:00,0.0,0
M026,408,2026-06-18 00:00:00,0.0,0
M026,409,2026-06-18 01:00:00,0.0,0
M026,410,2026-06-18 02:00:00,0.0,0
M026,411,2026-06-18 03:00:00,0.0,0
M026,412,2026-06-18 04:00:00,0.0,0
M026,413,2026-06-18 05:00:00,0.0,0
M026,414,2026-06-18 06:00:00,0.0,0
M026,415,2026-06-18 07:00:00,0.0,0
M026,416,2026-06-18 08:00:00,0.0,0
M026,417,2026-06-18 09:00:00,0.0,0
M026,418,2026-06-18 10:00:00,0.0,0
M026,419,2026-06-18 11:00:00,0.0,0
M026,420,2026-06-18 12:00:00,0.0,0
M026,421,2026-06-18 13:00:00,0.0,0
M026,422,2026-06-18 14:00:00,0.0,0
M026,423,2026-06-18 15:00:00,0.0,0
M026,424,2026-06-18 16:00:00,0.0,0
M026,425,2026-06-18 17:00:00,0.0,0
M026,426,2026-06-18 18:00:00,0.0,0
M026,427,2026-06-18 19:00:00,0.0,0
M026,428,2026-06-18 20:00:00,0.0,0
M026,429,2026-06-18 21:00:00,0.0,0
M026,430,2026-06-18 22:00:00,0.0,0
M026,431,2026-06-18 23:00:00,0.0,0
M026,432,2026-06-19 00:00:00,0.0,0
M026,433,2026-06-19 01:00:00,0.0,0
M026,434,2026-06-19 02:00:00,0.0,0
M026,435,2026-06-19 03:00:00,0.0,0
M026,436,2026-06-19 04:00:00,0.0,0
M026,437,2026-06-19 05:00:00,0.0,0
M026,438,2026-06-19 06:00:00,0.0,0
M026,439,2026-06-19 07:00:00,0.0,0
M026,440,2026-06-19 08:00:00,0.0,0
M026,441,2026-06-19 09:00:00,0.0,0
M026,442,2026-06-19 10:00:00,0.0,0
M026,443,2026-06-19 11:00:00,0.0,0
M026,444,2026-06-19 12:00:00,0.0,0
M026,445,2026-06-19 13:00:00,0.0,0
M026,446,2026-06-19 14:00:00,0.0,0
M026,447,2026-06-19 15:00:00,0.0,0
M026,448,2026-06-19 16:00:00,0.0,0
M026,449,2026-06-19 17:00:00,0.0,0
M026,450,2026-06-19 18:00:00,0.0,0
M026,451,2026-06-19 19:00:00,0.0,0
M026,452,2026-06-19 20:00:00,0.0,0
M026,453,2026-06-19 21:00:00,0.0,0
M026,454,2026-06-19 22:00:00,0.0027475060609673694,0
M026,455,2026-06-19 23:00:00,0.0027475060609673694,0
M026,456,2026-06-20 00:00:00,0.0027475060609673694,0
M026,457,2026-06-20 01:00:00,0.0027475060609673694,0
M026,458,2026-06-20 02:00:00,0.0,0
M026,459,2026-06-20 03:00:00,0.0027475060609673694,0
M026,460,2026-06-20 04:00:00,0.0027475060609673694,0
M026,461,2026-06-20 05:00:00,0.0,0
M026,462,2026-06-20 06:00:00,0.0,0
M026,463,2026-06-20 07:00:00,0.0,0
M026,464,2026-06-20 08:00:00,0.0,0
M026,465,2026-06-20 09:00:00,0.0,0
M026,466,2026-06-20 10:00:00,0.0,0
M026,467,2026-06-20 11:00:00,0.0,0
M026,468,2026-06-20 12:00:00,0.0,0
M026,469,2026-06-20 13:00:00,0.0,0
M026,470,2026-06-20 14:00:00,0.0,0
M026,471,2026-06-20 15:00:00,0.0,0
M026,472,2026-06-20 16:00:00,0.0,0
M026,473,2026-06-20 17:00:00,0.0,0
M026,474,2026-06-20 18:00:00,0.0,0
M026,475,2026-06-20 19:00:00,0.00311450312936197,0
M026,476,2026-06-20 20:00:00,0.0,0
M026,477,2026-06-20 21:00:00,0.0,0
M026,478,2026-06-20 22:00:00,0.0,0
M026,479,2026-06-20 23:00:00,0.0,0
M026,480,2026-06-21 00:00:00,0.0,0
M026,481,2026-06-21 01:00:00,0.0,0
M026,482,2026-06-21 02:00:00,0.0,0
M026,483,2026-06-21 03:00:00,0.0,0
M026,484,2026-06-21 04:00:00,0.0,0
M026,485,2026-06-21 05:00:00,0.0,0
M026,486,2026-06-21 06:00:00,0.0,0
M026,487,2026-06-21 07:00:00,0.0,0
M026,488,2026-06-21 08:00:00,0.0,0
M026,489,2026-06-21 09:00:00,0.0,0
M026,490,2026-06-21 10:00:00,0.0,0
M026,491,2026-06-21 11:00:00,0.0,0
M026,492,2026-06-21 12:00:00,0.0,0
M026,493,2026-06-21 13:00:00,0.0,0
M026,494,2026-06-21 14:00:00,0.0,0
M026,495,2026-06-21 15:00:00,0.0,0
M026,496,2026-06-21 16:00:00,0.0,0
M026,497,2026-06-21 17:00:00,0.0,0
M026,498,2026-06-21 18:00:00,0.0,0
M026,499,2026-06-21 19:00:00,0.0,0
M026,500,2026-06-21 20:00:00,0.003015520097654547,0
M026,501,2026-06-21 21:00:00,0.003015520097654547,0
M026,502,2026-06-21 22:00:00,0.0,0
M026,503,2026-06-21 23:00:00,0.0,0
M026,504,2026-06-22 00:00:00,0.0,0
M026,505,2026-06-22 01:00:00,0.0,0
M026,506,2026-06-22 02:00:00,0.0,0
M026,507,2026-06-22 03:00:00,0.0,0
M026,508,2026-06-22 04:00:00,0.008521219451930365,0
M026,509,2026-06-22 05:00:00,0.005209292736710139,0
M026,510,2026-06-22 06:00:00,0.005209292736710139,0
M026,511,2026-06-22 07:00:00,0.005209292736710139,0
M026,512,2026-06-22 08:00:00,0.005209292736710139,0
M026,513,2026-06-22 09:00:00,0.005209292736710139,0
M026,514,2026-06-22 10:00:00,0.0,0
M026,515,2026-06-22 11:00:00,0.0,0
M026,516,2026-06-22 12:00:00,0.0,0
M026,517,2026-06-22 13:00:00,0.0,0
M026,518,2026-06-22 14:00:00,0.0,0
M026,519,2026-06-22 15:00:00,0.0,0
M026,520,2026-06-22 16:00:00,0.0,0
M026,521,2026-06-22 17:00:00,0.0,0
M026,522,2026-06-22 18:00:00,0.0,0
M026,523,2026-06-22 19:00:00,0.0,0
M026,524,2026-06-22 20:00:00,0.0,0
M026,525,2026-06-22 21:00:00,0.0033333333333333335,0
M026,526,2026-06-22 22:00:00,0.0,0
M026,527,2026-06-22 23:00:00,0.0,0
M026,528,2026-06-23 00:00:00,0.0,0
M026,529,2026-06-23 01:00:00,0.0,0
M026,530,2026-06-23 02:00:00,0.0,0
M026,531,2026-06-23 03:00:00,0.0,0
M026,532,2026-06-23 04:00:00,0.0,0
M026,533,2026-06-23 05:00:00,0.0,0
M026,534,2026-06-23 06:00:00,0.003277750183306133,0
M026,535,2026-06-23 07:00:00,0.0,0
M026,536,2026-06-23 08:00:00,0.0,0
M026,537,2026-06-23 09:00:00,0.0,0
M026,538,2026-06-23 10:00:00,0.0,0
M026,539,2026-06-23 11:00:00,0.0,0
M026,540,2026-06-23 12:00:00,0.0,0
M026,541,2026-06-23 13:00:00,0.0,0
M026,542,2026-06-23 14:00:00,0.0,0
M026,543,2026-06-23 15:00:00,0.0,0
M026,544,2026-06-23 16:00:00,0.0,0
M026,545,2026-06-23 17:00:00,0.0,0
M026,546,2026-06-23 18:00:00,0.0,0
M026,547,2026-06-23 19:00:00,0.0,0
M026,548,2026-06-23 20:00:00,0.0,0
M026,549,2026-06-23 21:00:00,0.0,0
M026,550,2026-06-23 22:00:00,0.0,0
M026,551,2026-06-23 23:00:00,0.0,0
M026,552,2026-06-24 00:00:00,0.0,0
M026,553,2026-06-24 01:00:00,0.0032206782580359848,0
M026,554,2026-06-24 02:00:00,0.005621833108233934,0
M026,555,2026-06-24 03:00:00,0.0032206782580359848,0
M026,556,2026-06-24 04:00:00,0.0030117857220660965,0
M026,557,2026-06-24 05:00:00,0.0,0
M026,558,2026-06-24 06:00:00,0.0,0
M026,559,2026-06-24 07:00:00,0.0,0
M026,560,2026-06-24 08:00:00,0.0,0
M026,561,2026-06-24 09:00:00,0.0,0
M026,562,2026-06-24 10:00:00,0.0,0
M026,563,2026-06-24 11:00:00,0.0,0
M026,564,2026-06-24 12:00:00,0.0,0
M026,565,2026-06-24 13:00:00,0.0,0
M026,566,2026-06-24 14:00:00,0.0,0
M026,567,2026-06-24 15:00:00,0.0,0
M026,568,2026-06-24 16:00:00,0.0,0
M026,569,2026-06-24 17:00:00,0.0,0
M026,570,2026-06-24 18:00:00,0.0,0
M026,571,2026-06-24 19:00:00,0.0,0
M026,572,2026-06-24 20:00:00,0.0,0
M026,573,2026-06-24 21:00:00,0.0,0
M026,574,2026-06-24 22:00:00,0.0,0
M026,575,2026-06-24 23:00:00,0.0,0
M026,576,2026-06-25 00:00:00,0.0,0
M026,577,2026-06-25 01:00:00,0.0,0
M026,578,2026-06-25 02:00:00,0.0,0
M026,579,2026-06-25 03:00:00,0.0,0
M026,580,2026-06-25 04:00:00,0.0,0
M026,581,2026-06-25 05:00:00,0.0,0
M026,582,2026-06-25 06:00:00,0.0,0
M026,583,2026-06-25 07:00:00,0.0,0
M026,584,2026-06-25 08:00:00,0.0,0
M026,585,2026-06-25 09:00:00,0.0,0
M026,586,2026-06-25 10:00:00,0.0,0
M026,587,2026-06-25 11:00:00,0.0,0
M026,588,2026-06-25 12:00:00,0.0,0
M026,589,2026-06-25 13:00:00,0.0,0
M026,590,2026-06-25 14:00:00,0.0028988233327063356,0
M026,591,2026-06-25 15:00:00,0.0,0
M026,592,2026-06-25 16:00:00,0.0,0
M026,593,2026-06-25 17:00:00,0.0,0
M026,594,2026-06-25 18:00:00,0.0,0
M026,595,2026-06-25 19:00:00,0.0,0
M026,596,2026-06-25 20:00:00,0.0,0
M026,597,2026-06-25 21:00:00,0.0,0
M026,598,2026-06-25 22:00:00,0.0,0
M026,599,2026-06-25 23:00:00,0.0,0
M026,600,2026-06-26 00:00:00,0.0,0
M026,601,2026-06-26 01:00:00,0.0,0
M026,602,2026-06-26 02:00:00,0.0,0
M026,603,2026-06-26 03:00:00,0.0,0
M026,604,2026-06-26 04:00:00,0.0,0
M026,605,2026-06-26 05:00:00,0.0,0
M026,606,2026-06-26 06:00:00,0.0,0
M026,607,2026-06-26 07:00:00,0.0,0
M026,608,2026-06-26 08:00:00,0.0,0
M026,609,2026-06-26 09:00:00,0.0,0
M026,610,2026-06-26 10:00:00,0.0,0
M026,611,2026-06-26 11:00:00,0.0,0
M026,612,2026-06-26 12:00:00,0.0,0
M026,613,2026-06-26 13:00:00,0.0,0
M026,614,2026-06-26 14:00:00,0.0,0
M026,615,2026-06-26 15:00:00,0.0,0
M026,616,2026-06-26 16:00:00,0.0,0
M026,617,2026-06-26 17:00:00,0.0,0
M026,618,2026-06-26 18:00:00,0.0,0
M026,619,2026-06-26 19:00:00,0.0,0
M026,620,2026-06-26 20:00:00,0.0,0
M026,621,2026-06-26 21:00:00,0.0,0
M026,622,2026-06-26 22:00:00,0.0,0
M026,623,2026-06-26 23:00:00,0.002536104391173668,0
M026,624,2026-06-27 00:00:00,0.0,0
M026,625,2026-06-27 01:00:00,0.0,0
M026,626,2026-06-27 02:00:00,0.0,0
M026,627,2026-06-27 03:00:00,0.0,0
M026,628,2026-06-27 04:00:00,0.0,0
M026,629,2026-06-27 05:00:00,0.0,0
M026,630,2026-06-27 06:00:00,0.0,0
M026,631,2026-06-27 07:00:00,0.0,0
M026,632,2026-06-27 08:00:00,0.0,0
M026,633,2026-06-27 09:00:00,0.0,0
M026,634,2026-06-27 10:00:00,0.0,0
M026,635,2026-06-27 11:00:00,0.0,0
M026,636,2026-06-27 12:00:00,0.0,0
M026,637,2026-06-27 13:00:00,0.0,0
M026,638,2026-06-27 14:00:00,0.0,0
M026,639,2026-06-27 15:00:00,0.0,0
M026,640,2026-06-27 16:00:00,0.0,0
M026,641,2026-06-27 17:00:00,0.0,0
M026,642,2026-06-27 18:00:00,0.0,0
M026,643,2026-06-27 19:00:00,0.0,0
M026,644,2026-06-27 20:00:00,0.0,0
M026,645,2026-06-27 21:00:00,0.0,0
M026,646,2026-06-27 22:00:00,0.0,0
M026,647,2026-06-27 23:00:00,0.0,0
M026,648,2026-06-28 00:00:00,0.0,0
M026,649,2026-06-28 01:00:00,0.0,0
M026,650,2026-06-28 02:00:00,0.0,0
M026,651,2026-06-28 03:00:00,0.0,0
M026,652,2026-06-28 04:00:00,0.0,0
M026,653,2026-06-28 05:00:00,0.0,0
M026,654,2026-06-28 06:00:00,0.0,0
M026,655,2026-06-28 07:00:00,0.0,0
M026,656,2026-06-28 08:00:00,0.0,0
M026,657,2026-06-28 09:00:00,0.0,0
M026,658,2026-06-28 10:00:00,0.0,0
M026,659,2026-06-28 11:00:00,0.0,0
M026,660,2026-06-28 12:00:00,0.0,0
M026,661,2026-06-28 13:00:00,0.0,0
M026,662,2026-06-28 14:00:00,0.0,0
M026,663,2026-06-28 15:00:00,0.0,0
M026,664,2026-06-28 16:00:00,0.0,0
M026,665,2026-06-28 17:00:00,0.0,0
M026,666,2026-06-28 18:00:00,0.0,0
M026,667,2026-06-28 19:00:00,0.0,0
M026,668,2026-06-28 20:00:00,0.0,0
M026,669,2026-06-28 21:00:00,0.0,0
M026,670,2026-06-28 22:00:00,0.0,0
M026,671,2026-06-28 23:00:00,0.0,0
M026,672,2026-06-29 00:00:00,0.0,0
M026,673,2026-06-29 01:00:00,0.0,0
M026,674,2026-06-29 02:00:00,0.0,0
M026,675,2026-06-29 03:00:00,0.0,0
M026,676,2026-06-29 04:00:00,0.0,0
M026,677,2026-06-29 05:00:00,0.0,0
M026,678,2026-06-29 06:00:00,0.0,0
M026,679,2026-06-29 07:00:00,0.0,0
M026,680,2026-06-29 08:00:00,0.0,0
M026,681,2026-06-29 09:00:00,0.0,0
M026,682,2026-06-29 10:00:00,0.0,0
M026,683,2026-06-29 11:00:00,0.0,0
M026,684,2026-06-29 12:00:00,0.0,0
M026,685,2026-06-29 13:00:00,0.0,0
M026,686,2026-06-29 14:00:00,0.0,0
M026,687,2026-06-29 15:00:00,0.0,0
M026,688,2026-06-29 16:00:00,0.0,0
M026,689,2026-06-29 17:00:00,0.0,0
M026,690,2026-06-29 18:00:00,0.0,0
M026,691,2026-06-29 19:00:00,0.0,0
M026,692,2026-06-29 20:00:00,0.0,0
M026,693,2026-06-29 21:00:00,0.0,0
M026,694,2026-06-29 22:00:00,0.0,0
M026,695,2026-06-29 23:00:00,0.0,0
M026,696,2026-06-30 00:00:00,0.0,0
M026,697,2026-06-30 01:00:00,0.0,0
M026,698,2026-06-30 02:00:00,0.0,0
M026,699,2026-06-30 03:00:00,0.0,0
M026,700,2026-06-30 04:00:00,0.0,0
M026,701,2026-06-30 05:00:00,0.0,0
M026,702,2026-06-30 06:00:00,0.0,0
M026,703,2026-06-30 07:00:00,0.0,0
M026,704,2026-06-30 08:00:00,0.0,0
M026,705,2026-06-30 09:00:00,0.0,0
M026,706,2026-06-30 10:00:00,0.0,0
M026,707,2026-06-30 11:00:00,0.0,0
M026,708,2026-06-30 12:00:00,0.0,0
M026,709,2026-06-30 13:00:00,0.0,0
M026,710,2026-06-30 14:00:00,0.0,0
M026,711,2026-06-30 15:00:00,0.0,0
M026,712,2026-06-30 16:00:00,0.0,0
M026,713,2026-06-30 17:00:00,0.0,0
M026,714,2026-06-30 18:00:00,0.0,0
M026,715,2026-06-30 19:00:00,0.0,0
M026,716,2026-06-30 20:00:00,0.0,0
M026,717,2026-06-30 21:00:00,0.0,0
M026,718,2026-06-30 22:00:00,0.0,0
M026,719,2026-06-30 23:00:00,0.0,0
M027,23,2026-06-01 23:00:00,0.0,0
M027,24,2026-06-02 00:00:00,0.0,0
M027,25,2026-06-02 01:00:00,0.0,0
M027,26,2026-06-02 02:00:00,0.0,0
M027,27,2026-06-02 03:00:00,0.0,0
M027,28,2026-06-02 04:00:00,0.0,0
M027,29,2026-06-02 05:00:00,0.0,0
M027,30,2026-06-02 06:00:00,0.0,0
M027,31,2026-06-02 07:00:00,0.0,0
M027,32,2026-06-02 08:00:00,0.0,0
M027,33,2026-06-02 09:00:00,0.0,0
M027,34,2026-06-02 10:00:00,0.0,0
M027,35,2026-06-02 11:00:00,0.0,0
M027,36,2026-06-02 12:00:00,0.0,0
M027,37,2026-06-02 13:00:00,0.0,0
M027,38,2026-06-02 14:00:00,0.0,0
M027,39,2026-06-02 15:00:00,0.0,0
M027,40,2026-06-02 16:00:00,0.0,0
M027,41,2026-06-02 17:00:00,0.0,0
M027,42,2026-06-02 18:00:00,0.0,0
M027,43,2026-06-02 19:00:00,0.0,0
M027,44,2026-06-02 20:00:00,0.0,0
M027,45,2026-06-02 21:00:00,0.0,0
M027,46,2026-06-02 22:00:00,0.0,0
M027,47,2026-06-02 23:00:00,0.0,0
M027,48,2026-06-03 00:00:00,0.0,0
M027,49,2026-06-03 01:00:00,0.0,0
M027,50,2026-06-03 02:00:00,0.0,0
M027,51,2026-06-03 03:00:00,0.0,0
M027,52,2026-06-03 04:00:00,0.0,0
M027,53,2026-06-03 05:00:00,0.0,0
M027,54,2026-06-03 06:00:00,0.0,0
M027,55,2026-06-03 07:00:00,0.0,0
M027,56,2026-06-03 08:00:00,0.0,0
M027,57,2026-06-03 09:00:00,0.0,0
M027,58,2026-06-03 10:00:00,0.0,0
M027,59,2026-06-03 11:00:00,0.0,0
M027,60,2026-06-03 12:00:00,0.0,0
M027,61,2026-06-03 13:00:00,0.0,0
M027,62,2026-06-03 14:00:00,0.0,0
M027,63,2026-06-03 15:00:00,0.0,0
M027,64,2026-06-03 16:00:00,0.0,0
M027,65,2026-06-03 17:00:00,0.0,0
M027,66,2026-06-03 18:00:00,0.0,0
M027,67,2026-06-03 19:00:00,0.0,0
M027,68,2026-06-03 20:00:00,0.0,0
M027,69,2026-06-03 21:00:00,0.0,0
M027,70,2026-06-03 22:00:00,0.0,0
M027,71,2026-06-03 23:00:00,0.0,0
M027,72,2026-06-04 00:00:00,0.0,0
M027,73,2026-06-04 01:00:00,0.0,0
M027,74,2026-06-04 02:00:00,0.0,0
M027,75,2026-06-04 03:00:00,0.0,0
M027,76,2026-06-04 04:00:00,0.0,0
M027,77,2026-06-04 05:00:00,0.0,0
M027,78,2026-06-04 06:00:00,0.0,0
M027,79,2026-06-04 07:00:00,0.0,0
M027,80,2026-06-04 08:00:00,0.0,0
M027,81,2026-06-04 09:00:00,0.0,0
M027,82,2026-06-04 10:00:00,0.0,0
M027,83,2026-06-04 11:00:00,0.0,0
M027,84,2026-06-04 12:00:00,0.0,0
M027,85,2026-06-04 13:00:00,0.0,0
M027,86,2026-06-04 14:00:00,0.0,0
M027,87,2026-06-04 15:00:00,0.0,0
M027,88,2026-06-04 16:00:00,0.0,0
M027,89,2026-06-04 17:00:00,0.0,0
M027,90,2026-06-04 18:00:00,0.0,0
M027,91,2026-06-04 19:00:00,0.0,0
M027,92,2026-06-04 20:00:00,0.0,0
M027,93,2026-06-04 21:00:00,0.0,0
M027,94,2026-06-04 22:00:00,0.0,0
M027,95,2026-06-04 23:00:00,0.0,0
M027,96,2026-06-05 00:00:00,0.0,0
M027,97,2026-06-05 01:00:00,0.0,0
M027,98,2026-06-05 02:00:00,0.0,0
M027,99,2026-06-05 03:00:00,0.0,0
M027,100,2026-06-05 04:00:00,0.0,0
M027,101,2026-06-05 05:00:00,0.0,0
M027,102,2026-06-05 06:00:00,0.0,0
M027,103,2026-06-05 07:00:00,0.0,0
M027,104,2026-06-05 08:00:00,0.0,0
M027,105,2026-06-05 09:00:00,0.0,0
M027,106,2026-06-05 10:00:00,0.0,0
M027,107,2026-06-05 11:00:00,0.0,0
M027,108,2026-06-05 12:00:00,0.0,0
M027,109,2026-06-05 13:00:00,0.0,0
M027,110,2026-06-05 14:00:00,0.0,0
M027,111,2026-06-05 15:00:00,0.0,0
M027,112,2026-06-05 16:00:00,0.0,0
M027,113,2026-06-05 17:00:00,0.0,0
M027,114,2026-06-05 18:00:00,0.0,0
M027,115,2026-06-05 19:00:00,0.0,0
M027,116,2026-06-05 20:00:00,0.0,0
M027,117,2026-06-05 21:00:00,0.0,0
M027,118,2026-06-05 22:00:00,0.0,0
M027,119,2026-06-05 23:00:00,0.0,0
M027,120,2026-06-06 00:00:00,0.0,0
M027,121,2026-06-06 01:00:00,0.0,0
M027,122,2026-06-06 02:00:00,0.0,0
M027,123,2026-06-06 03:00:00,0.0,0
M027,124,2026-06-06 04:00:00,0.0,0
M027,125,2026-06-06 05:00:00,0.0,0
M027,126,2026-06-06 06:00:00,0.0,0
M027,127,2026-06-06 07:00:00,0.0,0
M027,128,2026-06-06 08:00:00,0.0,0
M027,129,2026-06-06 09:00:00,0.0,0
M027,130,2026-06-06 10:00:00,0.0,0
M027,131,2026-06-06 11:00:00,0.0,0
M027,132,2026-06-06 12:00:00,0.0,0
M027,133,2026-06-06 13:00:00,0.0,0
M027,134,2026-06-06 14:00:00,0.0,0
M027,135,2026-06-06 15:00:00,0.0,0
M027,136,2026-06-06 16:00:00,0.0,0
M027,137,2026-06-06 17:00:00,0.0,0
M027,138,2026-06-06 18:00:00,0.0,0
M027,139,2026-06-06 19:00:00,0.0,0
M027,140,2026-06-06 20:00:00,0.0,0
M027,141,2026-06-06 21:00:00,0.0,0
M027,142,2026-06-06 22:00:00,0.0,0
M027,143,2026-06-06 23:00:00,0.0,0
M027,144,2026-06-07 00:00:00,0.0,0
M027,145,2026-06-07 01:00:00,0.0,0
M027,146,2026-06-07 02:00:00,0.0,0
M027,147,2026-06-07 03:00:00,0.0,0
M027,148,2026-06-07 04:00:00,0.0,0
M027,149,2026-06-07 05:00:00,0.0,0
M027,150,2026-06-07 06:00:00,0.0,0
M027,151,2026-06-07 07:00:00,0.0,0
M027,152,2026-06-07 08:00:00,0.0,0
M027,153,2026-06-07 09:00:00,0.0,0
M027,154,2026-06-07 10:00:00,0.0,0
M027,155,2026-06-07 11:00:00,0.0,0
M027,156,2026-06-07 12:00:00,0.0,0
M027,157,2026-06-07 13:00:00,0.0,0
M027,158,2026-06-07 14:00:00,0.0,0
M027,159,2026-06-07 15:00:00,0.0,0
M027,160,2026-06-07 16:00:00,0.0,0
M027,161,2026-06-07 17:00:00,0.0,0
M027,162,2026-06-07 18:00:00,0.0,0
M027,163,2026-06-07 19:00:00,0.0,0
M027,164,2026-06-07 20:00:00,0.0,0
M027,165,2026-06-07 21:00:00,0.0,0
M027,166,2026-06-07 22:00:00,0.0,0
M027,167,2026-06-07 23:00:00,0.0,0
M027,168,2026-06-08 00:00:00,0.0,0
M027,169,2026-06-08 01:00:00,0.0,0
M027,170,2026-06-08 02:00:00,0.0,0
M027,171,2026-06-08 03:00:00,0.0,0
M027,172,2026-06-08 04:00:00,0.0,0
M027,173,2026-06-08 05:00:00,0.0,0
M027,174,2026-06-08 06:00:00,0.0,0
M027,175,2026-06-08 07:00:00,0.0,0
M027,176,2026-06-08 08:00:00,0.0,0
M027,177,2026-06-08 09:00:00,0.0,0
M027,178,2026-06-08 10:00:00,0.0,0
M027,179,2026-06-08 11:00:00,0.0,0
M027,180,2026-06-08 12:00:00,0.0,0
M027,181,2026-06-08 13:00:00,0.0,0
M027,182,2026-06-08 14:00:00,0.0,0
M027,183,2026-06-08 15:00:00,0.0,0
M027,184,2026-06-08 16:00:00,0.0,0
M027,185,2026-06-08 17:00:00,0.0,0
M027,186,2026-06-08 18:00:00,0.0,0
M027,187,2026-06-08 19:00:00,0.0,0
M027,188,2026-06-08 20:00:00,0.0,0
M027,189,2026-06-08 21:00:00,0.0,0
M027,190,2026-06-08 22:00:00,0.0,0
M027,191,2026-06-08 23:00:00,0.0,0
M027,192,2026-06-09 00:00:00,0.0,0
M027,193,2026-06-09 01:00:00,0.0,0
M027,194,2026-06-09 02:00:00,0.0,0
M027,195,2026-06-09 03:00:00,0.0,0
M027,196,2026-06-09 04:00:00,0.0,0
M027,197,2026-06-09 05:00:00,0.0026988816411696454,0
M027,198,2026-06-09 06:00:00,0.0026988816411696454,0
M027,199,2026-06-09 07:00:00,0.0,0
M027,200,2026-06-09 08:00:00,0.0,0
M027,201,2026-06-09 09:00:00,0.0,0
M027,202,2026-06-09 10:00:00,0.0,0
M027,203,2026-06-09 11:00:00,0.0,0
M027,204,2026-06-09 12:00:00,0.0,0
M027,205,2026-06-09 13:00:00,0.0,0
M027,206,2026-06-09 14:00:00,0.0,0
M027,207,2026-06-09 15:00:00,0.0,0
M027,208,2026-06-09 16:00:00,0.0,0
M027,209,2026-06-09 17:00:00,0.0,0
M027,210,2026-06-09 18:00:00,0.0,0
M027,211,2026-06-09 19:00:00,0.0,0
M027,212,2026-06-09 20:00:00,0.0,0
M027,213,2026-06-09 21:00:00,0.0,0
M027,214,2026-06-09 22:00:00,0.0,0
M027,215,2026-06-09 23:00:00,0.0,0
M027,216,2026-06-10 00:00:00,0.0,0
M027,217,2026-06-10 01:00:00,0.0,0
M027,218,2026-06-10 02:00:00,0.0,0
M027,219,2026-06-10 03:00:00,0.0,0
M027,220,2026-06-10 04:00:00,0.0,0
M027,221,2026-06-10 05:00:00,0.0,0
M027,222,2026-06-10 06:00:00,0.0,0
M027,223,2026-06-10 07:00:00,0.0,0
M027,224,2026-06-10 08:00:00,0.0,0
M027,225,2026-06-10 09:00:00,0.0,0
M027,226,2026-06-10 10:00:00,0.0,0
M027,227,2026-06-10 11:00:00,0.0,0
M027,228,2026-06-10 12:00:00,0.0,0
M027,229,2026-06-10 13:00:00,0.0,0
M027,230,2026-06-10 14:00:00,0.0,0
M027,231,2026-06-10 15:00:00,0.0,0
M027,232,2026-06-10 16:00:00,0.0,0
M027,233,2026-06-10 17:00:00,0.0,0
M027,234,2026-06-10 18:00:00,0.0,0
M027,235,2026-06-10 19:00:00,0.0,0
M027,236,2026-06-10 20:00:00,0.0,0
M027,237,2026-06-10 21:00:00,0.0,0
M027,238,2026-06-10 22:00:00,0.0,0
M027,239,2026-06-10 23:00:00,0.0,0
M027,240,2026-06-11 00:00:00,0.0,0
M027,241,2026-06-11 01:00:00,0.0,0
M027,242,2026-06-11 02:00:00,0.0,0
M027,243,2026-06-11 03:00:00,0.0,0
M027,244,2026-06-11 04:00:00,0.0,0
M027,245,2026-06-11 05:00:00,0.0,0
M027,246,2026-06-11 06:00:00,0.0,0
M027,247,2026-06-11 07:00:00,0.0,0
M027,248,2026-06-11 08:00:00,0.0,0
M027,249,2026-06-11 09:00:00,0.0,0
M027,250,2026-06-11 10:00:00,0.0,0
M027,251,2026-06-11 11:00:00,0.0,0
M027,252,2026-06-11 12:00:00,0.0,0
M027,253,2026-06-11 13:00:00,0.0,0
M027,254,2026-06-11 14:00:00,0.0,0
M027,255,2026-06-11 15:00:00,0.0,0
M027,256,2026-06-11 16:00:00,0.0,0
M027,257,2026-06-11 17:00:00,0.0,0
M027,258,2026-06-11 18:00:00,0.0,0
M027,259,2026-06-11 19:00:00,0.0,0
M027,260,2026-06-11 20:00:00,0.0,0
M027,261,2026-06-11 21:00:00,0.0,0
M027,262,2026-06-11 22:00:00,0.0,0
M027,263,2026-06-11 23:00:00,0.0,0
M027,264,2026-06-12 00:00:00,0.0,0
M027,265,2026-06-12 01:00:00,0.0,0
M027,266,2026-06-12 02:00:00,0.0,0
M027,267,2026-06-12 03:00:00,0.0,0
M027,268,2026-06-12 04:00:00,0.0,0
M027,269,2026-06-12 05:00:00,0.0,0
M027,270,2026-06-12 06:00:00,0.0,0
M027,271,2026-06-12 07:00:00,0.0,0
M027,272,2026-06-12 08:00:00,0.0,0
M027,273,2026-06-12 09:00:00,0.0,0
M027,274,2026-06-12 10:00:00,0.0,0
M027,275,2026-06-12 11:00:00,0.0,0
M027,276,2026-06-12 12:00:00,0.0,0
M027,277,2026-06-12 13:00:00,0.0,0
M027,278,2026-06-12 14:00:00,0.0,0
M027,279,2026-06-12 15:00:00,0.0,0
M027,280,2026-06-12 16:00:00,0.0,0
M027,281,2026-06-12 17:00:00,0.0,0
M027,282,2026-06-12 18:00:00,0.0,0
M027,283,2026-06-12 19:00:00,0.0,0
M027,284,2026-06-12 20:00:00,0.0,0
M027,285,2026-06-12 21:00:00,0.0,0
M027,286,2026-06-12 22:00:00,0.0,0
M027,287,2026-06-12 23:00:00,0.0,0
M027,288,2026-06-13 00:00:00,0.0,0
M027,289,2026-06-13 01:00:00,0.0,0
M027,290,2026-06-13 02:00:00,0.0,0
M027,291,2026-06-13 03:00:00,0.0,0
M027,292,2026-06-13 04:00:00,0.0,0
M027,293,2026-06-13 05:00:00,0.0,0
M027,294,2026-06-13 06:00:00,0.0,0
M027,295,2026-06-13 07:00:00,0.0,0
M027,296,2026-06-13 08:00:00,0.0,0
M027,297,2026-06-13 09:00:00,0.0,0
M027,298,2026-06-13 10:00:00,0.0,0
M027,299,2026-06-13 11:00:00,0.0,0
M027,300,2026-06-13 12:00:00,0.0,0
M027,301,2026-06-13 13:00:00,0.0055673555304941846,0
M027,302,2026-06-13 14:00:00,0.002436039652774109,0
M027,303,2026-06-13 15:00:00,0.010311323662102528,0
M027,304,2026-06-13 16:00:00,0.013703569700629196,0
M027,305,2026-06-13 17:00:00,0.005697248285051567,0
M027,306,2026-06-13 18:00:00,0.008892444017218754,0
M027,307,2026-06-13 19:00:00,0.011864219074536247,0
M027,308,2026-06-13 20:00:00,0.009517067173958938,0
M027,309,2026-06-13 21:00:00,0.015205862091488035,0
M027,310,2026-06-13 22:00:00,0.008966171072453288,0
M027,311,2026-06-13 23:00:00,0.005478891800538414,0
M027,312,2026-06-14 00:00:00,0.014222276418482232,0
M027,313,2026-06-14 01:00:00,0.005276026155211653,0
M027,314,2026-06-14 02:00:00,0.005759041542617503,0
M027,315,2026-06-14 03:00:00,0.002929521262483153,0
M027,316,2026-06-14 04:00:00,0.002929521262483153,0
M027,317,2026-06-14 05:00:00,0.0,0
M027,318,2026-06-14 06:00:00,0.006122389235573837,0
M027,319,2026-06-14 07:00:00,0.016594156113329303,0
M027,320,2026-06-14 08:00:00,0.030480800287155514,0
M027,321,2026-06-14 09:00:00,0.01687641669071795,0
M027,322,2026-06-14 10:00:00,0.033252154427199615,0
M027,323,2026-06-14 11:00:00,0.024229027769861574,0
M027,324,2026-06-14 12:00:00,0.043957921057847425,0
M027,325,2026-06-14 13:00:00,0.08330649709499069,0
M027,326,2026-06-14 14:00:00,0.07667828232724948,0
M027,327,2026-06-14 15:00:00,0.07932595382270644,0
M027,328,2026-06-14 16:00:00,0.06892119967015377,0
M027,329,2026-06-14 17:00:00,0.04719795059903217,0
M027,330,2026-06-14 18:00:00,0.05011815680479325,0
M027,331,2026-06-14 19:00:00,0.046224347418311634,0
M027,332,2026-06-14 20:00:00,0.06428386311457306,0
M027,333,2026-06-14 21:00:00,0.07069009063611845,0
M027,334,2026-06-14 22:00:00,0.13350187376211312,0
M027,335,2026-06-14 23:00:00,0.16268774161309293,0
M027,336,2026-06-15 00:00:00,0.15887126271022411,0
M027,337,2026-06-15 01:00:00,0.20337845569882607,0
M027,338,2026-06-15 02:00:00,0.2286060767525734,0
M027,339,2026-06-15 03:00:00,0.2127953702435652,0
M027,340,2026-06-15 04:00:00,0.31640806831061286,0
M027,341,2026-06-15 05:00:00,0.3535998539851439,0
M027,342,2026-06-15 06:00:00,0.42394108971520755,0
M027,343,2026-06-15 07:00:00,0.6277153062908607,0
M027,344,2026-06-15 08:00:00,0.9205537328325291,1
M027,345,2026-06-15 09:00:00,0.8952859904815087,1
M027,346,2026-06-15 10:00:00,0.9503514535387588,1
M027,347,2026-06-15 11:00:00,0.9374491362971431,1
M027,348,2026-06-15 12:00:00,0.9409865099654384,1
M027,349,2026-06-15 13:00:00,0.96866405520787,1
M027,350,2026-06-15 14:00:00,0.970185975072691,1
M027,351,2026-06-15 15:00:00,0.9780788006398372,1
M027,352,2026-06-15 16:00:00,0.9663740138688522,1
M027,353,2026-06-15 17:00:00,0.9689513467749019,1
M027,354,2026-06-15 18:00:00,0.9748013988556088,1
M027,355,2026-06-15 19:00:00,0.9747528933640137,1
M027,356,2026-06-15 20:00:00,0.9845919183440582,1
M027,357,2026-06-15 21:00:00,0.9862272485049196,1
M027,358,2026-06-15 22:00:00,0.9862272485049196,1
M027,359,2026-06-15 23:00:00,0.9862272485049196,1
M027,360,2026-06-16 00:00:00,0.9862272485049196,1
M027,361,2026-06-16 01:00:00,0.9862272485049196,1
M027,362,2026-06-16 02:00:00,0.9689847761715813,1
M027,363,2026-06-16 03:00:00,0.9862272485049196,1
M027,364,2026-06-16 04:00:00,0.9794679653334847,1
M027,365,2026-06-16 05:00:00,0.9797540390709615,1
M027,366,2026-06-16 06:00:00,0.9797540390709615,1
M027,367,2026-06-16 07:00:00,0.9863187873683137,1
M027,368,2026-06-16 08:00:00,0.9863522414194591,1
M027,369,2026-06-16 09:00:00,0.9830795168570683,1
M027,370,2026-06-16 10:00:00,0.9863522414194591,1
M027,371,2026-06-16 11:00:00,0.9863187873683137,1
M027,372,2026-06-16 12:00:00,0.9863187873683137,1
M027,373,2026-06-16 13:00:00,0.9863187873683137,1
M027,374,2026-06-16 14:00:00,0.9863187873683137,1
M027,375,2026-06-16 15:00:00,0.9863187873683137,1
M027,376,2026-06-16 16:00:00,0.9863187873683137,1
M027,377,2026-06-16 17:00:00,0.9008501752024737,1
M027,378,2026-06-16 18:00:00,0.9863187873683137,1
M027,379,2026-06-16 19:00:00,0.9863187873683137,1
M027,380,2026-06-16 20:00:00,0.9863187873683137,1
M027,381,2026-06-16 21:00:00,0.9863187873683137,1
M027,382,2026-06-16 22:00:00,0.9863187873683137,1
M027,383,2026-06-16 23:00:00,0.9863187873683137,1
M027,384,2026-06-17 00:00:00,0.9863187873683137,1
M027,385,2026-06-17 01:00:00,0.9863187873683137,1
M027,386,2026-06-17 02:00:00,0.9863187873683137,1
M027,387,2026-06-17 03:00:00,0.9863187873683137,1
M027,388,2026-06-17 04:00:00,0.986369434510328,1
M027,389,2026-06-17 05:00:00,0.9598194011795766,1
M027,390,2026-06-17 06:00:00,0.9480902344640958,1
M027,391,2026-06-17 07:00:00,0.9352437405518664,1
M027,392,2026-06-17 08:00:00,0.707700994922703,0
M027,393,2026-06-17 09:00:00,0.6331625388242071,0
M027,394,2026-06-17 10:00:00,0.7344085346371004,0
M027,395,2026-06-17 11:00:00,0.7101887484097396,0
M027,396,2026-06-17 12:00:00,0.30760232459352765,0
M027,397,2026-06-17 13:00:00,0.19503389886721106,0
M027,398,2026-06-17 14:00:00,0.09809883036680445,0
M027,399,2026-06-17 15:00:00,0.08488043181155902,0
M027,400,2026-06-17 16:00:00,0.07624253621503571,0
M027,401,2026-06-17 17:00:00,0.08539761606286067,0
M027,402,2026-06-17 18:00:00,0.08114602619226807,0
M027,403,2026-06-17 19:00:00,0.08938667647029847,0
M027,404,2026-06-17 20:00:00,0.08675005116769273,0
M027,405,2026-06-17 21:00:00,0.08909675362962503,0
M027,406,2026-06-17 22:00:00,0.08831315022113431,0
M027,407,2026-06-17 23:00:00,0.0663209631694149,0
M028,23,2026-06-01 23:00:00,0.04420848673846805,0
M028,24,2026-06-02 00:00:00,0.03789242170779473,0
M028,25,2026-06-02 01:00:00,0.03724297627485735,0
M028,26,2026-06-02 02:00:00,0.03487274714512841,0
M028,27,2026-06-02 03:00:00,0.03747551150797543,0
M028,28,2026-06-02 04:00:00,0.024830251369455245,0
M028,29,2026-06-02 05:00:00,0.021573028036316805,0
M028,30,2026-06-02 06:00:00,0.0,0
M028,31,2026-06-02 07:00:00,0.0,0
M028,32,2026-06-02 08:00:00,0.0,0
M028,33,2026-06-02 09:00:00,0.0,0
M028,34,2026-06-02 10:00:00,0.0,0
M028,35,2026-06-02 11:00:00,0.0,0
M028,36,2026-06-02 12:00:00,0.0,0
M028,37,2026-06-02 13:00:00,0.0,0
M028,38,2026-06-02 14:00:00,0.0,0
M028,39,2026-06-02 15:00:00,0.0,0
M028,40,2026-06-02 16:00:00,0.0,0
M028,41,2026-06-02 17:00:00,0.0,0
M028,42,2026-06-02 18:00:00,0.0,0
M028,43,2026-06-02 19:00:00,0.0,0
M028,44,2026-06-02 20:00:00,0.0,0
M028,45,2026-06-02 21:00:00,0.0,0
M028,46,2026-06-02 22:00:00,0.0,0
M028,47,2026-06-02 23:00:00,0.0,0
M028,48,2026-06-03 00:00:00,0.0,0
M028,49,2026-06-03 01:00:00,0.0,0
M028,50,2026-06-03 02:00:00,0.0,0
M028,51,2026-06-03 03:00:00,0.0,0
M028,52,2026-06-03 04:00:00,0.01363731321424325,0
M028,53,2026-06-03 05:00:00,0.0,0
M028,54,2026-06-03 06:00:00,0.0,0
M028,55,2026-06-03 07:00:00,0.0,0
M028,56,2026-06-03 08:00:00,0.0,0
M028,57,2026-06-03 09:00:00,0.0030205061082024423,0
M028,58,2026-06-03 10:00:00,0.0229686871376977,0
M028,59,2026-06-03 11:00:00,0.016657819322445692,0
M028,60,2026-06-03 12:00:00,0.01661318395187244,0
M028,61,2026-06-03 13:00:00,0.016657819322445692,0
M028,62,2026-06-03 14:00:00,0.01661318395187244,0
M028,63,2026-06-03 15:00:00,0.026190785248095167,0
M028,64,2026-06-03 16:00:00,0.026190785248095167,0
M028,65,2026-06-03 17:00:00,0.0,0
M028,66,2026-06-03 18:00:00,0.0,0
M028,67,2026-06-03 19:00:00,0.0,0
M028,68,2026-06-03 20:00:00,0.0,0
M028,69,2026-06-03 21:00:00,0.0,0
M028,70,2026-06-03 22:00:00,0.0,0
M028,71,2026-06-03 23:00:00,0.0,0
M028,72,2026-06-04 00:00:00,0.0,0
M028,73,2026-06-04 01:00:00,0.0,0
M028,74,2026-06-04 02:00:00,0.0,0
M028,75,2026-06-04 03:00:00,0.0,0
M028,76,2026-06-04 04:00:00,0.0,0
M028,77,2026-06-04 05:00:00,0.0,0
M028,78,2026-06-04 06:00:00,0.0,0
M028,79,2026-06-04 07:00:00,0.0,0
M028,80,2026-06-04 08:00:00,0.0,0
M028,81,2026-06-04 09:00:00,0.0,0
M028,82,2026-06-04 10:00:00,0.0,0
M028,83,2026-06-04 11:00:00,0.0,0
M028,84,2026-06-04 12:00:00,0.0,0
M028,85,2026-06-04 13:00:00,0.0,0
M028,86,2026-06-04 14:00:00,0.0,0
M028,87,2026-06-04 15:00:00,0.0,0
M028,88,2026-06-04 16:00:00,0.0,0
M028,89,2026-06-04 17:00:00,0.0,0
M028,90,2026-06-04 18:00:00,0.0,0
M028,91,2026-06-04 19:00:00,0.0,0
M028,92,2026-06-04 20:00:00,0.0,0
M028,93,2026-06-04 21:00:00,0.0,0
M028,94,2026-06-04 22:00:00,0.0,0
M028,95,2026-06-04 23:00:00,0.0,0
M028,96,2026-06-05 00:00:00,0.0,0
M028,97,2026-06-05 01:00:00,0.0,0
M028,98,2026-06-05 02:00:00,0.0,0
M028,99,2026-06-05 03:00:00,0.0,0
M028,100,2026-06-05 04:00:00,0.0,0
M028,101,2026-06-05 05:00:00,0.0,0
M028,102,2026-06-05 06:00:00,0.0,0
M028,103,2026-06-05 07:00:00,0.0,0
M028,104,2026-06-05 08:00:00,0.0,0
M028,105,2026-06-05 09:00:00,0.0,0
M028,106,2026-06-05 10:00:00,0.0,0
M028,107,2026-06-05 11:00:00,0.0,0
M028,108,2026-06-05 12:00:00,0.0,0
M028,109,2026-06-05 13:00:00,0.0,0
M028,110,2026-06-05 14:00:00,0.0,0
M028,111,2026-06-05 15:00:00,0.0,0
M028,112,2026-06-05 16:00:00,0.0,0
M028,113,2026-06-05 17:00:00,0.0,0
M028,114,2026-06-05 18:00:00,0.0,0
M028,115,2026-06-05 19:00:00,0.0,0
M028,116,2026-06-05 20:00:00,0.0,0
M028,117,2026-06-05 21:00:00,0.0,0
M028,118,2026-06-05 22:00:00,0.0,0
M028,119,2026-06-05 23:00:00,0.0,0
M028,120,2026-06-06 00:00:00,0.0,0
M028,121,2026-06-06 01:00:00,0.0,0
M028,122,2026-06-06 02:00:00,0.0,0
M028,123,2026-06-06 03:00:00,0.0,0
M028,124,2026-06-06 04:00:00,0.0,0
M028,125,2026-06-06 05:00:00,0.0,0
M028,126,2026-06-06 06:00:00,0.0,0
M028,127,2026-06-06 07:00:00,0.0,0
M028,128,2026-06-06 08:00:00,0.0,0
M028,129,2026-06-06 09:00:00,0.0,0
M028,130,2026-06-06 10:00:00,0.0,0
M028,131,2026-06-06 11:00:00,0.0,0
M028,132,2026-06-06 12:00:00,0.0,0
M028,133,2026-06-06 13:00:00,0.0,0
M028,134,2026-06-06 14:00:00,0.0,0
M028,135,2026-06-06 15:00:00,0.0,0
M028,136,2026-06-06 16:00:00,0.0,0
M028,137,2026-06-06 17:00:00,0.0,0
M028,138,2026-06-06 18:00:00,0.0,0
M028,139,2026-06-06 19:00:00,0.0,0
M028,140,2026-06-06 20:00:00,0.0,0
M028,141,2026-06-06 21:00:00,0.0,0
M028,142,2026-06-06 22:00:00,0.0,0
M028,143,2026-06-06 23:00:00,0.0,0
M028,144,2026-06-07 00:00:00,0.0,0
M028,145,2026-06-07 01:00:00,0.0,0
M028,146,2026-06-07 02:00:00,0.0,0
M028,147,2026-06-07 03:00:00,0.0,0
M028,148,2026-06-07 04:00:00,0.0,0
M028,149,2026-06-07 05:00:00,0.0,0
M028,150,2026-06-07 06:00:00,0.0,0
M028,151,2026-06-07 07:00:00,0.0,0
M028,152,2026-06-07 08:00:00,0.0,0
M028,153,2026-06-07 09:00:00,0.0,0
M028,154,2026-06-07 10:00:00,0.0,0
M028,155,2026-06-07 11:00:00,0.0,0
M028,156,2026-06-07 12:00:00,0.0,0
M028,157,2026-06-07 13:00:00,0.0,0
M028,158,2026-06-07 14:00:00,0.0,0
M028,159,2026-06-07 15:00:00,0.0,0
M028,160,2026-06-07 16:00:00,0.0,0
M028,161,2026-06-07 17:00:00,0.0,0
M028,162,2026-06-07 18:00:00,0.0,0
M028,163,2026-06-07 19:00:00,0.0,0
M028,164,2026-06-07 20:00:00,0.0,0
M028,165,2026-06-07 21:00:00,0.0,0
M028,166,2026-06-07 22:00:00,0.0,0
M028,167,2026-06-07 23:00:00,0.0,0
M028,168,2026-06-08 00:00:00,0.0,0
M028,169,2026-06-08 01:00:00,0.0,0
M028,170,2026-06-08 02:00:00,0.0,0
M028,171,2026-06-08 03:00:00,0.0,0
M028,172,2026-06-08 04:00:00,0.0,0
M028,173,2026-06-08 05:00:00,0.0,0
M028,174,2026-06-08 06:00:00,0.0,0
M028,175,2026-06-08 07:00:00,0.0,0
M028,176,2026-06-08 08:00:00,0.0,0
M028,177,2026-06-08 09:00:00,0.0,0
M028,178,2026-06-08 10:00:00,0.0,0
M028,179,2026-06-08 11:00:00,0.0,0
M028,180,2026-06-08 12:00:00,0.0,0
M028,181,2026-06-08 13:00:00,0.0,0
M028,182,2026-06-08 14:00:00,0.0,0
M028,183,2026-06-08 15:00:00,0.0,0
M028,184,2026-06-08 16:00:00,0.0,0
M028,185,2026-06-08 17:00:00,0.0,0
M028,186,2026-06-08 18:00:00,0.0,0
M028,187,2026-06-08 19:00:00,0.0,0
M028,188,2026-06-08 20:00:00,0.0,0
M028,189,2026-06-08 21:00:00,0.0,0
M028,190,2026-06-08 22:00:00,0.0,0
M028,191,2026-06-08 23:00:00,0.0,0
M028,192,2026-06-09 00:00:00,0.0,0
M028,193,2026-06-09 01:00:00,0.0,0
M028,194,2026-06-09 02:00:00,0.0,0
M028,195,2026-06-09 03:00:00,0.0,0
M028,196,2026-06-09 04:00:00,0.0,0
M028,197,2026-06-09 05:00:00,0.0,0
M028,198,2026-06-09 06:00:00,0.0,0
M028,199,2026-06-09 07:00:00,0.0,0
M028,200,2026-06-09 08:00:00,0.0,0
M028,201,2026-06-09 09:00:00,0.0,0
M028,202,2026-06-09 10:00:00,0.0,0
M028,203,2026-06-09 11:00:00,0.0,0
M028,204,2026-06-09 12:00:00,0.0,0
M028,205,2026-06-09 13:00:00,0.0,0
M028,206,2026-06-09 14:00:00,0.0,0
M028,207,2026-06-09 15:00:00,0.0,0
M028,208,2026-06-09 16:00:00,0.0,0
M028,209,2026-06-09 17:00:00,0.0,0
M028,210,2026-06-09 18:00:00,0.0,0
M028,211,2026-06-09 19:00:00,0.0,0
M028,212,2026-06-09 20:00:00,0.0,0
M028,213,2026-06-09 21:00:00,0.0,0
M028,214,2026-06-09 22:00:00,0.0,0
M028,215,2026-06-09 23:00:00,0.0,0
M028,216,2026-06-10 00:00:00,0.0,0
M028,217,2026-06-10 01:00:00,0.0,0
M028,218,2026-06-10 02:00:00,0.0,0
M028,219,2026-06-10 03:00:00,0.0,0
M028,220,2026-06-10 04:00:00,0.0,0
M028,221,2026-06-10 05:00:00,0.0,0
M028,222,2026-06-10 06:00:00,0.0,0
M028,223,2026-06-10 07:00:00,0.0,0
M028,224,2026-06-10 08:00:00,0.0,0
M028,225,2026-06-10 09:00:00,0.0,0
M028,226,2026-06-10 10:00:00,0.0,0
M028,227,2026-06-10 11:00:00,0.0,0
M028,228,2026-06-10 12:00:00,0.0,0
M028,229,2026-06-10 13:00:00,0.0,0
M028,230,2026-06-10 14:00:00,0.0,0
M028,231,2026-06-10 15:00:00,0.0,0
M028,232,2026-06-10 16:00:00,0.0,0
M028,233,2026-06-10 17:00:00,0.0,0
M028,234,2026-06-10 18:00:00,0.0,0
M028,235,2026-06-10 19:00:00,0.0,0
M028,236,2026-06-10 20:00:00,0.0,0
M028,237,2026-06-10 21:00:00,0.0,0
M028,238,2026-06-10 22:00:00,0.0,0
M028,239,2026-06-10 23:00:00,0.0,0
M028,240,2026-06-11 00:00:00,0.0,0
M028,241,2026-06-11 01:00:00,0.0,0
M028,242,2026-06-11 02:00:00,0.0,0
M028,243,2026-06-11 03:00:00,0.0,0
M028,244,2026-06-11 04:00:00,0.0,0
M028,245,2026-06-11 05:00:00,0.0,0
M028,246,2026-06-11 06:00:00,0.0,0
M028,247,2026-06-11 07:00:00,0.0,0
M028,248,2026-06-11 08:00:00,0.0,0
M028,249,2026-06-11 09:00:00,0.0,0
M028,250,2026-06-11 10:00:00,0.0,0
M028,251,2026-06-11 11:00:00,0.0,0
M028,252,2026-06-11 12:00:00,0.0,0
M028,253,2026-06-11 13:00:00,0.0,0
M028,254,2026-06-11 14:00:00,0.0,0
M028,255,2026-06-11 15:00:00,0.0,0
M028,256,2026-06-11 16:00:00,0.0,0
M028,257,2026-06-11 17:00:00,0.0,0
M028,258,2026-06-11 18:00:00,0.0,0
M028,259,2026-06-11 19:00:00,0.0,0
M028,260,2026-06-11 20:00:00,0.0,0
M028,261,2026-06-11 21:00:00,0.0,0
M028,262,2026-06-11 22:00:00,0.0,0
M028,263,2026-06-11 23:00:00,0.0,0
M028,264,2026-06-12 00:00:00,0.0,0
M028,265,2026-06-12 01:00:00,0.0,0
M028,266,2026-06-12 02:00:00,0.0,0
M028,267,2026-06-12 03:00:00,0.0,0
M028,268,2026-06-12 04:00:00,0.0,0
M028,269,2026-06-12 05:00:00,0.0,0
M028,270,2026-06-12 06:00:00,0.0,0
M028,271,2026-06-12 07:00:00,0.0,0
M028,272,2026-06-12 08:00:00,0.0,0
M028,273,2026-06-12 09:00:00,0.0,0
M028,274,2026-06-12 10:00:00,0.0,0
M028,275,2026-06-12 11:00:00,0.0,0
M028,276,2026-06-12 12:00:00,0.0,0
M028,277,2026-06-12 13:00:00,0.0,0
M028,278,2026-06-12 14:00:00,0.0,0
M028,279,2026-06-12 15:00:00,0.0,0
M028,280,2026-06-12 16:00:00,0.0,0
M028,281,2026-06-12 17:00:00,0.0,0
M028,282,2026-06-12 18:00:00,0.0,0
M028,283,2026-06-12 19:00:00,0.0,0
M028,284,2026-06-12 20:00:00,0.0,0
M028,285,2026-06-12 21:00:00,0.0,0
M028,286,2026-06-12 22:00:00,0.0,0
M028,287,2026-06-12 23:00:00,0.0,0
M028,288,2026-06-13 00:00:00,0.0,0
M028,289,2026-06-13 01:00:00,0.0,0
M028,290,2026-06-13 02:00:00,0.0,0
M028,291,2026-06-13 03:00:00,0.0,0
M028,292,2026-06-13 04:00:00,0.0,0
M028,293,2026-06-13 05:00:00,0.0,0
M028,294,2026-06-13 06:00:00,0.0,0
M028,295,2026-06-13 07:00:00,0.0,0
M028,296,2026-06-13 08:00:00,0.0,0
M028,297,2026-06-13 09:00:00,0.0,0
M028,298,2026-06-13 10:00:00,0.0,0
M028,299,2026-06-13 11:00:00,0.0,0
M028,300,2026-06-13 12:00:00,0.0,0
M028,301,2026-06-13 13:00:00,0.0,0
M028,302,2026-06-13 14:00:00,0.0,0
M028,303,2026-06-13 15:00:00,0.0,0
M028,304,2026-06-13 16:00:00,0.0,0
M028,305,2026-06-13 17:00:00,0.0,0
M028,306,2026-06-13 18:00:00,0.0,0
M028,307,2026-06-13 19:00:00,0.0,0
M028,308,2026-06-13 20:00:00,0.0,0
M028,309,2026-06-13 21:00:00,0.0,0
M028,310,2026-06-13 22:00:00,0.0,0
M028,311,2026-06-13 23:00:00,0.0,0
M028,312,2026-06-14 00:00:00,0.0,0
M028,313,2026-06-14 01:00:00,0.0,0
M028,314,2026-06-14 02:00:00,0.0,0
M028,315,2026-06-14 03:00:00,0.0,0
M028,316,2026-06-14 04:00:00,0.0,0
M028,317,2026-06-14 05:00:00,0.0,0
M028,318,2026-06-14 06:00:00,0.0027781116051756602,0
M028,319,2026-06-14 07:00:00,0.0,0
M028,320,2026-06-14 08:00:00,0.0,0
M028,321,2026-06-14 09:00:00,0.0,0
M028,322,2026-06-14 10:00:00,0.0,0
M028,323,2026-06-14 11:00:00,0.0,0
M028,324,2026-06-14 12:00:00,0.0,0
M028,325,2026-06-14 13:00:00,0.0,0
M028,326,2026-06-14 14:00:00,0.0,0
M028,327,2026-06-14 15:00:00,0.0,0
M028,328,2026-06-14 16:00:00,0.0,0
M028,329,2026-06-14 17:00:00,0.0,0
M028,330,2026-06-14 18:00:00,0.0,0
M028,331,2026-06-14 19:00:00,0.0,0
M028,332,2026-06-14 20:00:00,0.0,0
M028,333,2026-06-14 21:00:00,0.0,0
M028,334,2026-06-14 22:00:00,0.0,0
M028,335,2026-06-14 23:00:00,0.0,0
M028,336,2026-06-15 00:00:00,0.0,0
M028,337,2026-06-15 01:00:00,0.0,0
M028,338,2026-06-15 02:00:00,0.0,0
M028,339,2026-06-15 03:00:00,0.0,0
M028,340,2026-06-15 04:00:00,0.0,0
M028,341,2026-06-15 05:00:00,0.0,0
M028,342,2026-06-15 06:00:00,0.0,0
M028,343,2026-06-15 07:00:00,0.0,0
M028,344,2026-06-15 08:00:00,0.0,0
M028,345,2026-06-15 09:00:00,0.0,0
M028,346,2026-06-15 10:00:00,0.0,0
M028,347,2026-06-15 11:00:00,0.0,0
M028,348,2026-06-15 12:00:00,0.0,0
M028,349,2026-06-15 13:00:00,0.0,0
M028,350,2026-06-15 14:00:00,0.0,0
M028,351,2026-06-15 15:00:00,0.0,0
M028,352,2026-06-15 16:00:00,0.0,0
M028,353,2026-06-15 17:00:00,0.0,0
M028,354,2026-06-15 18:00:00,0.0,0
M028,355,2026-06-15 19:00:00,0.0,0
M028,356,2026-06-15 20:00:00,0.0,0
M028,357,2026-06-15 21:00:00,0.0,0
M028,358,2026-06-15 22:00:00,0.0,0
M028,359,2026-06-15 23:00:00,0.0,0
M028,360,2026-06-16 00:00:00,0.0,0
M028,361,2026-06-16 01:00:00,0.0,0
M028,362,2026-06-16 02:00:00,0.0,0
M028,363,2026-06-16 03:00:00,0.0,0
M028,364,2026-06-16 04:00:00,0.0,0
M028,365,2026-06-16 05:00:00,0.0,0
M028,366,2026-06-16 06:00:00,0.0030267496451577684,0
M028,367,2026-06-16 07:00:00,0.0030267496451577684,0
M028,368,2026-06-16 08:00:00,0.0030267496451577684,0
M028,369,2026-06-16 09:00:00,0.005804861250333428,0
M028,370,2026-06-16 10:00:00,0.0030267496451577684,0
M028,371,2026-06-16 11:00:00,0.0030267496451577684,0
M028,372,2026-06-16 12:00:00,0.0,0
M028,373,2026-06-16 13:00:00,0.0,0
M028,374,2026-06-16 14:00:00,0.0,0
M028,375,2026-06-16 15:00:00,0.0,0
M028,376,2026-06-16 16:00:00,0.0049476810105864985,0
M028,377,2026-06-16 17:00:00,0.0023150197893607033,0
M028,378,2026-06-16 18:00:00,0.0023150197893607033,0
M028,379,2026-06-16 19:00:00,0.0023150197893607033,0
M028,380,2026-06-16 20:00:00,0.0023150197893607033,0
M028,381,2026-06-16 21:00:00,0.0023150197893607033,0
M028,382,2026-06-16 22:00:00,0.0,0
M028,383,2026-06-16 23:00:00,0.002632661221225795,0
M028,384,2026-06-17 00:00:00,0.0,0
M028,385,2026-06-17 01:00:00,0.0,0
M028,386,2026-06-17 02:00:00,0.0,0
M028,387,2026-06-17 03:00:00,0.0,0
M028,388,2026-06-17 04:00:00,0.0,0
M028,389,2026-06-17 05:00:00,0.002632661221225795,0
M028,390,2026-06-17 06:00:00,0.0,0
M028,391,2026-06-17 07:00:00,0.0,0
M028,392,2026-06-17 08:00:00,0.0,0
M028,393,2026-06-17 09:00:00,0.0,0
M028,394,2026-06-17 10:00:00,0.0,0
M028,395,2026-06-17 11:00:00,0.0,0
M028,396,2026-06-17 12:00:00,0.0,0
M028,397,2026-06-17 13:00:00,0.0,0
M028,398,2026-06-17 14:00:00,0.0,0
M028,399,2026-06-17 15:00:00,0.0,0
M028,400,2026-06-17 16:00:00,0.0,0
M028,401,2026-06-17 17:00:00,0.0,0
M028,402,2026-06-17 18:00:00,0.0,0
M028,403,2026-06-17 19:00:00,0.0,0
M028,404,2026-06-17 20:00:00,0.0,0
M028,405,2026-06-17 21:00:00,0.0,0
M028,406,2026-06-17 22:00:00,0.0,0
M028,407,2026-06-17 23:00:00,0.0,0
M028,408,2026-06-18 00:00:00,0.0,0
M028,409,2026-06-18 01:00:00,0.0,0
M028,410,2026-06-18 02:00:00,0.0,0
M028,411,2026-06-18 03:00:00,0.0,0
M028,412,2026-06-18 04:00:00,0.0,0
M028,413,2026-06-18 05:00:00,0.0049476810105864985,0
M028,414,2026-06-18 06:00:00,0.0023150197893607033,0
M028,415,2026-06-18 07:00:00,0.0023150197893607033,0
M028,416,2026-06-18 08:00:00,0.0023150197893607033,0
M028,417,2026-06-18 09:00:00,0.0023150197893607033,0
M028,418,2026-06-18 10:00:00,0.0023150197893607033,0
M028,419,2026-06-18 11:00:00,0.0,0
M028,420,2026-06-18 12:00:00,0.0,0
M028,421,2026-06-18 13:00:00,0.0,0
M028,422,2026-06-18 14:00:00,0.0,0
M028,423,2026-06-18 15:00:00,0.0,0
M028,424,2026-06-18 16:00:00,0.0,0
M028,425,2026-06-18 17:00:00,0.0049476810105864985,0
M028,426,2026-06-18 18:00:00,0.0023150197893607033,0
M028,427,2026-06-18 19:00:00,0.0023150197893607033,0
M028,428,2026-06-18 20:00:00,0.0023150197893607033,0
M028,429,2026-06-18 21:00:00,0.0023150197893607033,0
M028,430,2026-06-18 22:00:00,0.0023150197893607033,0
M028,431,2026-06-18 23:00:00,0.0,0
M028,432,2026-06-19 00:00:00,0.0,0
M028,433,2026-06-19 01:00:00,0.0,0
M028,434,2026-06-19 02:00:00,0.0,0
M028,435,2026-06-19 03:00:00,0.0,0
M028,436,2026-06-19 04:00:00,0.0,0
M028,437,2026-06-19 05:00:00,0.0049476810105864985,0
M028,438,2026-06-19 06:00:00,0.0023150197893607033,0
M028,439,2026-06-19 07:00:00,0.0049476810105864985,0
M028,440,2026-06-19 08:00:00,0.0023150197893607033,0
M028,441,2026-06-19 09:00:00,0.0023150197893607033,0
M028,442,2026-06-19 10:00:00,0.0049476810105864985,0
M028,443,2026-06-19 11:00:00,0.0049476810105864985,0
M028,444,2026-06-19 12:00:00,0.0023150197893607033,0
M028,445,2026-06-19 13:00:00,0.0023150197893607033,0
M028,446,2026-06-19 14:00:00,0.0023150197893607033,0
M028,447,2026-06-19 15:00:00,0.0023150197893607033,0
M028,448,2026-06-19 16:00:00,0.0023150197893607033,0
M028,449,2026-06-19 17:00:00,0.002632661221225795,0
M028,450,2026-06-19 18:00:00,0.0,0
M028,451,2026-06-19 19:00:00,0.0,0
M028,452,2026-06-19 20:00:00,0.0,0
M028,453,2026-06-19 21:00:00,0.0049476810105864985,0
M028,454,2026-06-19 22:00:00,0.0023150197893607033,0
M028,455,2026-06-19 23:00:00,0.0023150197893607033,0
M028,456,2026-06-20 00:00:00,0.0023150197893607033,0
M028,457,2026-06-20 01:00:00,0.0023150197893607033,0
M028,458,2026-06-20 02:00:00,0.0023150197893607033,0
M028,459,2026-06-20 03:00:00,0.0,0
M028,460,2026-06-20 04:00:00,0.0,0
M028,461,2026-06-20 05:00:00,0.0,0
M028,462,2026-06-20 06:00:00,0.0,0
M028,463,2026-06-20 07:00:00,0.0,0
M028,464,2026-06-20 08:00:00,0.0,0
M028,465,2026-06-20 09:00:00,0.0049476810105864985,0
M028,466,2026-06-20 10:00:00,0.0023150197893607033,0
M028,467,2026-06-20 11:00:00,0.0023150197893607033,0
M028,468,2026-06-20 12:00:00,0.0023150197893607033,0
M028,469,2026-06-20 13:00:00,0.0023150197893607033,0
M028,470,2026-06-20 14:00:00,0.0023150197893607033,0
M028,471,2026-06-20 15:00:00,0.0,0
M028,472,2026-06-20 16:00:00,0.0,0
M028,473,2026-06-20 17:00:00,0.0,0
M028,474,2026-06-20 18:00:00,0.0,0
M028,475,2026-06-20 19:00:00,0.0,0
M028,476,2026-06-20 20:00:00,0.0,0
M028,477,2026-06-20 21:00:00,0.0,0
M028,478,2026-06-20 22:00:00,0.0,0
M028,479,2026-06-20 23:00:00,0.0049476810105864985,0
M028,480,2026-06-21 00:00:00,0.0023150197893607033,0
M028,481,2026-06-21 01:00:00,0.0023150197893607033,0
M028,482,2026-06-21 02:00:00,0.0023150197893607033,0
M028,483,2026-06-21 03:00:00,0.0023150197893607033,0
M028,484,2026-06-21 04:00:00,0.0023150197893607033,0
M028,485,2026-06-21 05:00:00,0.0,0
M028,486,2026-06-21 06:00:00,0.0,0
M028,487,2026-06-21 07:00:00,0.0,0
M028,488,2026-06-21 08:00:00,0.0,0
M028,489,2026-06-21 09:00:00,0.0,0
M028,490,2026-06-21 10:00:00,0.0,0
M028,491,2026-06-21 11:00:00,0.0,0
M028,492,2026-06-21 12:00:00,0.0,0
M028,493,2026-06-21 13:00:00,0.0,0
M028,494,2026-06-21 14:00:00,0.0,0
M028,495,2026-06-21 15:00:00,0.0,0
M028,496,2026-06-21 16:00:00,0.0,0
M028,497,2026-06-21 17:00:00,0.002632661221225795,0
M028,498,2026-06-21 18:00:00,0.0,0
M028,499,2026-06-21 19:00:00,0.0,0
M028,500,2026-06-21 20:00:00,0.0,0
M028,501,2026-06-21 21:00:00,0.0,0
M028,502,2026-06-21 22:00:00,0.002632661221225795,0
M028,503,2026-06-21 23:00:00,0.0049476810105864985,0
M028,504,2026-06-22 00:00:00,0.0023150197893607033,0
M028,505,2026-06-22 01:00:00,0.0049476810105864985,0
M028,506,2026-06-22 02:00:00,0.0049476810105864985,0
M028,507,2026-06-22 03:00:00,0.0023150197893607033,0
M028,508,2026-06-22 04:00:00,0.0049476810105864985,0
M028,509,2026-06-22 05:00:00,0.0049476810105864985,0
M028,510,2026-06-22 06:00:00,0.0049476810105864985,0
M028,511,2026-06-22 07:00:00,0.0049476810105864985,0
M028,512,2026-06-22 08:00:00,0.0049476810105864985,0
M028,513,2026-06-22 09:00:00,0.0049476810105864985,0
M028,514,2026-06-22 10:00:00,0.0023150197893607033,0
M028,515,2026-06-22 11:00:00,0.0049476810105864985,0
M028,516,2026-06-22 12:00:00,0.0049476810105864985,0
M028,517,2026-06-22 13:00:00,0.0023150197893607033,0
M028,518,2026-06-22 14:00:00,0.0,0
M028,519,2026-06-22 15:00:00,0.0,0
M028,520,2026-06-22 16:00:00,0.002632661221225795,0
M028,521,2026-06-22 17:00:00,0.0049476810105864985,0
M028,522,2026-06-22 18:00:00,0.0049476810105864985,0
M028,523,2026-06-22 19:00:00,0.0049476810105864985,0
M028,524,2026-06-22 20:00:00,0.0049476810105864985,0
M028,525,2026-06-22 21:00:00,0.0049476810105864985,0
M028,526,2026-06-22 22:00:00,0.0023150197893607033,0
M028,527,2026-06-22 23:00:00,0.0,0
M028,528,2026-06-23 00:00:00,0.0,0
M028,529,2026-06-23 01:00:00,0.0,0
M028,530,2026-06-23 02:00:00,0.0,0
M028,531,2026-06-23 03:00:00,0.0,0
M028,532,2026-06-23 04:00:00,0.0049476810105864985,0
M028,533,2026-06-23 05:00:00,0.0023150197893607033,0
M028,534,2026-06-23 06:00:00,0.0049476810105864985,0
M028,535,2026-06-23 07:00:00,0.0049476810105864985,0
M028,536,2026-06-23 08:00:00,0.0049476810105864985,0
M028,537,2026-06-23 09:00:00,0.0023150197893607033,0
M028,538,2026-06-23 10:00:00,0.0049476810105864985,0
M028,539,2026-06-23 11:00:00,0.0049476810105864985,0
M028,540,2026-06-23 12:00:00,0.0023150197893607033,0
M028,541,2026-06-23 13:00:00,0.0049476810105864985,0
M028,542,2026-06-23 14:00:00,0.0049476810105864985,0
M028,543,2026-06-23 15:00:00,0.0049476810105864985,0
M028,544,2026-06-23 16:00:00,0.0023150197893607033,0
M028,545,2026-06-23 17:00:00,0.0049476810105864985,0
M028,546,2026-06-23 18:00:00,0.0049476810105864985,0
M028,547,2026-06-23 19:00:00,0.0049476810105864985,0
M028,548,2026-06-23 20:00:00,0.0049476810105864985,0
M028,549,2026-06-23 21:00:00,0.0023150197893607033,0
M028,550,2026-06-23 22:00:00,0.0049476810105864985,0
M028,551,2026-06-23 23:00:00,0.0049476810105864985,0
M028,552,2026-06-24 00:00:00,0.0049476810105864985,0
M028,553,2026-06-24 01:00:00,0.0023150197893607033,0
M028,554,2026-06-24 02:00:00,0.0049476810105864985,0
M028,555,2026-06-24 03:00:00,0.007725792615762159,0
M028,556,2026-06-24 04:00:00,0.0049476810105864985,0
M028,557,2026-06-24 05:00:00,0.0049476810105864985,0
M028,558,2026-06-24 06:00:00,0.0049476810105864985,0
M028,559,2026-06-24 07:00:00,0.0049476810105864985,0
M028,560,2026-06-24 08:00:00,0.0049476810105864985,0
M028,561,2026-06-24 09:00:00,0.0023150197893607033,0
M028,562,2026-06-24 10:00:00,0.0049476810105864985,0
M028,563,2026-06-24 11:00:00,0.0049476810105864985,0
M028,564,2026-06-24 12:00:00,0.0049476810105864985,0
M028,565,2026-06-24 13:00:00,0.0049476810105864985,0
M028,566,2026-06-24 14:00:00,0.0049476810105864985,0
M028,567,2026-06-24 15:00:00,0.0049476810105864985,0
M028,568,2026-06-24 16:00:00,0.0049476810105864985,0
M028,569,2026-06-24 17:00:00,0.0023150197893607033,0
M028,570,2026-06-24 18:00:00,0.0049476810105864985,0
M028,571,2026-06-24 19:00:00,0.0049476810105864985,0
M028,572,2026-06-24 20:00:00,0.0023150197893607033,0
M028,573,2026-06-24 21:00:00,0.0023150197893607033,0
M028,574,2026-06-24 22:00:00,0.0049476810105864985,0
M028,575,2026-06-24 23:00:00,0.0049476810105864985,0
M028,576,2026-06-25 00:00:00,0.0049476810105864985,0
M028,577,2026-06-25 01:00:00,0.0023150197893607033,0
M028,578,2026-06-25 02:00:00,0.0049476810105864985,0
M028,579,2026-06-25 03:00:00,0.0023150197893607033,0
M028,580,2026-06-25 04:00:00,0.0049476810105864985,0
M028,581,2026-06-25 05:00:00,0.0023150197893607033,0
M028,582,2026-06-25 06:00:00,0.0049476810105864985,0
M028,583,2026-06-25 07:00:00,0.0049476810105864985,0
M028,584,2026-06-25 08:00:00,0.0049476810105864985,0
M028,585,2026-06-25 09:00:00,0.0049476810105864985,0
M028,586,2026-06-25 10:00:00,0.0049476810105864985,0
M028,587,2026-06-25 11:00:00,0.0023150197893607033,0
M028,588,2026-06-25 12:00:00,0.0049476810105864985,0
M028,589,2026-06-25 13:00:00,0.0049476810105864985,0
M028,590,2026-06-25 14:00:00,0.0049476810105864985,0
M028,591,2026-06-25 15:00:00,0.0023150197893607033,0
M028,592,2026-06-25 16:00:00,0.0049476810105864985,0
M028,593,2026-06-25 17:00:00,0.0049476810105864985,0
M028,594,2026-06-25 18:00:00,0.0049476810105864985,0
M028,595,2026-06-25 19:00:00,0.0023150197893607033,0
M028,596,2026-06-25 20:00:00,0.0023150197893607033,0
M028,597,2026-06-25 21:00:00,0.0049476810105864985,0
M028,598,2026-06-25 22:00:00,0.0049476810105864985,0
M028,599,2026-06-25 23:00:00,0.0023150197893607033,0
M028,600,2026-06-26 00:00:00,0.0049476810105864985,0
M028,601,2026-06-26 01:00:00,0.0049476810105864985,0
M028,602,2026-06-26 02:00:00,0.0023150197893607033,0
M028,603,2026-06-26 03:00:00,0.0049476810105864985,0
M028,604,2026-06-26 04:00:00,0.0049476810105864985,0
M028,605,2026-06-26 05:00:00,0.0023150197893607033,0
M028,606,2026-06-26 06:00:00,0.0023150197893607033,0
M028,607,2026-06-26 07:00:00,0.0023150197893607033,0
M028,608,2026-06-26 08:00:00,0.0023150197893607033,0
M028,609,2026-06-26 09:00:00,0.0049476810105864985,0
M028,610,2026-06-26 10:00:00,0.0023150197893607033,0
M028,611,2026-06-26 11:00:00,0.0049476810105864985,0
M028,612,2026-06-26 12:00:00,0.0049476810105864985,0
M028,613,2026-06-26 13:00:00,0.0023150197893607033,0
M028,614,2026-06-26 14:00:00,0.0049476810105864985,0
M028,615,2026-06-26 15:00:00,0.0023150197893607033,0
M028,616,2026-06-26 16:00:00,0.0049476810105864985,0
M028,617,2026-06-26 17:00:00,0.0023150197893607033,0
M028,618,2026-06-26 18:00:00,0.0049476810105864985,0
M028,619,2026-06-26 19:00:00,0.0023150197893607033,0
M028,620,2026-06-26 20:00:00,0.0023150197893607033,0
M028,621,2026-06-26 21:00:00,0.0023150197893607033,0
M028,622,2026-06-26 22:00:00,0.0049476810105864985,0
M028,623,2026-06-26 23:00:00,0.0023150197893607033,0
M028,624,2026-06-27 00:00:00,0.0049476810105864985,0
M028,625,2026-06-27 01:00:00,0.0023150197893607033,0
M028,626,2026-06-27 02:00:00,0.0049476810105864985,0
M028,627,2026-06-27 03:00:00,0.0023150197893607033,0
M028,628,2026-06-27 04:00:00,0.0023150197893607033,0
M028,629,2026-06-27 05:00:00,0.0023150197893607033,0
M028,630,2026-06-27 06:00:00,0.0049476810105864985,0
M028,631,2026-06-27 07:00:00,0.0023150197893607033,0
M028,632,2026-06-27 08:00:00,0.0,0
M028,633,2026-06-27 09:00:00,0.0049476810105864985,0
M028,634,2026-06-27 10:00:00,0.0023150197893607033,0
M028,635,2026-06-27 11:00:00,0.0049476810105864985,0
M028,636,2026-06-27 12:00:00,0.0023150197893607033,0
M028,637,2026-06-27 13:00:00,0.0049476810105864985,0
M028,638,2026-06-27 14:00:00,0.0049476810105864985,0
M028,639,2026-06-27 15:00:00,0.0023150197893607033,0
M028,640,2026-06-27 16:00:00,0.0049476810105864985,0
M028,641,2026-06-27 17:00:00,0.002632661221225795,0
M028,642,2026-06-27 18:00:00,0.0049476810105864985,0
M028,643,2026-06-27 19:00:00,0.0023150197893607033,0
M028,644,2026-06-27 20:00:00,0.0023150197893607033,0
M028,645,2026-06-27 21:00:00,0.0049476810105864985,0
M028,646,2026-06-27 22:00:00,0.0049476810105864985,0
M028,647,2026-06-27 23:00:00,0.0023150197893607033,0
M028,648,2026-06-28 00:00:00,0.0023150197893607033,0
M028,649,2026-06-28 01:00:00,0.0049476810105864985,0
M028,650,2026-06-28 02:00:00,0.0023150197893607033,0
M028,651,2026-06-28 03:00:00,0.0023150197893607033,0
M028,652,2026-06-28 04:00:00,0.0023150197893607033,0
M028,653,2026-06-28 05:00:00,0.0023150197893607033,0
M028,654,2026-06-28 06:00:00,0.0049476810105864985,0
M028,655,2026-06-28 07:00:00,0.0,0
M028,656,2026-06-28 08:00:00,0.0049476810105864985,0
M028,657,2026-06-28 09:00:00,0.0023150197893607033,0
M028,658,2026-06-28 10:00:00,0.0023150197893607033,0
M028,659,2026-06-28 11:00:00,0.0049476810105864985,0
M028,660,2026-06-28 12:00:00,0.0049476810105864985,0
M028,661,2026-06-28 13:00:00,0.0049476810105864985,0
M028,662,2026-06-28 14:00:00,0.0049476810105864985,0
M028,663,2026-06-28 15:00:00,0.0023150197893607033,0
M028,664,2026-06-28 16:00:00,0.0049476810105864985,0
M028,665,2026-06-28 17:00:00,0.0023150197893607033,0
M028,666,2026-06-28 18:00:00,0.0049476810105864985,0
M028,667,2026-06-28 19:00:00,0.0049476810105864985,0
M028,668,2026-06-28 20:00:00,0.0049476810105864985,0
M028,669,2026-06-28 21:00:00,0.0049476810105864985,0
M028,670,2026-06-28 22:00:00,0.0049476810105864985,0
M028,671,2026-06-28 23:00:00,0.0049476810105864985,0
M028,672,2026-06-29 00:00:00,0.0023150197893607033,0
M028,673,2026-06-29 01:00:00,0.0049476810105864985,0
M028,674,2026-06-29 02:00:00,0.0049476810105864985,0
M028,675,2026-06-29 03:00:00,0.0049476810105864985,0
M028,676,2026-06-29 04:00:00,0.0049476810105864985,0
M028,677,2026-06-29 05:00:00,0.0023150197893607033,0
M028,678,2026-06-29 06:00:00,0.0049476810105864985,0
M028,679,2026-06-29 07:00:00,0.0023150197893607033,0
M028,680,2026-06-29 08:00:00,0.0023150197893607033,0
M028,681,2026-06-29 09:00:00,0.0049476810105864985,0
M028,682,2026-06-29 10:00:00,0.0023150197893607033,0
M028,683,2026-06-29 11:00:00,0.0049476810105864985,0
M028,684,2026-06-29 12:00:00,0.0,0
M028,685,2026-06-29 13:00:00,0.0,0
M028,686,2026-06-29 14:00:00,0.0049476810105864985,0
M028,687,2026-06-29 15:00:00,0.0023150197893607033,0
M028,688,2026-06-29 16:00:00,0.0049476810105864985,0
M028,689,2026-06-29 17:00:00,0.0049476810105864985,0
M028,690,2026-06-29 18:00:00,0.0049476810105864985,0
M028,691,2026-06-29 19:00:00,0.0049476810105864985,0
M028,692,2026-06-29 20:00:00,0.0023150197893607033,0
M028,693,2026-06-29 21:00:00,0.0049476810105864985,0
M028,694,2026-06-29 22:00:00,0.0023150197893607033,0
M028,695,2026-06-29 23:00:00,0.0023150197893607033,0
M028,696,2026-06-30 00:00:00,0.0023150197893607033,0
M028,697,2026-06-30 01:00:00,0.0023150197893607033,0
M028,698,2026-06-30 02:00:00,0.0049476810105864985,0
M028,699,2026-06-30 03:00:00,0.0,0
M028,700,2026-06-30 04:00:00,0.0,0
M028,701,2026-06-30 05:00:00,0.0049476810105864985,0
M028,702,2026-06-30 06:00:00,0.0023150197893607033,0
M028,703,2026-06-30 07:00:00,0.0049476810105864985,0
M028,704,2026-06-30 08:00:00,0.0023150197893607033,0
M028,705,2026-06-30 09:00:00,0.0049476810105864985,0
M028,706,2026-06-30 10:00:00,0.0023150197893607033,0
M028,707,2026-06-30 11:00:00,0.0049476810105864985,0
M028,708,2026-06-30 12:00:00,0.0049476810105864985,0
M028,709,2026-06-30 13:00:00,0.0023150197893607033,0
M028,710,2026-06-30 14:00:00,0.0023150197893607033,0
M028,711,2026-06-30 15:00:00,0.0049476810105864985,0
M028,712,2026-06-30 16:00:00,0.0049476810105864985,0
M028,713,2026-06-30 17:00:00,0.0023150197893607033,0
M028,714,2026-06-30 18:00:00,0.0023150197893607033,0
M028,715,2026-06-30 19:00:00,0.0023150197893607033,0
M028,716,2026-06-30 20:00:00,0.0023150197893607033,0
M028,717,2026-06-30 21:00:00,0.0049476810105864985,0
M028,718,2026-06-30 22:00:00,0.0,0
M028,719,2026-06-30 23:00:00,0.0049476810105864985,0
M029,23,2026-06-01 23:00:00,0.0,0
M029,24,2026-06-02 00:00:00,0.0,0
M029,25,2026-06-02 01:00:00,0.0,0
M029,26,2026-06-02 02:00:00,0.0,0
M029,27,2026-06-02 03:00:00,0.0,0
M029,28,2026-06-02 04:00:00,0.0,0
M029,29,2026-06-02 05:00:00,0.0,0
M029,30,2026-06-02 06:00:00,0.0,0
M029,31,2026-06-02 07:00:00,0.0,0
M029,32,2026-06-02 08:00:00,0.0,0
M029,33,2026-06-02 09:00:00,0.0,0
M029,34,2026-06-02 10:00:00,0.0,0
M029,35,2026-06-02 11:00:00,0.0,0
M029,36,2026-06-02 12:00:00,0.0,0
M029,37,2026-06-02 13:00:00,0.0,0
M029,38,2026-06-02 14:00:00,0.0,0
M029,39,2026-06-02 15:00:00,0.0,0
M029,40,2026-06-02 16:00:00,0.0,0
M029,41,2026-06-02 17:00:00,0.0,0
M029,42,2026-06-02 18:00:00,0.0,0
M029,43,2026-06-02 19:00:00,0.0,0
M029,44,2026-06-02 20:00:00,0.0,0
M029,45,2026-06-02 21:00:00,0.0,0
M029,46,2026-06-02 22:00:00,0.0,0
M029,47,2026-06-02 23:00:00,0.0,0
M029,48,2026-06-03 00:00:00,0.0,0
M029,49,2026-06-03 01:00:00,0.0,0
M029,50,2026-06-03 02:00:00,0.0,0
M029,51,2026-06-03 03:00:00,0.0,0
M029,52,2026-06-03 04:00:00,0.0,0
M029,53,2026-06-03 05:00:00,0.0,0
M029,54,2026-06-03 06:00:00,0.0,0
M029,55,2026-06-03 07:00:00,0.0,0
M029,56,2026-06-03 08:00:00,0.0,0
M029,57,2026-06-03 09:00:00,0.0,0
M029,58,2026-06-03 10:00:00,0.0,0
M029,59,2026-06-03 11:00:00,0.0028988233327063356,0
M029,60,2026-06-03 12:00:00,0.0,0
M029,61,2026-06-03 13:00:00,0.0,0
M029,62,2026-06-03 14:00:00,0.0,0
M029,63,2026-06-03 15:00:00,0.0,0
M029,64,2026-06-03 16:00:00,0.0,0
M029,65,2026-06-03 17:00:00,0.0,0
M029,66,2026-06-03 18:00:00,0.0,0
M029,67,2026-06-03 19:00:00,0.0,0
M029,68,2026-06-03 20:00:00,0.0,0
M029,69,2026-06-03 21:00:00,0.0,0
M029,70,2026-06-03 22:00:00,0.0,0
M029,71,2026-06-03 23:00:00,0.0,0
M029,72,2026-06-04 00:00:00,0.0,0
M029,73,2026-06-04 01:00:00,0.0,0
M029,74,2026-06-04 02:00:00,0.0,0
M029,75,2026-06-04 03:00:00,0.0,0
M029,76,2026-06-04 04:00:00,0.0,0
M029,77,2026-06-04 05:00:00,0.003090133547724329,0
M029,78,2026-06-04 06:00:00,0.005405153337085032,0
M029,79,2026-06-04 07:00:00,0.0023150197893607033,0
M029,80,2026-06-04 08:00:00,0.0023150197893607033,0
M029,81,2026-06-04 09:00:00,0.0,0
M029,82,2026-06-04 10:00:00,0.0,0
M029,83,2026-06-04 11:00:00,0.0030621114449724453,0
M029,84,2026-06-04 12:00:00,0.0023150197893607033,0
M029,85,2026-06-04 13:00:00,0.0023150197893607033,0
M029,86,2026-06-04 14:00:00,0.0023150197893607033,0
M029,87,2026-06-04 15:00:00,0.0,0
M029,88,2026-06-04 16:00:00,0.0,0
M029,89,2026-06-04 17:00:00,0.0,0
M029,90,2026-06-04 18:00:00,0.0,0
M029,91,2026-06-04 19:00:00,0.0,0
M029,92,2026-06-04 20:00:00,0.003223202028897834,0
M029,93,2026-06-04 21:00:00,0.0027558051539411316,0
M029,94,2026-06-04 22:00:00,0.01324943178153734,0
M029,95,2026-06-04 23:00:00,0.007561162873581603,0
M029,96,2026-06-05 00:00:00,0.0025422795130281496,0
M029,97,2026-06-05 01:00:00,0.0029688204115791506,0
M029,98,2026-06-05 02:00:00,0.014897987330969847,0
M029,99,2026-06-05 03:00:00,0.004942475044909851,0
M029,100,2026-06-05 04:00:00,0.00241252205509844,0
M029,101,2026-06-05 05:00:00,0.00241252205509844,0
M029,102,2026-06-05 06:00:00,0.0,0
M029,103,2026-06-05 07:00:00,0.0,0
M029,104,2026-06-05 08:00:00,0.0049476810105864985,0
M029,105,2026-06-05 09:00:00,0.004888242888705186,0
M029,106,2026-06-05 10:00:00,0.005185255793081625,0
M029,107,2026-06-05 11:00:00,0.0033333333333333335,0
M029,108,2026-06-05 12:00:00,0.017485830411949753,0
M029,109,2026-06-05 13:00:00,0.06232717310855706,0
M029,110,2026-06-05 14:00:00,0.06395163854811765,0
M029,111,2026-06-05 15:00:00,0.04973124054811863,0
M029,112,2026-06-05 16:00:00,0.03186944175654963,0
M029,113,2026-06-05 17:00:00,0.050177353719950114,0
M029,114,2026-06-05 18:00:00,0.05474231162946205,0
M029,115,2026-06-05 19:00:00,0.06112154019979044,0
M029,116,2026-06-05 20:00:00,0.06891884913255462,0
M029,117,2026-06-05 21:00:00,0.09212545641363472,0
M029,118,2026-06-05 22:00:00,0.08634996003352034,0
M029,119,2026-06-05 23:00:00,0.10785386428197614,0
M029,120,2026-06-06 00:00:00,0.08728828096745218,0
M029,121,2026-06-06 01:00:00,0.09291791155749869,0
M029,122,2026-06-06 02:00:00,0.09274601356142856,0
M029,123,2026-06-06 03:00:00,0.12660854799119703,0
M029,124,2026-06-06 04:00:00,0.09905958923566822,0
M029,125,2026-06-06 05:00:00,0.14538081685571191,0
M029,126,2026-06-06 06:00:00,0.17906116296896074,0
M029,127,2026-06-06 07:00:00,0.1356164095967631,0
M029,128,2026-06-06 08:00:00,0.1467013732650941,0
M029,129,2026-06-06 09:00:00,0.11051435019859826,0
M029,130,2026-06-06 10:00:00,0.13395011274529225,0
M029,131,2026-06-06 11:00:00,0.16902352914914695,0
M029,132,2026-06-06 12:00:00,0.14240014330682058,0
M029,133,2026-06-06 13:00:00,0.14111498720630067,0
M029,134,2026-06-06 14:00:00,0.1825365508999225,0
M029,135,2026-06-06 15:00:00,0.2405310245373152,0
M029,136,2026-06-06 16:00:00,0.23274451510124877,0
M029,137,2026-06-06 17:00:00,0.2980701741809274,0
M029,138,2026-06-06 18:00:00,0.3893292948409568,0
M029,139,2026-06-06 19:00:00,0.8172456171075433,0
M029,140,2026-06-06 20:00:00,0.7816954397369701,0
M029,141,2026-06-06 21:00:00,0.7705680453083994,0
M029,142,2026-06-06 22:00:00,0.786294314616738,0
M029,143,2026-06-06 23:00:00,0.8929073248948831,0
M029,144,2026-06-07 00:00:00,0.7700690515587731,0
M029,145,2026-06-07 01:00:00,0.7744634497452885,0
M029,146,2026-06-07 02:00:00,0.83547155288803,0
M029,147,2026-06-07 03:00:00,0.8740254402077736,0
M029,148,2026-06-07 04:00:00,0.8538683645650065,0
M029,149,2026-06-07 05:00:00,0.8829086661171534,0
M029,150,2026-06-07 06:00:00,0.9497155736919494,0
M029,151,2026-06-07 07:00:00,0.9136242272294927,0
M029,152,2026-06-07 08:00:00,0.8953067295403514,0
M029,153,2026-06-07 09:00:00,0.9605247569243837,1
M029,154,2026-06-07 10:00:00,0.9642320822017854,1
M029,155,2026-06-07 11:00:00,0.9719289581184277,1
M029,156,2026-06-07 12:00:00,0.9719687384607263,1
M029,157,2026-06-07 13:00:00,0.9816561737392249,1
M029,158,2026-06-07 14:00:00,0.9786081554203165,1
M029,159,2026-06-07 15:00:00,0.982368248856629,1
M029,160,2026-06-07 16:00:00,0.9822745282852031,1
M029,161,2026-06-07 17:00:00,0.9792443389731444,1
M029,162,2026-06-07 18:00:00,0.9811405407194465,1
M029,163,2026-06-07 19:00:00,0.9862069312897942,1
M029,164,2026-06-07 20:00:00,0.9857747179273956,1
M029,165,2026-06-07 21:00:00,0.954226597249833,1
M029,166,2026-06-07 22:00:00,0.9862069312897942,1
M029,167,2026-06-07 23:00:00,0.9841892709786788,1
M029,168,2026-06-08 00:00:00,0.9820883871016235,1
M029,169,2026-06-08 01:00:00,0.9863187873683137,1
M029,170,2026-06-08 02:00:00,0.9863187873683137,1
M029,171,2026-06-08 03:00:00,0.9863187873683137,1
M029,172,2026-06-08 04:00:00,0.9863187873683137,1
M029,173,2026-06-08 05:00:00,0.9863187873683137,1
M029,174,2026-06-08 06:00:00,0.9863187873683137,1
M029,175,2026-06-08 07:00:00,0.9863187873683137,1
M029,176,2026-06-08 08:00:00,0.9863187873683137,1
M029,177,2026-06-08 09:00:00,0.9863187873683137,1
M029,178,2026-06-08 10:00:00,0.9863187873683137,1
M029,179,2026-06-08 11:00:00,0.9863187873683137,1
M029,180,2026-06-08 12:00:00,0.9863187873683137,1
M029,181,2026-06-08 13:00:00,0.9863187873683137,1
M029,182,2026-06-08 14:00:00,0.9863187873683137,1
M029,183,2026-06-08 15:00:00,0.9863187873683137,1
M029,184,2026-06-08 16:00:00,0.9863187873683137,1
M029,185,2026-06-08 17:00:00,0.9863187873683137,1
M029,186,2026-06-08 18:00:00,0.9863187873683137,1
M029,187,2026-06-08 19:00:00,0.9863187873683137,1
M029,188,2026-06-08 20:00:00,0.9863187873683137,1
M029,189,2026-06-08 21:00:00,0.9862069312897942,1
M029,190,2026-06-08 22:00:00,0.9863187873683137,1
M029,191,2026-06-08 23:00:00,0.9862069312897942,1
M029,192,2026-06-09 00:00:00,0.9862069312897942,1
M029,193,2026-06-09 01:00:00,0.9863187873683137,1
M029,194,2026-06-09 02:00:00,0.9863187873683137,1
M029,195,2026-06-09 03:00:00,0.9853168577596635,1
M029,196,2026-06-09 04:00:00,0.9820341715683444,1
M029,197,2026-06-09 05:00:00,0.9853675049016778,1
M029,198,2026-06-09 06:00:00,0.9808255807686731,1
M029,199,2026-06-09 07:00:00,0.9807304492157564,1
M029,200,2026-06-09 08:00:00,0.9382603335814194,1
M029,201,2026-06-09 09:00:00,0.5792382197635291,0
M029,202,2026-06-09 10:00:00,0.4804552051999566,0
M029,203,2026-06-09 11:00:00,0.6155131472082708,0
M029,204,2026-06-09 12:00:00,0.3264273007644288,0
M029,205,2026-06-09 13:00:00,0.23427713043063286,0
M029,206,2026-06-09 14:00:00,0.1116295062220533,0
M029,207,2026-06-09 15:00:00,0.13696605618038785,0
M029,208,2026-06-09 16:00:00,0.143082206279013,0
M029,209,2026-06-09 17:00:00,0.1299863674275564,0
M029,210,2026-06-09 18:00:00,0.1955645710056597,0
M029,211,2026-06-09 19:00:00,0.16795159031774134,0
M029,212,2026-06-09 20:00:00,0.15347256989106006,0
M029,213,2026-06-09 21:00:00,0.15347256989106006,0
M029,214,2026-06-09 22:00:00,0.15963695516996476,0
M029,215,2026-06-09 23:00:00,0.18694344097360954,0
M029,216,2026-06-10 00:00:00,0.1587354345578576,0
M030,23,2026-06-01 23:00:00,0.0,0
M030,24,2026-06-02 00:00:00,0.0,0
M030,25,2026-06-02 01:00:00,0.0,0
M030,26,2026-06-02 02:00:00,0.0,0
M030,27,2026-06-02 03:00:00,0.0,0
M030,28,2026-06-02 04:00:00,0.0,0
M030,29,2026-06-02 05:00:00,0.0,0
M030,30,2026-06-02 06:00:00,0.0,0
M030,31,2026-06-02 07:00:00,0.0,0
M030,32,2026-06-02 08:00:00,0.0,0
M030,33,2026-06-02 09:00:00,0.0,0
M030,34,2026-06-02 10:00:00,0.0,0
M030,35,2026-06-02 11:00:00,0.0,0
M030,36,2026-06-02 12:00:00,0.0,0
M030,37,2026-06-02 13:00:00,0.0,0
M030,38,2026-06-02 14:00:00,0.0,0
M030,39,2026-06-02 15:00:00,0.0,0
M030,40,2026-06-02 16:00:00,0.0,0
M030,41,2026-06-02 17:00:00,0.0,0
M030,42,2026-06-02 18:00:00,0.0,0
M030,43,2026-06-02 19:00:00,0.0,0
M030,44,2026-06-02 20:00:00,0.0,0
M030,45,2026-06-02 21:00:00,0.0,0
M030,46,2026-06-02 22:00:00,0.0,0
M030,47,2026-06-02 23:00:00,0.0,0
M030,48,2026-06-03 00:00:00,0.0,0
M030,49,2026-06-03 01:00:00,0.0,0
M030,50,2026-06-03 02:00:00,0.0,0
M030,51,2026-06-03 03:00:00,0.0,0
M030,52,2026-06-03 04:00:00,0.0,0
M030,53,2026-06-03 05:00:00,0.0,0
M030,54,2026-06-03 06:00:00,0.0,0
M030,55,2026-06-03 07:00:00,0.0,0
M030,56,2026-06-03 08:00:00,0.0,0
M030,57,2026-06-03 09:00:00,0.0,0
M030,58,2026-06-03 10:00:00,0.0,0
M030,59,2026-06-03 11:00:00,0.0,0
M030,60,2026-06-03 12:00:00,0.0,0
M030,61,2026-06-03 13:00:00,0.0,0
M030,62,2026-06-03 14:00:00,0.0,0
M030,63,2026-06-03 15:00:00,0.0,0
M030,64,2026-06-03 16:00:00,0.0,0
M030,65,2026-06-03 17:00:00,0.0,0
M030,66,2026-06-03 18:00:00,0.0,0
M030,67,2026-06-03 19:00:00,0.0,0
M030,68,2026-06-03 20:00:00,0.0,0
M030,69,2026-06-03 21:00:00,0.0,0
M030,70,2026-06-03 22:00:00,0.0,0
M030,71,2026-06-03 23:00:00,0.0,0
M030,72,2026-06-04 00:00:00,0.0,0
M030,73,2026-06-04 01:00:00,0.0,0
M030,74,2026-06-04 02:00:00,0.0,0
M030,75,2026-06-04 03:00:00,0.0,0
M030,76,2026-06-04 04:00:00,0.0,0
M030,77,2026-06-04 05:00:00,0.0,0
M030,78,2026-06-04 06:00:00,0.0,0
M030,79,2026-06-04 07:00:00,0.0,0
M030,80,2026-06-04 08:00:00,0.0,0
M030,81,2026-06-04 09:00:00,0.0,0
M030,82,2026-06-04 10:00:00,0.0,0
M030,83,2026-06-04 11:00:00,0.0,0
M030,84,2026-06-04 12:00:00,0.0,0
M030,85,2026-06-04 13:00:00,0.0,0
M030,86,2026-06-04 14:00:00,0.0,0
M030,87,2026-06-04 15:00:00,0.0,0
M030,88,2026-06-04 16:00:00,0.0,0
M030,89,2026-06-04 17:00:00,0.0,0
M030,90,2026-06-04 18:00:00,0.0030163505559189013,0
M030,91,2026-06-04 19:00:00,0.0030163505559189013,0
M030,92,2026-06-04 20:00:00,0.0030163505559189013,0
M030,93,2026-06-04 21:00:00,0.0030163505559189013,0
M030,94,2026-06-04 22:00:00,0.0030163505559189013,0
M030,95,2026-06-04 23:00:00,0.0,0
M030,96,2026-06-05 00:00:00,0.0,0
M030,97,2026-06-05 01:00:00,0.0,0
M030,98,2026-06-05 02:00:00,0.002534344433454225,0
M030,99,2026-06-05 03:00:00,0.002534344433454225,0
M030,100,2026-06-05 04:00:00,0.0,0
M030,101,2026-06-05 05:00:00,0.006066865719116291,0
M030,102,2026-06-05 06:00:00,0.014786754156312535,0
M030,103,2026-06-05 07:00:00,0.002534344433454225,0
M030,104,2026-06-05 08:00:00,0.0,0
M030,105,2026-06-05 09:00:00,0.0,0
M030,106,2026-06-05 10:00:00,0.0,0
M030,107,2026-06-05 11:00:00,0.0,0
M030,108,2026-06-05 12:00:00,0.0,0
M030,109,2026-06-05 13:00:00,0.0,0
M030,110,2026-06-05 14:00:00,0.0,0
M030,111,2026-06-05 15:00:00,0.0,0
M030,112,2026-06-05 16:00:00,0.0,0
M030,113,2026-06-05 17:00:00,0.0,0
M030,114,2026-06-05 18:00:00,0.0,0
M030,115,2026-06-05 19:00:00,0.0,0
M030,116,2026-06-05 20:00:00,0.0,0
M030,117,2026-06-05 21:00:00,0.0,0
M030,118,2026-06-05 22:00:00,0.0,0
M030,119,2026-06-05 23:00:00,0.0,0
M030,120,2026-06-06 00:00:00,0.0,0
M030,121,2026-06-06 01:00:00,0.0,0
M030,122,2026-06-06 02:00:00,0.0,0
M030,123,2026-06-06 03:00:00,0.0,0
M030,124,2026-06-06 04:00:00,0.0,0
M030,125,2026-06-06 05:00:00,0.0,0
M030,126,2026-06-06 06:00:00,0.0,0
M030,127,2026-06-06 07:00:00,0.0,0
M030,128,2026-06-06 08:00:00,0.0,0
M030,129,2026-06-06 09:00:00,0.0,0
M030,130,2026-06-06 10:00:00,0.0,0
M030,131,2026-06-06 11:00:00,0.0,0
M030,132,2026-06-06 12:00:00,0.0,0
M030,133,2026-06-06 13:00:00,0.0,0
M030,134,2026-06-06 14:00:00,0.0,0
M030,135,2026-06-06 15:00:00,0.0,0
M030,136,2026-06-06 16:00:00,0.0,0
M030,137,2026-06-06 17:00:00,0.0,0
M030,138,2026-06-06 18:00:00,0.0,0
M030,139,2026-06-06 19:00:00,0.0,0
M030,140,2026-06-06 20:00:00,0.0,0
M030,141,2026-06-06 21:00:00,0.0,0
M030,142,2026-06-06 22:00:00,0.0,0
M030,143,2026-06-06 23:00:00,0.0,0
M030,144,2026-06-07 00:00:00,0.0,0
M030,145,2026-06-07 01:00:00,0.0,0
M030,146,2026-06-07 02:00:00,0.0,0
M030,147,2026-06-07 03:00:00,0.0,0
M030,148,2026-06-07 04:00:00,0.0,0
M030,149,2026-06-07 05:00:00,0.0,0
M030,150,2026-06-07 06:00:00,0.0,0
M030,151,2026-06-07 07:00:00,0.0,0
M030,152,2026-06-07 08:00:00,0.0,0
M030,153,2026-06-07 09:00:00,0.0,0
M030,154,2026-06-07 10:00:00,0.0,0
M030,155,2026-06-07 11:00:00,0.0,0
M030,156,2026-06-07 12:00:00,0.0,0
M030,157,2026-06-07 13:00:00,0.0,0
M030,158,2026-06-07 14:00:00,0.0,0
M030,159,2026-06-07 15:00:00,0.0,0
M030,160,2026-06-07 16:00:00,0.0,0
M030,161,2026-06-07 17:00:00,0.0,0
M030,162,2026-06-07 18:00:00,0.0,0
M030,163,2026-06-07 19:00:00,0.0,0
M030,164,2026-06-07 20:00:00,0.0,0
M030,165,2026-06-07 21:00:00,0.0,0
M030,166,2026-06-07 22:00:00,0.0,0
M030,167,2026-06-07 23:00:00,0.0,0
M030,168,2026-06-08 00:00:00,0.0,0
M030,169,2026-06-08 01:00:00,0.0,0
M030,170,2026-06-08 02:00:00,0.0,0
M030,171,2026-06-08 03:00:00,0.0,0
M030,172,2026-06-08 04:00:00,0.0,0
M030,173,2026-06-08 05:00:00,0.0,0
M030,174,2026-06-08 06:00:00,0.0,0
M030,175,2026-06-08 07:00:00,0.0,0
M030,176,2026-06-08 08:00:00,0.0,0
M030,177,2026-06-08 09:00:00,0.0,0
M030,178,2026-06-08 10:00:00,0.0,0
M030,179,2026-06-08 11:00:00,0.0,0
M030,180,2026-06-08 12:00:00,0.0,0
M030,181,2026-06-08 13:00:00,0.0,0
M030,182,2026-06-08 14:00:00,0.0,0
M030,183,2026-06-08 15:00:00,0.0,0
M030,184,2026-06-08 16:00:00,0.0,0
M030,185,2026-06-08 17:00:00,0.0,0
M030,186,2026-06-08 18:00:00,0.0,0
M030,187,2026-06-08 19:00:00,0.0,0
M030,188,2026-06-08 20:00:00,0.0,0
M030,189,2026-06-08 21:00:00,0.0,0
M030,190,2026-06-08 22:00:00,0.0,0
M030,191,2026-06-08 23:00:00,0.0,0
M030,192,2026-06-09 00:00:00,0.0,0
M030,193,2026-06-09 01:00:00,0.0,0
M030,194,2026-06-09 02:00:00,0.0,0
M030,195,2026-06-09 03:00:00,0.0,0
M030,196,2026-06-09 04:00:00,0.0,0
M030,197,2026-06-09 05:00:00,0.0,0
M030,198,2026-06-09 06:00:00,0.0,0
M030,199,2026-06-09 07:00:00,0.0,0
M030,200,2026-06-09 08:00:00,0.0,0
M030,201,2026-06-09 09:00:00,0.0,0
M030,202,2026-06-09 10:00:00,0.0,0
M030,203,2026-06-09 11:00:00,0.0,0
M030,204,2026-06-09 12:00:00,0.0,0
M030,205,2026-06-09 13:00:00,0.0,0
M030,206,2026-06-09 14:00:00,0.0,0
M030,207,2026-06-09 15:00:00,0.0,0
M030,208,2026-06-09 16:00:00,0.0,0
M030,209,2026-06-09 17:00:00,0.0,0
M030,210,2026-06-09 18:00:00,0.0,0
M030,211,2026-06-09 19:00:00,0.0,0
M030,212,2026-06-09 20:00:00,0.0,0
M030,213,2026-06-09 21:00:00,0.0,0
M030,214,2026-06-09 22:00:00,0.0,0
M030,215,2026-06-09 23:00:00,0.0,0
M030,216,2026-06-10 00:00:00,0.0,0
M030,217,2026-06-10 01:00:00,0.0,0
M030,218,2026-06-10 02:00:00,0.0,0
M030,219,2026-06-10 03:00:00,0.0,0
M030,220,2026-06-10 04:00:00,0.0,0
M030,221,2026-06-10 05:00:00,0.0,0
M030,222,2026-06-10 06:00:00,0.0,0
M030,223,2026-06-10 07:00:00,0.0,0
M030,224,2026-06-10 08:00:00,0.0,0
M030,225,2026-06-10 09:00:00,0.0,0
M030,226,2026-06-10 10:00:00,0.0,0
M030,227,2026-06-10 11:00:00,0.0,0
M030,228,2026-06-10 12:00:00,0.0,0
M030,229,2026-06-10 13:00:00,0.0,0
M030,230,2026-06-10 14:00:00,0.0,0
M030,231,2026-06-10 15:00:00,0.0,0
M030,232,2026-06-10 16:00:00,0.0,0
M030,233,2026-06-10 17:00:00,0.0,0
M030,234,2026-06-10 18:00:00,0.0,0
M030,235,2026-06-10 19:00:00,0.0,0
M030,236,2026-06-10 20:00:00,0.0,0
M030,237,2026-06-10 21:00:00,0.0,0
M030,238,2026-06-10 22:00:00,0.0,0
M030,239,2026-06-10 23:00:00,0.0,0
M030,240,2026-06-11 00:00:00,0.0,0
M030,241,2026-06-11 01:00:00,0.0,0
M030,242,2026-06-11 02:00:00,0.0,0
M030,243,2026-06-11 03:00:00,0.0,0
M030,244,2026-06-11 04:00:00,0.0,0
M030,245,2026-06-11 05:00:00,0.0,0
M030,246,2026-06-11 06:00:00,0.0,0
M030,247,2026-06-11 07:00:00,0.0,0
M030,248,2026-06-11 08:00:00,0.0,0
M030,249,2026-06-11 09:00:00,0.005851309055638316,0
M030,250,2026-06-11 10:00:00,0.005851309055638316,0
M030,251,2026-06-11 11:00:00,0.0,0
M030,252,2026-06-11 12:00:00,0.0,0
M030,253,2026-06-11 13:00:00,0.0,0
M030,254,2026-06-11 14:00:00,0.0,0
M030,255,2026-06-11 15:00:00,0.0,0
M030,256,2026-06-11 16:00:00,0.0,0
M030,257,2026-06-11 17:00:00,0.0,0
M030,258,2026-06-11 18:00:00,0.0,0
M030,259,2026-06-11 19:00:00,0.0,0
M030,260,2026-06-11 20:00:00,0.0,0
M030,261,2026-06-11 21:00:00,0.0,0
M030,262,2026-06-11 22:00:00,0.0,0
M030,263,2026-06-11 23:00:00,0.0,0
M030,264,2026-06-12 00:00:00,0.0,0
M030,265,2026-06-12 01:00:00,0.0,0
M030,266,2026-06-12 02:00:00,0.0,0
M030,267,2026-06-12 03:00:00,0.0,0
M030,268,2026-06-12 04:00:00,0.0,0
M030,269,2026-06-12 05:00:00,0.0,0
M030,270,2026-06-12 06:00:00,0.0,0
M030,271,2026-06-12 07:00:00,0.0027781116051756602,0
M030,272,2026-06-12 08:00:00,0.0,0
M030,273,2026-06-12 09:00:00,0.0,0
M030,274,2026-06-12 10:00:00,0.0,0
M030,275,2026-06-12 11:00:00,0.0,0
M030,276,2026-06-12 12:00:00,0.0,0
M030,277,2026-06-12 13:00:00,0.0,0
M030,278,2026-06-12 14:00:00,0.0,0
M030,279,2026-06-12 15:00:00,0.0,0
M030,280,2026-06-12 16:00:00,0.0,0
M030,281,2026-06-12 17:00:00,0.0,0
M030,282,2026-06-12 18:00:00,0.0027606627983489864,0
M030,283,2026-06-12 19:00:00,0.0,0
M030,284,2026-06-12 20:00:00,0.0,0
M030,285,2026-06-12 21:00:00,0.0,0
M030,286,2026-06-12 22:00:00,0.0,0
M030,287,2026-06-12 23:00:00,0.002632661221225795,0
M030,288,2026-06-13 00:00:00,0.0,0
M030,289,2026-06-13 01:00:00,0.0,0
M030,290,2026-06-13 02:00:00,0.0,0
M030,291,2026-06-13 03:00:00,0.002632661221225795,0
M030,292,2026-06-13 04:00:00,0.0,0
M030,293,2026-06-13 05:00:00,0.0,0
M030,294,2026-06-13 06:00:00,0.0,0
M030,295,2026-06-13 07:00:00,0.0,0
M030,296,2026-06-13 08:00:00,0.008692703119365819,0
M030,297,2026-06-13 09:00:00,0.0031056515478761694,0
M030,298,2026-06-13 10:00:00,0.005538849429910402,0
M030,299,2026-06-13 11:00:00,0.011262932800712704,0
M030,300,2026-06-13 12:00:00,0.05305620712529299,0
M030,301,2026-06-13 13:00:00,0.044249249010544736,0
M030,302,2026-06-13 14:00:00,0.050579945682577405,0
M030,303,2026-06-13 15:00:00,0.044313322627672624,0
M030,304,2026-06-13 16:00:00,0.05130426293257816,0
M030,305,2026-06-13 17:00:00,0.07878168299338821,0
M030,306,2026-06-13 18:00:00,0.08512211361879475,0
M030,307,2026-06-13 19:00:00,0.08163641843026426,0
M030,308,2026-06-13 20:00:00,0.16653756552737572,0
M030,309,2026-06-13 21:00:00,0.16352028588692719,1
M030,310,2026-06-13 22:00:00,0.1618307806084008,1
M030,311,2026-06-13 23:00:00,0.1692915843658924,1
M030,312,2026-06-14 00:00:00,0.1349346604304083,1
M030,313,2026-06-14 01:00:00,0.1457057495337136,1
M030,314,2026-06-14 02:00:00,0.14010409849224884,1
M030,315,2026-06-14 03:00:00,0.13141280067312602,1
M030,316,2026-06-14 04:00:00,0.15921352291573296,1
M030,317,2026-06-14 05:00:00,0.17288303300784713,1
M030,318,2026-06-14 06:00:00,0.17990062359404832,1
M030,319,2026-06-14 07:00:00,0.1984106886382091,1
M030,320,2026-06-14 08:00:00,0.34631768847661104,1
M030,321,2026-06-14 09:00:00,0.32103866829760347,1
M030,322,2026-06-14 10:00:00,0.41966166008603223,1
M030,323,2026-06-14 11:00:00,0.6347649759820115,1
M030,324,2026-06-14 12:00:00,0.6957246943353091,1
M030,325,2026-06-14 13:00:00,0.7247162062966469,1
M030,326,2026-06-14 14:00:00,0.6990056897981168,1
M030,327,2026-06-14 15:00:00,0.7389380420385184,1
M030,328,2026-06-14 16:00:00,0.7483065400640393,1
M030,329,2026-06-14 17:00:00,0.7816550490012257,1
M030,330,2026-06-14 18:00:00,0.7875305766744631,1
M030,331,2026-06-14 19:00:00,0.7880718679058857,1
M030,332,2026-06-14 20:00:00,0.7921165393244184,1
M030,333,2026-06-14 21:00:00,0.7921165393244184,1
M030,334,2026-06-14 22:00:00,0.7921165393244184,1
M030,335,2026-06-14 23:00:00,0.7858755960115583,1
M030,336,2026-06-15 00:00:00,0.7921967540730641,1
M030,337,2026-06-15 01:00:00,0.7892089293448916,1
M030,338,2026-06-15 02:00:00,0.7820699009346644,1
M030,339,2026-06-15 03:00:00,0.7820699009346644,1
M030,340,2026-06-15 04:00:00,0.7848319538738463,1
M030,341,2026-06-15 05:00:00,0.7940607219148788,1
M030,342,2026-06-15 06:00:00,0.8101695892615585,1
M030,343,2026-06-15 07:00:00,0.8135029225948918,1
M030,344,2026-06-15 08:00:00,0.8003624062835087,1
M030,345,2026-06-15 09:00:00,0.7281101354766379,1
M030,346,2026-06-15 10:00:00,0.7186010073625415,1
M030,347,2026-06-15 11:00:00,0.7411515896160841,1
M030,348,2026-06-15 12:00:00,0.7477953046577513,1
M030,349,2026-06-15 13:00:00,0.8943856110464224,1
M030,350,2026-06-15 14:00:00,0.8943856110464224,1
M030,351,2026-06-15 15:00:00,0.9009341365784502,1
M030,352,2026-06-15 16:00:00,0.8976446376573578,1
M030,353,2026-06-15 17:00:00,0.8976446376573578,1
M030,354,2026-06-15 18:00:00,0.8976446376573578,1
M030,355,2026-06-15 19:00:00,0.8812428349263943,1
M030,356,2026-06-15 20:00:00,0.8762743897674212,1
M030,357,2026-06-15 21:00:00,0.48332246598526296,0
M030,358,2026-06-15 22:00:00,0.3444933555455128,0
M030,359,2026-06-15 23:00:00,0.49080231431224547,0
M030,360,2026-06-16 00:00:00,0.49080231431224547,0
M030,361,2026-06-16 01:00:00,0.49233031443884734,0
M030,362,2026-06-16 02:00:00,0.5803806533452255,0
M030,363,2026-06-16 03:00:00,0.7464174059898137,0
M030,364,2026-06-16 04:00:00,0.7573504593644674,0
M030,365,2026-06-16 05:00:00,0.7594548240847806,0
M030,366,2026-06-16 06:00:00,0.7934424997167265,0
M030,367,2026-06-16 07:00:00,0.75311921151252,0
M030,368,2026-06-16 08:00:00,0.7558449485868775,0
M030,369,2026-06-16 09:00:00,0.7471505366632948,0
M030,370,2026-06-16 10:00:00,0.591847301266056,0
M030,371,2026-06-16 11:00:00,0.733863100716345,0
M030,372,2026-06-16 12:00:00,0.7984944032758002,0
M031,23,2026-06-01 23:00:00,0.0,0
M031,24,2026-06-02 00:00:00,0.0,0
M031,25,2026-06-02 01:00:00,0.0,0
M031,26,2026-06-02 02:00:00,0.0,0
M031,27,2026-06-02 03:00:00,0.0,0
M031,28,2026-06-02 04:00:00,0.0,0
M031,29,2026-06-02 05:00:00,0.0,0
M031,30,2026-06-02 06:00:00,0.0,0
M031,31,2026-06-02 07:00:00,0.0,0
M031,32,2026-06-02 08:00:00,0.0,0
M031,33,2026-06-02 09:00:00,0.0,0
M031,34,2026-06-02 10:00:00,0.0,0
M031,35,2026-06-02 11:00:00,0.0,0
M031,36,2026-06-02 12:00:00,0.0,0
M031,37,2026-06-02 13:00:00,0.0,0
M031,38,2026-06-02 14:00:00,0.0,0
M031,39,2026-06-02 15:00:00,0.0,0
M031,40,2026-06-02 16:00:00,0.0,0
M031,41,2026-06-02 17:00:00,0.0,0
M031,42,2026-06-02 18:00:00,0.0,0
M031,43,2026-06-02 19:00:00,0.0,0
M031,44,2026-06-02 20:00:00,0.0,0
M031,45,2026-06-02 21:00:00,0.0,0
M031,46,2026-06-02 22:00:00,0.0,0
M031,47,2026-06-02 23:00:00,0.0,0
M031,48,2026-06-03 00:00:00,0.0,0
M031,49,2026-06-03 01:00:00,0.0,0
M031,50,2026-06-03 02:00:00,0.0,0
M031,51,2026-06-03 03:00:00,0.0,0
M031,52,2026-06-03 04:00:00,0.0,0
M031,53,2026-06-03 05:00:00,0.0,0
M031,54,2026-06-03 06:00:00,0.0,0
M031,55,2026-06-03 07:00:00,0.0,0
M031,56,2026-06-03 08:00:00,0.0,0
M031,57,2026-06-03 09:00:00,0.0,0
M031,58,2026-06-03 10:00:00,0.0,0
M031,59,2026-06-03 11:00:00,0.0,0
M031,60,2026-06-03 12:00:00,0.0,0
M031,61,2026-06-03 13:00:00,0.0,0
M031,62,2026-06-03 14:00:00,0.0,0
M031,63,2026-06-03 15:00:00,0.0,0
M031,64,2026-06-03 16:00:00,0.0,0
M031,65,2026-06-03 17:00:00,0.0,0
M031,66,2026-06-03 18:00:00,0.0,0
M031,67,2026-06-03 19:00:00,0.0,0
M031,68,2026-06-03 20:00:00,0.0,0
M031,69,2026-06-03 21:00:00,0.0,0
M031,70,2026-06-03 22:00:00,0.0,0
M031,71,2026-06-03 23:00:00,0.0,0
M031,72,2026-06-04 00:00:00,0.0,0
M031,73,2026-06-04 01:00:00,0.0,0
M031,74,2026-06-04 02:00:00,0.0,0
M031,75,2026-06-04 03:00:00,0.0,0
M031,76,2026-06-04 04:00:00,0.0,0
M031,77,2026-06-04 05:00:00,0.0,0
M031,78,2026-06-04 06:00:00,0.0,0
M031,79,2026-06-04 07:00:00,0.0,0
M031,80,2026-06-04 08:00:00,0.0,0
M031,81,2026-06-04 09:00:00,0.0,0
M031,82,2026-06-04 10:00:00,0.0,0
M031,83,2026-06-04 11:00:00,0.0,0
M031,84,2026-06-04 12:00:00,0.0,0
M031,85,2026-06-04 13:00:00,0.0,0
M031,86,2026-06-04 14:00:00,0.0,0
M031,87,2026-06-04 15:00:00,0.0,0
M031,88,2026-06-04 16:00:00,0.0,0
M031,89,2026-06-04 17:00:00,0.0,0
M031,90,2026-06-04 18:00:00,0.0,0
M031,91,2026-06-04 19:00:00,0.0,0
M031,92,2026-06-04 20:00:00,0.0,0
M031,93,2026-06-04 21:00:00,0.0,0
M031,94,2026-06-04 22:00:00,0.0,0
M031,95,2026-06-04 23:00:00,0.0,0
M031,96,2026-06-05 00:00:00,0.0,0
M031,97,2026-06-05 01:00:00,0.0,0
M031,98,2026-06-05 02:00:00,0.0,0
M031,99,2026-06-05 03:00:00,0.0,0
M031,100,2026-06-05 04:00:00,0.0,0
M031,101,2026-06-05 05:00:00,0.0,0
M031,102,2026-06-05 06:00:00,0.0,0
M031,103,2026-06-05 07:00:00,0.0,0
M031,104,2026-06-05 08:00:00,0.0,0
M031,105,2026-06-05 09:00:00,0.0,0
M031,106,2026-06-05 10:00:00,0.0,0
M031,107,2026-06-05 11:00:00,0.0,0
M031,108,2026-06-05 12:00:00,0.0,0
M031,109,2026-06-05 13:00:00,0.0,0
M031,110,2026-06-05 14:00:00,0.0,0
M031,111,2026-06-05 15:00:00,0.0,0
M031,112,2026-06-05 16:00:00,0.0,0
M031,113,2026-06-05 17:00:00,0.0,0
M031,114,2026-06-05 18:00:00,0.0,0
M031,115,2026-06-05 19:00:00,0.0,0
M031,116,2026-06-05 20:00:00,0.0,0
M031,117,2026-06-05 21:00:00,0.0,0
M031,118,2026-06-05 22:00:00,0.0,0
M031,119,2026-06-05 23:00:00,0.0,0
M031,120,2026-06-06 00:00:00,0.0,0
M031,121,2026-06-06 01:00:00,0.0,0
M031,122,2026-06-06 02:00:00,0.0,0
M031,123,2026-06-06 03:00:00,0.0,0
M031,124,2026-06-06 04:00:00,0.0,0
M031,125,2026-06-06 05:00:00,0.0,0
M031,126,2026-06-06 06:00:00,0.0,0
M031,127,2026-06-06 07:00:00,0.0,0
M031,128,2026-06-06 08:00:00,0.0,0
M031,129,2026-06-06 09:00:00,0.0,0
M031,130,2026-06-06 10:00:00,0.0,0
M031,131,2026-06-06 11:00:00,0.0,0
M031,132,2026-06-06 12:00:00,0.0,0
M031,133,2026-06-06 13:00:00,0.0,0
M031,134,2026-06-06 14:00:00,0.0,0
M031,135,2026-06-06 15:00:00,0.0,0
M031,136,2026-06-06 16:00:00,0.0,0
M031,137,2026-06-06 17:00:00,0.0,0
M031,138,2026-06-06 18:00:00,0.0,0
M031,139,2026-06-06 19:00:00,0.0,0
M031,140,2026-06-06 20:00:00,0.0,0
M031,141,2026-06-06 21:00:00,0.0,0
M031,142,2026-06-06 22:00:00,0.0,0
M031,143,2026-06-06 23:00:00,0.0,0
M031,144,2026-06-07 00:00:00,0.0,0
M031,145,2026-06-07 01:00:00,0.0,0
M031,146,2026-06-07 02:00:00,0.0,0
M031,147,2026-06-07 03:00:00,0.0,0
M031,148,2026-06-07 04:00:00,0.0,0
M031,149,2026-06-07 05:00:00,0.0,0
M031,150,2026-06-07 06:00:00,0.0,0
M031,151,2026-06-07 07:00:00,0.0,0
M031,152,2026-06-07 08:00:00,0.0,0
M031,153,2026-06-07 09:00:00,0.0,0
M031,154,2026-06-07 10:00:00,0.0,0
M031,155,2026-06-07 11:00:00,0.0,0
M031,156,2026-06-07 12:00:00,0.0,0
M031,157,2026-06-07 13:00:00,0.0,0
M031,158,2026-06-07 14:00:00,0.0,0
M031,159,2026-06-07 15:00:00,0.0,0
M031,160,2026-06-07 16:00:00,0.0,0
M031,161,2026-06-07 17:00:00,0.0,0
M031,162,2026-06-07 18:00:00,0.0,0
M031,163,2026-06-07 19:00:00,0.0,0
M031,164,2026-06-07 20:00:00,0.0,0
M031,165,2026-06-07 21:00:00,0.0,0
M031,166,2026-06-07 22:00:00,0.0,0
M031,167,2026-06-07 23:00:00,0.0,0
M031,168,2026-06-08 00:00:00,0.0,0
M031,169,2026-06-08 01:00:00,0.0,0
M031,170,2026-06-08 02:00:00,0.0,0
M031,171,2026-06-08 03:00:00,0.0,0
M031,172,2026-06-08 04:00:00,0.0,0
M031,173,2026-06-08 05:00:00,0.0,0
M031,174,2026-06-08 06:00:00,0.0,0
M031,175,2026-06-08 07:00:00,0.0,0
M031,176,2026-06-08 08:00:00,0.0,0
M031,177,2026-06-08 09:00:00,0.0,0
M031,178,2026-06-08 10:00:00,0.0,0
M031,179,2026-06-08 11:00:00,0.0,0
M031,180,2026-06-08 12:00:00,0.0,0
M031,181,2026-06-08 13:00:00,0.0,0
M031,182,2026-06-08 14:00:00,0.0,0
M031,183,2026-06-08 15:00:00,0.0,0
M031,184,2026-06-08 16:00:00,0.0,0
M031,185,2026-06-08 17:00:00,0.0,0
M031,186,2026-06-08 18:00:00,0.0,0
M031,187,2026-06-08 19:00:00,0.0,0
M031,188,2026-06-08 20:00:00,0.0,0
M031,189,2026-06-08 21:00:00,0.0,0
M031,190,2026-06-08 22:00:00,0.0,0
M031,191,2026-06-08 23:00:00,0.0,0
M031,192,2026-06-09 00:00:00,0.0,0
M031,193,2026-06-09 01:00:00,0.0,0
M031,194,2026-06-09 02:00:00,0.0,0
M031,195,2026-06-09 03:00:00,0.0,0
M031,196,2026-06-09 04:00:00,0.0,0
M031,197,2026-06-09 05:00:00,0.0,0
M031,198,2026-06-09 06:00:00,0.0,0
M031,199,2026-06-09 07:00:00,0.0,0
M031,200,2026-06-09 08:00:00,0.0,0
M031,201,2026-06-09 09:00:00,0.0,0
M031,202,2026-06-09 10:00:00,0.0,0
M031,203,2026-06-09 11:00:00,0.0,0
M031,204,2026-06-09 12:00:00,0.0,0
M031,205,2026-06-09 13:00:00,0.0,0
M031,206,2026-06-09 14:00:00,0.0,0
M031,207,2026-06-09 15:00:00,0.0,0
M031,208,2026-06-09 16:00:00,0.0,0
M031,209,2026-06-09 17:00:00,0.0,0
M031,210,2026-06-09 18:00:00,0.0,0
M031,211,2026-06-09 19:00:00,0.0,0
M031,212,2026-06-09 20:00:00,0.0,0
M031,213,2026-06-09 21:00:00,0.0,0
M031,214,2026-06-09 22:00:00,0.0,0
M031,215,2026-06-09 23:00:00,0.0,0
M031,216,2026-06-10 00:00:00,0.0,0
M031,217,2026-06-10 01:00:00,0.0,0
M031,218,2026-06-10 02:00:00,0.0,0
M031,219,2026-06-10 03:00:00,0.0,0
M031,220,2026-06-10 04:00:00,0.0,0
M031,221,2026-06-10 05:00:00,0.0,0
M031,222,2026-06-10 06:00:00,0.0,0
M031,223,2026-06-10 07:00:00,0.0,0
M031,224,2026-06-10 08:00:00,0.0,0
M031,225,2026-06-10 09:00:00,0.0,0
M031,226,2026-06-10 10:00:00,0.0,0
M031,227,2026-06-10 11:00:00,0.0,0
M031,228,2026-06-10 12:00:00,0.0,0
M031,229,2026-06-10 13:00:00,0.0,0
M031,230,2026-06-10 14:00:00,0.0,0
M031,231,2026-06-10 15:00:00,0.0,0
M031,232,2026-06-10 16:00:00,0.0,0
M031,233,2026-06-10 17:00:00,0.0,0
M031,234,2026-06-10 18:00:00,0.0,0
M031,235,2026-06-10 19:00:00,0.0,0
M031,236,2026-06-10 20:00:00,0.0,0
M031,237,2026-06-10 21:00:00,0.0,0
M031,238,2026-06-10 22:00:00,0.0,0
M031,239,2026-06-10 23:00:00,0.0,0
M031,240,2026-06-11 00:00:00,0.0,0
M031,241,2026-06-11 01:00:00,0.0,0
M031,242,2026-06-11 02:00:00,0.0,0
M031,243,2026-06-11 03:00:00,0.0,0
M031,244,2026-06-11 04:00:00,0.0,0
M031,245,2026-06-11 05:00:00,0.0,0
M031,246,2026-06-11 06:00:00,0.0,0
M031,247,2026-06-11 07:00:00,0.0,0
M031,248,2026-06-11 08:00:00,0.0,0
M031,249,2026-06-11 09:00:00,0.0,0
M031,250,2026-06-11 10:00:00,0.0,0
M031,251,2026-06-11 11:00:00,0.0,0
M031,252,2026-06-11 12:00:00,0.0,0
M031,253,2026-06-11 13:00:00,0.0,0
M031,254,2026-06-11 14:00:00,0.0,0
M031,255,2026-06-11 15:00:00,0.0,0
M031,256,2026-06-11 16:00:00,0.0,0
M031,257,2026-06-11 17:00:00,0.0,0
M031,258,2026-06-11 18:00:00,0.0,0
M031,259,2026-06-11 19:00:00,0.0,0
M031,260,2026-06-11 20:00:00,0.0,0
M031,261,2026-06-11 21:00:00,0.0,0
M031,262,2026-06-11 22:00:00,0.0,0
M031,263,2026-06-11 23:00:00,0.0,0
M031,264,2026-06-12 00:00:00,0.0,0
M031,265,2026-06-12 01:00:00,0.0,0
M031,266,2026-06-12 02:00:00,0.0,0
M031,267,2026-06-12 03:00:00,0.0,0
M031,268,2026-06-12 04:00:00,0.0,0
M031,269,2026-06-12 05:00:00,0.0,0
M031,270,2026-06-12 06:00:00,0.0,0
M031,271,2026-06-12 07:00:00,0.0,0
M031,272,2026-06-12 08:00:00,0.0,0
M031,273,2026-06-12 09:00:00,0.0,0
M031,274,2026-06-12 10:00:00,0.0,0
M031,275,2026-06-12 11:00:00,0.0,0
M031,276,2026-06-12 12:00:00,0.0,0
M031,277,2026-06-12 13:00:00,0.0,0
M031,278,2026-06-12 14:00:00,0.0,0
M031,279,2026-06-12 15:00:00,0.0,0
M031,280,2026-06-12 16:00:00,0.0,0
M031,281,2026-06-12 17:00:00,0.0,0
M031,282,2026-06-12 18:00:00,0.0,0
M031,283,2026-06-12 19:00:00,0.0,0
M031,284,2026-06-12 20:00:00,0.0,0
M031,285,2026-06-12 21:00:00,0.0,0
M031,286,2026-06-12 22:00:00,0.0,0
M031,287,2026-06-12 23:00:00,0.0,0
M031,288,2026-06-13 00:00:00,0.0,0
M031,289,2026-06-13 01:00:00,0.0,0
M031,290,2026-06-13 02:00:00,0.0,0
M031,291,2026-06-13 03:00:00,0.0,0
M031,292,2026-06-13 04:00:00,0.0,0
M031,293,2026-06-13 05:00:00,0.0,0
M031,294,2026-06-13 06:00:00,0.0,0
M031,295,2026-06-13 07:00:00,0.0,0
M031,296,2026-06-13 08:00:00,0.0,0
M031,297,2026-06-13 09:00:00,0.0,0
M031,298,2026-06-13 10:00:00,0.0,0
M031,299,2026-06-13 11:00:00,0.0,0
M031,300,2026-06-13 12:00:00,0.0,0
M031,301,2026-06-13 13:00:00,0.0,0
M031,302,2026-06-13 14:00:00,0.0,0
M031,303,2026-06-13 15:00:00,0.0,0
M031,304,2026-06-13 16:00:00,0.0,0
M031,305,2026-06-13 17:00:00,0.0,0
M031,306,2026-06-13 18:00:00,0.0,0
M031,307,2026-06-13 19:00:00,0.0,0
M031,308,2026-06-13 20:00:00,0.0,0
M031,309,2026-06-13 21:00:00,0.0,0
M031,310,2026-06-13 22:00:00,0.0,0
M031,311,2026-06-13 23:00:00,0.0,0
M031,312,2026-06-14 00:00:00,0.0,0
M031,313,2026-06-14 01:00:00,0.0,0
M031,314,2026-06-14 02:00:00,0.0,0
M031,315,2026-06-14 03:00:00,0.0,0
M031,316,2026-06-14 04:00:00,0.0,0
M031,317,2026-06-14 05:00:00,0.0,0
M031,318,2026-06-14 06:00:00,0.0,0
M031,319,2026-06-14 07:00:00,0.0,0
M031,320,2026-06-14 08:00:00,0.0,0
M031,321,2026-06-14 09:00:00,0.0,0
M031,322,2026-06-14 10:00:00,0.0,0
M031,323,2026-06-14 11:00:00,0.0,0
M031,324,2026-06-14 12:00:00,0.0,0
M031,325,2026-06-14 13:00:00,0.0,0
M031,326,2026-06-14 14:00:00,0.0,0
M031,327,2026-06-14 15:00:00,0.0,0
M031,328,2026-06-14 16:00:00,0.0,0
M031,329,2026-06-14 17:00:00,0.0,0
M031,330,2026-06-14 18:00:00,0.0,0
M031,331,2026-06-14 19:00:00,0.0,0
M031,332,2026-06-14 20:00:00,0.0,0
M031,333,2026-06-14 21:00:00,0.0,0
M031,334,2026-06-14 22:00:00,0.0,0
M031,335,2026-06-14 23:00:00,0.0,0
M031,336,2026-06-15 00:00:00,0.0,0
M031,337,2026-06-15 01:00:00,0.0,0
M031,338,2026-06-15 02:00:00,0.0,0
M031,339,2026-06-15 03:00:00,0.0,0
M031,340,2026-06-15 04:00:00,0.0,0
M031,341,2026-06-15 05:00:00,0.0,0
M031,342,2026-06-15 06:00:00,0.0,0
M031,343,2026-06-15 07:00:00,0.0,0
M031,344,2026-06-15 08:00:00,0.0,0
M031,345,2026-06-15 09:00:00,0.0,0
M031,346,2026-06-15 10:00:00,0.0,0
M031,347,2026-06-15 11:00:00,0.0,0
M031,348,2026-06-15 12:00:00,0.0,0
M031,349,2026-06-15 13:00:00,0.0,0
M031,350,2026-06-15 14:00:00,0.0,0
M031,351,2026-06-15 15:00:00,0.0,0
M031,352,2026-06-15 16:00:00,0.0,0
M031,353,2026-06-15 17:00:00,0.0,0
M031,354,2026-06-15 18:00:00,0.0,0
M031,355,2026-06-15 19:00:00,0.0,0
M031,356,2026-06-15 20:00:00,0.0,0
M031,357,2026-06-15 21:00:00,0.0,0
M031,358,2026-06-15 22:00:00,0.0,0
M031,359,2026-06-15 23:00:00,0.0,0
M031,360,2026-06-16 00:00:00,0.0,0
M031,361,2026-06-16 01:00:00,0.0,0
M031,362,2026-06-16 02:00:00,0.0,0
M031,363,2026-06-16 03:00:00,0.0,0
M031,364,2026-06-16 04:00:00,0.0,0
M031,365,2026-06-16 05:00:00,0.0,0
M031,366,2026-06-16 06:00:00,0.0,0
M031,367,2026-06-16 07:00:00,0.0,0
M031,368,2026-06-16 08:00:00,0.0,0
M031,369,2026-06-16 09:00:00,0.0,0
M031,370,2026-06-16 10:00:00,0.0,0
M031,371,2026-06-16 11:00:00,0.0,0
M031,372,2026-06-16 12:00:00,0.0,0
M031,373,2026-06-16 13:00:00,0.0,0
M031,374,2026-06-16 14:00:00,0.0,0
M031,375,2026-06-16 15:00:00,0.0,0
M031,376,2026-06-16 16:00:00,0.0,0
M031,377,2026-06-16 17:00:00,0.0,0
M031,378,2026-06-16 18:00:00,0.0,0
M031,379,2026-06-16 19:00:00,0.0,0
M031,380,2026-06-16 20:00:00,0.0,0
M031,381,2026-06-16 21:00:00,0.0,0
M031,382,2026-06-16 22:00:00,0.0,0
M031,383,2026-06-16 23:00:00,0.0,0
M031,384,2026-06-17 00:00:00,0.0,0
M031,385,2026-06-17 01:00:00,0.0,0
M031,386,2026-06-17 02:00:00,0.0,0
M031,387,2026-06-17 03:00:00,0.0,0
M031,388,2026-06-17 04:00:00,0.0,0
M031,389,2026-06-17 05:00:00,0.0,0
M031,390,2026-06-17 06:00:00,0.0,0
M031,391,2026-06-17 07:00:00,0.0,0
M031,392,2026-06-17 08:00:00,0.0,0
M031,393,2026-06-17 09:00:00,0.0,0
M031,394,2026-06-17 10:00:00,0.0,0
M031,395,2026-06-17 11:00:00,0.0,0
M031,396,2026-06-17 12:00:00,0.0,0
M031,397,2026-06-17 13:00:00,0.0,0
M031,398,2026-06-17 14:00:00,0.0,0
M031,399,2026-06-17 15:00:00,0.0,0
M031,400,2026-06-17 16:00:00,0.0,0
M031,401,2026-06-17 17:00:00,0.0,0
M031,402,2026-06-17 18:00:00,0.0,0
M031,403,2026-06-17 19:00:00,0.0,0
M031,404,2026-06-17 20:00:00,0.0,0
M031,405,2026-06-17 21:00:00,0.0,0
M031,406,2026-06-17 22:00:00,0.0,0
M031,407,2026-06-17 23:00:00,0.0,0
M031,408,2026-06-18 00:00:00,0.0,0
M031,409,2026-06-18 01:00:00,0.0,0
M031,410,2026-06-18 02:00:00,0.0,0
M031,411,2026-06-18 03:00:00,0.0,0
M031,412,2026-06-18 04:00:00,0.0,0
M031,413,2026-06-18 05:00:00,0.0,0
M031,414,2026-06-18 06:00:00,0.0,0
M031,415,2026-06-18 07:00:00,0.0,0
M031,416,2026-06-18 08:00:00,0.0,0
M031,417,2026-06-18 09:00:00,0.0,0
M031,418,2026-06-18 10:00:00,0.0,0
M031,419,2026-06-18 11:00:00,0.0,0
M031,420,2026-06-18 12:00:00,0.0,0
M031,421,2026-06-18 13:00:00,0.0,0
M031,422,2026-06-18 14:00:00,0.0,0
M031,423,2026-06-18 15:00:00,0.0,0
M031,424,2026-06-18 16:00:00,0.0,0
M031,425,2026-06-18 17:00:00,0.0,0
M031,426,2026-06-18 18:00:00,0.0,0
M031,427,2026-06-18 19:00:00,0.0,0
M031,428,2026-06-18 20:00:00,0.0,0
M031,429,2026-06-18 21:00:00,0.0,0
M031,430,2026-06-18 22:00:00,0.0,0
M031,431,2026-06-18 23:00:00,0.0,0
M031,432,2026-06-19 00:00:00,0.0,0
M031,433,2026-06-19 01:00:00,0.0,0
M031,434,2026-06-19 02:00:00,0.0,0
M031,435,2026-06-19 03:00:00,0.0,0
M031,436,2026-06-19 04:00:00,0.0,0
M031,437,2026-06-19 05:00:00,0.0,0
M031,438,2026-06-19 06:00:00,0.0,0
M031,439,2026-06-19 07:00:00,0.0,0
M031,440,2026-06-19 08:00:00,0.0,0
M031,441,2026-06-19 09:00:00,0.0,0
M031,442,2026-06-19 10:00:00,0.0,0
M031,443,2026-06-19 11:00:00,0.0,0
M031,444,2026-06-19 12:00:00,0.0,0
M031,445,2026-06-19 13:00:00,0.0,0
M031,446,2026-06-19 14:00:00,0.0,0
M031,447,2026-06-19 15:00:00,0.0,0
M031,448,2026-06-19 16:00:00,0.0,0
M031,449,2026-06-19 17:00:00,0.0,0
M031,450,2026-06-19 18:00:00,0.0,0
M031,451,2026-06-19 19:00:00,0.0,0
M031,452,2026-06-19 20:00:00,0.0,0
M031,453,2026-06-19 21:00:00,0.0,0
M031,454,2026-06-19 22:00:00,0.0,0
M031,455,2026-06-19 23:00:00,0.0,0
M031,456,2026-06-20 00:00:00,0.0,0
M031,457,2026-06-20 01:00:00,0.0,0
M031,458,2026-06-20 02:00:00,0.0,0
M031,459,2026-06-20 03:00:00,0.0,0
M031,460,2026-06-20 04:00:00,0.0,0
M031,461,2026-06-20 05:00:00,0.0,0
M031,462,2026-06-20 06:00:00,0.0,0
M031,463,2026-06-20 07:00:00,0.0,0
M031,464,2026-06-20 08:00:00,0.0,0
M031,465,2026-06-20 09:00:00,0.0,0
M031,466,2026-06-20 10:00:00,0.0,0
M031,467,2026-06-20 11:00:00,0.0,0
M031,468,2026-06-20 12:00:00,0.0,0
M031,469,2026-06-20 13:00:00,0.0,0
M031,470,2026-06-20 14:00:00,0.0,0
M031,471,2026-06-20 15:00:00,0.0,0
M031,472,2026-06-20 16:00:00,0.0,0
M031,473,2026-06-20 17:00:00,0.0,0
M031,474,2026-06-20 18:00:00,0.0,0
M031,475,2026-06-20 19:00:00,0.0,0
M031,476,2026-06-20 20:00:00,0.0,0
M031,477,2026-06-20 21:00:00,0.0,0
M031,478,2026-06-20 22:00:00,0.0,0
M031,479,2026-06-20 23:00:00,0.0,0
M031,480,2026-06-21 00:00:00,0.0,0
M031,481,2026-06-21 01:00:00,0.0,0
M031,482,2026-06-21 02:00:00,0.0,0
M031,483,2026-06-21 03:00:00,0.0,0
M031,484,2026-06-21 04:00:00,0.0,0
M031,485,2026-06-21 05:00:00,0.0,0
M031,486,2026-06-21 06:00:00,0.0,0
M031,487,2026-06-21 07:00:00,0.0,0
M031,488,2026-06-21 08:00:00,0.0,0
M031,489,2026-06-21 09:00:00,0.0,0
M031,490,2026-06-21 10:00:00,0.0,0
M031,491,2026-06-21 11:00:00,0.0,0
M031,492,2026-06-21 12:00:00,0.0,0
M031,493,2026-06-21 13:00:00,0.0,0
M031,494,2026-06-21 14:00:00,0.0,0
M031,495,2026-06-21 15:00:00,0.0,0
M031,496,2026-06-21 16:00:00,0.0,0
M031,497,2026-06-21 17:00:00,0.0,0
M031,498,2026-06-21 18:00:00,0.0,0
M031,499,2026-06-21 19:00:00,0.0,0
M031,500,2026-06-21 20:00:00,0.0,0
M031,501,2026-06-21 21:00:00,0.0,0
M031,502,2026-06-21 22:00:00,0.0,0
M031,503,2026-06-21 23:00:00,0.0,0
M031,504,2026-06-22 00:00:00,0.0,0
M031,505,2026-06-22 01:00:00,0.0,0
M031,506,2026-06-22 02:00:00,0.0,0
M031,507,2026-06-22 03:00:00,0.0,0
M031,508,2026-06-22 04:00:00,0.0,0
M031,509,2026-06-22 05:00:00,0.0,0
M031,510,2026-06-22 06:00:00,0.0,0
M031,511,2026-06-22 07:00:00,0.0,0
M031,512,2026-06-22 08:00:00,0.0,0
M031,513,2026-06-22 09:00:00,0.0,0
M031,514,2026-06-22 10:00:00,0.0,0
M031,515,2026-06-22 11:00:00,0.0,0
M031,516,2026-06-22 12:00:00,0.0,0
M031,517,2026-06-22 13:00:00,0.0,0
M031,518,2026-06-22 14:00:00,0.0,0
M031,519,2026-06-22 15:00:00,0.0,0
M031,520,2026-06-22 16:00:00,0.0,0
M031,521,2026-06-22 17:00:00,0.0,0
M031,522,2026-06-22 18:00:00,0.0,0
M031,523,2026-06-22 19:00:00,0.0,0
M031,524,2026-06-22 20:00:00,0.0,0
M031,525,2026-06-22 21:00:00,0.0,0
M031,526,2026-06-22 22:00:00,0.0,0
M031,527,2026-06-22 23:00:00,0.0,0
M031,528,2026-06-23 00:00:00,0.0,0
M031,529,2026-06-23 01:00:00,0.0,0
M031,530,2026-06-23 02:00:00,0.0,0
M031,531,2026-06-23 03:00:00,0.0,0
M031,532,2026-06-23 04:00:00,0.0,0
M031,533,2026-06-23 05:00:00,0.0,0
M031,534,2026-06-23 06:00:00,0.0,0
M031,535,2026-06-23 07:00:00,0.0,0
M031,536,2026-06-23 08:00:00,0.0,0
M031,537,2026-06-23 09:00:00,0.0,0
M031,538,2026-06-23 10:00:00,0.0,0
M031,539,2026-06-23 11:00:00,0.0,0
M031,540,2026-06-23 12:00:00,0.0,0
M031,541,2026-06-23 13:00:00,0.009342176682768443,0
M031,542,2026-06-23 14:00:00,0.012362682790970884,0
M031,543,2026-06-23 15:00:00,0.009342176682768443,0
M031,544,2026-06-23 16:00:00,0.0,0
M031,545,2026-06-23 17:00:00,0.0030117857220660965,0
M031,546,2026-06-23 18:00:00,0.0,0
M031,547,2026-06-23 19:00:00,0.0029423467705041867,0
M031,548,2026-06-23 20:00:00,0.0,0
M031,549,2026-06-23 21:00:00,0.0,0
M031,550,2026-06-23 22:00:00,0.0,0
M031,551,2026-06-23 23:00:00,0.0,0
M031,552,2026-06-24 00:00:00,0.0,0
M031,553,2026-06-24 01:00:00,0.0,0
M031,554,2026-06-24 02:00:00,0.0,0
M031,555,2026-06-24 03:00:00,0.011743331532966389,0
M031,556,2026-06-24 04:00:00,0.0,0
M031,557,2026-06-24 05:00:00,0.07492697072010478,0
M031,558,2026-06-24 06:00:00,0.041431332906723614,0
M031,559,2026-06-24 07:00:00,0.032051705827630346,0
M031,560,2026-06-24 08:00:00,0.04303189259542611,0
M031,561,2026-06-24 09:00:00,0.026845728553666983,0
M031,562,2026-06-24 10:00:00,0.026845728553666983,0
M031,563,2026-06-24 11:00:00,0.004945680706894339,0
M031,564,2026-06-24 12:00:00,0.0024069327474673502,0
M031,565,2026-06-24 13:00:00,0.007877222064174415,0
M031,566,2026-06-24 14:00:00,0.0024069327474673502,0
M031,567,2026-06-24 15:00:00,0.004937763061808478,0
M031,568,2026-06-24 16:00:00,0.0,0
M031,569,2026-06-24 17:00:00,0.0025308303143411278,0
M031,570,2026-06-24 18:00:00,0.0,0
M031,571,2026-06-24 19:00:00,0.0,0
M031,572,2026-06-24 20:00:00,0.00528663546828226,0
M031,573,2026-06-24 21:00:00,0.0,0
M031,574,2026-06-24 22:00:00,0.0027558051539411325,0
M031,575,2026-06-24 23:00:00,0.022126453914843094,0
M031,576,2026-06-25 00:00:00,0.0193195179437582,0
M031,577,2026-06-25 01:00:00,0.025573973899292026,0
M031,578,2026-06-25 02:00:00,0.014009555377934172,0
M031,579,2026-06-25 03:00:00,0.012279907835079984,0
M031,580,2026-06-25 04:00:00,0.021530038369187286,0
M031,581,2026-06-25 05:00:00,0.013841601281943767,0
M031,582,2026-06-25 06:00:00,0.00947849154777599,0
M031,583,2026-06-25 07:00:00,0.024507166116380374,0
M031,584,2026-06-25 08:00:00,0.01082866528076947,0
M031,585,2026-06-25 09:00:00,0.0057795751448535305,0
M031,586,2026-06-25 10:00:00,0.014711415370168053,0
M031,587,2026-06-25 11:00:00,0.01737555753644049,0
M031,588,2026-06-25 12:00:00,0.01192560625183595,0
M031,589,2026-06-25 13:00:00,0.023969659563644226,0
M031,590,2026-06-25 14:00:00,0.029100558050666768,0
M031,591,2026-06-25 15:00:00,0.023516947587212678,0
M031,592,2026-06-25 16:00:00,0.0058441582702841895,0
M031,593,2026-06-25 17:00:00,0.061105764693660136,0
M031,594,2026-06-25 18:00:00,0.05291304845080385,0
M031,595,2026-06-25 19:00:00,0.04783512300227575,0
M031,596,2026-06-25 20:00:00,0.02036348355052927,0
M031,597,2026-06-25 21:00:00,0.01401047565452962,0
M031,598,2026-06-25 22:00:00,0.019904791566568693,0
M031,599,2026-06-25 23:00:00,0.008878617286947459,0
M031,600,2026-06-26 00:00:00,0.021886913341758622,0
M031,601,2026-06-26 01:00:00,0.025995777628184846,0
M031,602,2026-06-26 02:00:00,0.015653732443258416,0
M031,603,2026-06-26 03:00:00,0.027690747483138812,0
M031,604,2026-06-26 04:00:00,0.034110677456665135,0
M031,605,2026-06-26 05:00:00,0.08462132430632087,0
M031,606,2026-06-26 06:00:00,0.054750025880728116,0
M031,607,2026-06-26 07:00:00,0.06499764114765284,0
M031,608,2026-06-26 08:00:00,0.09332005673516723,0
M031,609,2026-06-26 09:00:00,0.11018003449661212,0
M031,610,2026-06-26 10:00:00,0.0866309707047915,0
M031,611,2026-06-26 11:00:00,0.06702060199662746,0
M031,612,2026-06-26 12:00:00,0.10989612418737801,0
M031,613,2026-06-26 13:00:00,0.07442938431402756,0
M031,614,2026-06-26 14:00:00,0.08580667973817202,0
M031,615,2026-06-26 15:00:00,0.11797698083789358,0
M031,616,2026-06-26 16:00:00,0.17074636982584365,0
M031,617,2026-06-26 17:00:00,0.2418870081328957,0
M031,618,2026-06-26 18:00:00,0.1958079480363928,0
M031,619,2026-06-26 19:00:00,0.21824166594721642,0
M031,620,2026-06-26 20:00:00,0.24257693414048256,0
M031,621,2026-06-26 21:00:00,0.286471882573644,0
M031,622,2026-06-26 22:00:00,0.27458624585291147,0
M031,623,2026-06-26 23:00:00,0.3627501337067142,0
M031,624,2026-06-27 00:00:00,0.32276616024511773,0
M031,625,2026-06-27 01:00:00,0.34363458971786986,0
M031,626,2026-06-27 02:00:00,0.4399156820690675,0
M031,627,2026-06-27 03:00:00,0.4010870196649896,0
M031,628,2026-06-27 04:00:00,0.3617940106373043,0
M031,629,2026-06-27 05:00:00,0.3216937924930946,0
M031,630,2026-06-27 06:00:00,0.35868969861297006,0
M031,631,2026-06-27 07:00:00,0.36549678596979635,0
M031,632,2026-06-27 08:00:00,0.2939691297581227,0
M031,633,2026-06-27 09:00:00,0.33893927745877844,0
M031,634,2026-06-27 10:00:00,0.47844802533973163,0
M031,635,2026-06-27 11:00:00,0.5985878913097104,0
M031,636,2026-06-27 12:00:00,0.5744464328687715,0
M031,637,2026-06-27 13:00:00,0.8041665069680545,0
M031,638,2026-06-27 14:00:00,0.767153789526767,0
M031,639,2026-06-27 15:00:00,0.6219316451053056,0
M031,640,2026-06-27 16:00:00,0.6072857361708226,0
M031,641,2026-06-27 17:00:00,0.5821634409669115,0
M031,642,2026-06-27 18:00:00,0.5630447414417161,0
M031,643,2026-06-27 19:00:00,0.4579914739990428,0
M031,644,2026-06-27 20:00:00,0.5465195270526143,0
M031,645,2026-06-27 21:00:00,0.6154995808303955,0
M031,646,2026-06-27 22:00:00,0.6663393669700979,0
M031,647,2026-06-27 23:00:00,0.7133591048677798,0
M031,648,2026-06-28 00:00:00,0.6873634707285943,0
M031,649,2026-06-28 01:00:00,0.693856359104993,0
M031,650,2026-06-28 02:00:00,0.7869207087202875,0
M031,651,2026-06-28 03:00:00,0.8372001851642782,0
M031,652,2026-06-28 04:00:00,0.8774281530155105,0
M031,653,2026-06-28 05:00:00,0.8873246889126434,0
M031,654,2026-06-28 06:00:00,0.9525121369643432,0
M031,655,2026-06-28 07:00:00,0.974305277277254,0
M031,656,2026-06-28 08:00:00,0.9813197411128829,0
M031,657,2026-06-28 09:00:00,0.9807419495791199,0
M031,658,2026-06-28 10:00:00,0.9839821109226119,0
M031,659,2026-06-28 11:00:00,0.9845491009675075,0
M031,660,2026-06-28 12:00:00,0.9812492128195026,0
M031,661,2026-06-28 13:00:00,0.9851584829613146,0
M031,662,2026-06-28 14:00:00,0.9863187873683137,1
M031,663,2026-06-28 15:00:00,0.9863187873683137,1
M031,664,2026-06-28 16:00:00,0.9863187873683137,1
M031,665,2026-06-28 17:00:00,0.9863187873683137,1
M031,666,2026-06-28 18:00:00,0.9863187873683137,1
M031,667,2026-06-28 19:00:00,0.9863187873683137,1
M031,668,2026-06-28 20:00:00,0.9863187873683137,1
M031,669,2026-06-28 21:00:00,0.9863187873683137,1
M031,670,2026-06-28 22:00:00,0.9863187873683137,1
M031,671,2026-06-28 23:00:00,0.9863187873683137,1
M031,672,2026-06-29 00:00:00,0.9863187873683137,1
M031,673,2026-06-29 01:00:00,0.9863187873683137,1
M031,674,2026-06-29 02:00:00,0.9863187873683137,1
M031,675,2026-06-29 03:00:00,0.9863187873683137,1
M031,676,2026-06-29 04:00:00,0.9863187873683137,1
M031,677,2026-06-29 05:00:00,0.9863187873683137,1
M031,678,2026-06-29 06:00:00,0.9863187873683137,1
M031,679,2026-06-29 07:00:00,0.9863187873683137,1
M031,680,2026-06-29 08:00:00,0.9863187873683137,1
M031,681,2026-06-29 09:00:00,0.9863187873683137,1
M031,682,2026-06-29 10:00:00,0.9494707928543937,1
M031,683,2026-06-29 11:00:00,0.9410761203342008,1
M031,684,2026-06-29 12:00:00,0.9862069312897942,1
M031,685,2026-06-29 13:00:00,0.9862069312897942,1
M031,686,2026-06-29 14:00:00,0.9862069312897942,1
M031,687,2026-06-29 15:00:00,0.9863187873683137,1
M031,688,2026-06-29 16:00:00,0.9863187873683137,1
M031,689,2026-06-29 17:00:00,0.9863187873683137,1
M031,690,2026-06-29 18:00:00,0.9534592807200228,1
M031,691,2026-06-29 19:00:00,0.9863187873683137,1
M031,692,2026-06-29 20:00:00,0.9863187873683137,1
M031,693,2026-06-29 21:00:00,0.9863187873683137,1
M031,694,2026-06-29 22:00:00,0.9863187873683137,1
M031,695,2026-06-29 23:00:00,0.9863187873683137,1
M031,696,2026-06-30 00:00:00,0.9863187873683137,1
M031,697,2026-06-30 01:00:00,0.9861311524441273,1
M031,698,2026-06-30 02:00:00,0.9861311524441273,1
M031,699,2026-06-30 03:00:00,0.9861694016601744,1
M031,700,2026-06-30 04:00:00,0.9861694016601744,1
M031,701,2026-06-30 05:00:00,0.9861694016601744,1
M031,702,2026-06-30 06:00:00,0.9852157197259203,1
M031,703,2026-06-30 07:00:00,0.9852157197259203,1
M031,704,2026-06-30 08:00:00,0.9852157197259203,1
M031,705,2026-06-30 09:00:00,0.9852157197259203,1
M031,706,2026-06-30 10:00:00,0.9819178067007793,1
M031,707,2026-06-30 11:00:00,0.9594899410599106,1
M031,708,2026-06-30 12:00:00,0.9372573616133838,1
M031,709,2026-06-30 13:00:00,0.7432619518295444,1
M031,710,2026-06-30 14:00:00,0.37568897020261055,0
M031,711,2026-06-30 15:00:00,0.34056115238427637,0
M031,712,2026-06-30 16:00:00,0.2884003243972456,0
M031,713,2026-06-30 17:00:00,0.1645241427457007,0
M031,714,2026-06-30 18:00:00,0.16312752520849752,0
M031,715,2026-06-30 19:00:00,0.07025474422295717,0
M031,716,2026-06-30 20:00:00,0.01558169832391838,0
M031,717,2026-06-30 21:00:00,0.010549743381410766,0
M031,718,2026-06-30 22:00:00,0.031368328232310186,0
M031,719,2026-06-30 23:00:00,0.0418255886445986,0
M032,23,2026-06-01 23:00:00,0.0,0
M032,24,2026-06-02 00:00:00,0.0,0
M032,25,2026-06-02 01:00:00,0.0,0
M032,26,2026-06-02 02:00:00,0.0,0
M032,27,2026-06-02 03:00:00,0.0,0
M032,28,2026-06-02 04:00:00,0.0,0
M032,29,2026-06-02 05:00:00,0.0,0
M032,30,2026-06-02 06:00:00,0.0,0
M032,31,2026-06-02 07:00:00,0.0,0
M032,32,2026-06-02 08:00:00,0.0,0
M032,33,2026-06-02 09:00:00,0.0,0
M032,34,2026-06-02 10:00:00,0.0,0
M032,35,2026-06-02 11:00:00,0.0,0
M032,36,2026-06-02 12:00:00,0.0,0
M032,37,2026-06-02 13:00:00,0.0,0
M032,38,2026-06-02 14:00:00,0.0,0
M032,39,2026-06-02 15:00:00,0.0,0
M032,40,2026-06-02 16:00:00,0.0,0
M032,41,2026-06-02 17:00:00,0.0,0
M032,42,2026-06-02 18:00:00,0.0,0
M032,43,2026-06-02 19:00:00,0.0,0
M032,44,2026-06-02 20:00:00,0.0,0
M032,45,2026-06-02 21:00:00,0.0,0
M032,46,2026-06-02 22:00:00,0.0,0
M032,47,2026-06-02 23:00:00,0.0,0
M032,48,2026-06-03 00:00:00,0.0,0
M032,49,2026-06-03 01:00:00,0.0,0
M032,50,2026-06-03 02:00:00,0.0,0
M032,51,2026-06-03 03:00:00,0.0,0
M032,52,2026-06-03 04:00:00,0.0,0
M032,53,2026-06-03 05:00:00,0.0,0
M032,54,2026-06-03 06:00:00,0.0,0
M032,55,2026-06-03 07:00:00,0.0,0
M032,56,2026-06-03 08:00:00,0.0,0
M032,57,2026-06-03 09:00:00,0.0,0
M032,58,2026-06-03 10:00:00,0.0,0
M032,59,2026-06-03 11:00:00,0.0,0
M032,60,2026-06-03 12:00:00,0.0,0
M032,61,2026-06-03 13:00:00,0.0,0
M032,62,2026-06-03 14:00:00,0.0,0
M032,63,2026-06-03 15:00:00,0.0,0
M032,64,2026-06-03 16:00:00,0.0,0
M032,65,2026-06-03 17:00:00,0.0,0
M032,66,2026-06-03 18:00:00,0.0,0
M032,67,2026-06-03 19:00:00,0.0,0
M032,68,2026-06-03 20:00:00,0.0,0
M032,69,2026-06-03 21:00:00,0.0,0
M032,70,2026-06-03 22:00:00,0.0,0
M032,71,2026-06-03 23:00:00,0.0,0
M032,72,2026-06-04 00:00:00,0.0,0
M032,73,2026-06-04 01:00:00,0.0,0
M032,74,2026-06-04 02:00:00,0.0,0
M032,75,2026-06-04 03:00:00,0.0,0
M032,76,2026-06-04 04:00:00,0.0,0
M032,77,2026-06-04 05:00:00,0.0,0
M032,78,2026-06-04 06:00:00,0.0,0
M032,79,2026-06-04 07:00:00,0.0,0
M032,80,2026-06-04 08:00:00,0.0,0
M032,81,2026-06-04 09:00:00,0.0,0
M032,82,2026-06-04 10:00:00,0.0,0
M032,83,2026-06-04 11:00:00,0.0,0
M032,84,2026-06-04 12:00:00,0.0,0
M032,85,2026-06-04 13:00:00,0.0,0
M032,86,2026-06-04 14:00:00,0.0,0
M032,87,2026-06-04 15:00:00,0.0,0
M032,88,2026-06-04 16:00:00,0.0,0
M032,89,2026-06-04 17:00:00,0.0,0
M032,90,2026-06-04 18:00:00,0.0,0
M032,91,2026-06-04 19:00:00,0.0,0
M032,92,2026-06-04 20:00:00,0.0,0
M032,93,2026-06-04 21:00:00,0.0,0
M032,94,2026-06-04 22:00:00,0.0,0
M032,95,2026-06-04 23:00:00,0.0,0
M032,96,2026-06-05 00:00:00,0.0,0
M032,97,2026-06-05 01:00:00,0.0,0
M032,98,2026-06-05 02:00:00,0.0,0
M032,99,2026-06-05 03:00:00,0.0,0
M032,100,2026-06-05 04:00:00,0.0,0
M032,101,2026-06-05 05:00:00,0.0,0
M032,102,2026-06-05 06:00:00,0.0,0
M032,103,2026-06-05 07:00:00,0.0,0
M032,104,2026-06-05 08:00:00,0.0,0
M032,105,2026-06-05 09:00:00,0.0,0
M032,106,2026-06-05 10:00:00,0.0,0
M032,107,2026-06-05 11:00:00,0.0,0
M032,108,2026-06-05 12:00:00,0.0,0
M032,109,2026-06-05 13:00:00,0.0,0
M032,110,2026-06-05 14:00:00,0.0,0
M032,111,2026-06-05 15:00:00,0.0,0
M032,112,2026-06-05 16:00:00,0.0,0
M032,113,2026-06-05 17:00:00,0.0,0
M032,114,2026-06-05 18:00:00,0.0,0
M032,115,2026-06-05 19:00:00,0.0,0
M032,116,2026-06-05 20:00:00,0.0,0
M032,117,2026-06-05 21:00:00,0.0,0
M032,118,2026-06-05 22:00:00,0.0,0
M032,119,2026-06-05 23:00:00,0.0,0
M032,120,2026-06-06 00:00:00,0.0,0
M032,121,2026-06-06 01:00:00,0.0,0
M032,122,2026-06-06 02:00:00,0.0,0
M032,123,2026-06-06 03:00:00,0.0,0
M032,124,2026-06-06 04:00:00,0.0,0
M032,125,2026-06-06 05:00:00,0.0,0
M032,126,2026-06-06 06:00:00,0.0,0
M032,127,2026-06-06 07:00:00,0.0,0
M032,128,2026-06-06 08:00:00,0.0,0
M032,129,2026-06-06 09:00:00,0.0,0
M032,130,2026-06-06 10:00:00,0.0,0
M032,131,2026-06-06 11:00:00,0.0,0
M032,132,2026-06-06 12:00:00,0.0,0
M032,133,2026-06-06 13:00:00,0.0,0
M032,134,2026-06-06 14:00:00,0.0,0
M032,135,2026-06-06 15:00:00,0.0,0
M032,136,2026-06-06 16:00:00,0.0,0
M032,137,2026-06-06 17:00:00,0.0,0
M032,138,2026-06-06 18:00:00,0.0,0
M032,139,2026-06-06 19:00:00,0.0,0
M032,140,2026-06-06 20:00:00,0.0,0
M032,141,2026-06-06 21:00:00,0.0,0
M032,142,2026-06-06 22:00:00,0.0,0
M032,143,2026-06-06 23:00:00,0.0,0
M032,144,2026-06-07 00:00:00,0.0,0
M032,145,2026-06-07 01:00:00,0.0,0
M032,146,2026-06-07 02:00:00,0.0,0
M032,147,2026-06-07 03:00:00,0.0,0
M032,148,2026-06-07 04:00:00,0.0,0
M032,149,2026-06-07 05:00:00,0.0,0
M032,150,2026-06-07 06:00:00,0.0,0
M032,151,2026-06-07 07:00:00,0.0,0
M032,152,2026-06-07 08:00:00,0.0,0
M032,153,2026-06-07 09:00:00,0.0,0
M032,154,2026-06-07 10:00:00,0.0,0
M032,155,2026-06-07 11:00:00,0.0,0
M032,156,2026-06-07 12:00:00,0.0,0
M032,157,2026-06-07 13:00:00,0.0,0
M032,158,2026-06-07 14:00:00,0.0,0
M032,159,2026-06-07 15:00:00,0.0,0
M032,160,2026-06-07 16:00:00,0.0049476810105864985,0
M032,161,2026-06-07 17:00:00,0.0023150197893607033,0
M032,162,2026-06-07 18:00:00,0.0,0
M032,163,2026-06-07 19:00:00,0.0023150197893607033,0
M032,164,2026-06-07 20:00:00,0.0023150197893607033,0
M032,165,2026-06-07 21:00:00,0.0023150197893607033,0
M032,166,2026-06-07 22:00:00,0.002632661221225795,0
M032,167,2026-06-07 23:00:00,0.0,0
M032,168,2026-06-08 00:00:00,0.0,0
M032,169,2026-06-08 01:00:00,0.0,0
M032,170,2026-06-08 02:00:00,0.0,0
M032,171,2026-06-08 03:00:00,0.0,0
M032,172,2026-06-08 04:00:00,0.0,0
M032,173,2026-06-08 05:00:00,0.0,0
M032,174,2026-06-08 06:00:00,0.003105519208186546,0
M032,175,2026-06-08 07:00:00,0.003105519208186546,0
M032,176,2026-06-08 08:00:00,0.003105519208186546,0
M032,177,2026-06-08 09:00:00,0.0,0
M032,178,2026-06-08 10:00:00,0.0049476810105864985,0
M032,179,2026-06-08 11:00:00,0.0049476810105864985,0
M032,180,2026-06-08 12:00:00,0.01550075548360437,0
M032,181,2026-06-08 13:00:00,0.008009792455558943,0
M032,182,2026-06-08 14:00:00,0.020524686310032268,0
M032,183,2026-06-08 15:00:00,0.005896966672212056,0
M032,184,2026-06-08 16:00:00,0.008654158480324256,0
M032,185,2026-06-08 17:00:00,0.009065041015868353,0
M032,186,2026-06-08 18:00:00,0.011822232823980554,0
M032,187,2026-06-08 19:00:00,0.0033333333333333335,0
M032,188,2026-06-08 20:00:00,0.03624789786871867,0
M032,189,2026-06-08 21:00:00,0.04531706021110581,0
M032,190,2026-06-08 22:00:00,0.03524734889998031,0
M032,191,2026-06-08 23:00:00,0.03350213228825156,0
M032,192,2026-06-09 00:00:00,0.039561417967136144,0
M032,193,2026-06-09 01:00:00,0.032959813577856614,0
M032,194,2026-06-09 02:00:00,0.06442133057719028,0
M032,195,2026-06-09 03:00:00,0.027040835041656084,0
M032,196,2026-06-09 04:00:00,0.01751366475789731,0
M032,197,2026-06-09 05:00:00,0.01794306809911336,0
M032,198,2026-06-09 06:00:00,0.009037236182559326,0
M032,199,2026-06-09 07:00:00,0.00764582405702187,0
M032,200,2026-06-09 08:00:00,0.006525553074785078,0
M032,201,2026-06-09 09:00:00,0.019354916591507117,0
M032,202,2026-06-09 10:00:00,0.01921662741421217,0
M032,203,2026-06-09 11:00:00,0.02074418962979373,0
M032,204,2026-06-09 12:00:00,0.028347754453642602,0
M032,205,2026-06-09 13:00:00,0.025406328487658805,0
M032,206,2026-06-09 14:00:00,0.0272282530607596,0
M032,207,2026-06-09 15:00:00,0.04592769257261081,0
M032,208,2026-06-09 16:00:00,0.04024690271996581,0
M032,209,2026-06-09 17:00:00,0.04238343991422884,0
M032,210,2026-06-09 18:00:00,0.05343401062402652,0
M032,211,2026-06-09 19:00:00,0.048134729220537686,0
M032,212,2026-06-09 20:00:00,0.07112409961176783,0
M032,213,2026-06-09 21:00:00,0.11873236038084921,0
M032,214,2026-06-09 22:00:00,0.11018687830284432,0
M032,215,2026-06-09 23:00:00,0.10340183731339826,0
M032,216,2026-06-10 00:00:00,0.10984141551088245,0
M032,217,2026-06-10 01:00:00,0.10155179257414325,0
M032,218,2026-06-10 02:00:00,0.127491048977935,0
M032,219,2026-06-10 03:00:00,0.12624987953478597,0
M032,220,2026-06-10 04:00:00,0.10380421804490805,0
M032,221,2026-06-10 05:00:00,0.12213912421328957,0
M032,222,2026-06-10 06:00:00,0.18275278814984075,0
M032,223,2026-06-10 07:00:00,0.16776838204676897,0
M032,224,2026-06-10 08:00:00,0.1690604009258117,0
M032,225,2026-06-10 09:00:00,0.15294186243933297,0
M032,226,2026-06-10 10:00:00,0.18636783694900014,0
M032,227,2026-06-10 11:00:00,0.16063802876347852,0
M032,228,2026-06-10 12:00:00,0.20373097677133362,0
M032,229,2026-06-10 13:00:00,0.20860299210295355,0
M032,230,2026-06-10 14:00:00,0.4003769531885775,0
M032,231,2026-06-10 15:00:00,0.3788503250632956,0
M032,232,2026-06-10 16:00:00,0.3624467991852425,0
M032,233,2026-06-10 17:00:00,0.3442332986566099,0
M032,234,2026-06-10 18:00:00,0.5226319412520298,0
M032,235,2026-06-10 19:00:00,0.47110016943034244,0
M032,236,2026-06-10 20:00:00,0.4526231650204559,0
M032,237,2026-06-10 21:00:00,0.5004783175773568,0
M032,238,2026-06-10 22:00:00,0.5558755140325009,0
M032,239,2026-06-10 23:00:00,0.5844148994937649,0
M032,240,2026-06-11 00:00:00,0.5888398678847799,0
M032,241,2026-06-11 01:00:00,0.6822254337959197,0
M032,242,2026-06-11 02:00:00,0.7602831125985823,1
M032,243,2026-06-11 03:00:00,0.7650063245365845,1
M032,244,2026-06-11 04:00:00,0.8060812939538611,1
M032,245,2026-06-11 05:00:00,0.7134923379464632,1
M032,246,2026-06-11 06:00:00,0.893787398509344,1
M032,247,2026-06-11 07:00:00,0.7769164516475832,1
M032,248,2026-06-11 08:00:00,0.8617757931067876,1
M032,249,2026-06-11 09:00:00,0.8227233721099783,1
M032,250,2026-06-11 10:00:00,0.8710439108857753,1
M032,251,2026-06-11 11:00:00,0.9196692479899735,1
M032,252,2026-06-11 12:00:00,0.8806180301550717,1
M032,253,2026-06-11 13:00:00,0.942296096659616,1
M032,254,2026-06-11 14:00:00,0.909394543156525,1
M032,255,2026-06-11 15:00:00,0.9788558629277929,1
M032,256,2026-06-11 16:00:00,0.9451485593501764,1
M032,257,2026-06-11 17:00:00,0.9863187873683137,1
M032,258,2026-06-11 18:00:00,0.9529991458212596,1
M032,259,2026-06-11 19:00:00,0.9134579463088092,1
M032,260,2026-06-11 20:00:00,0.9271781025328647,1
M032,261,2026-06-11 21:00:00,0.9467198116226092,1
M032,262,2026-06-11 22:00:00,0.978607030552447,1
M032,263,2026-06-11 23:00:00,0.978607030552447,1
M032,264,2026-06-12 00:00:00,0.9705690671452195,1
M032,265,2026-06-12 01:00:00,0.9751954835745021,1
M032,266,2026-06-12 02:00:00,0.9828783423359425,1
M032,267,2026-06-12 03:00:00,0.9828783423359425,1
M032,268,2026-06-12 04:00:00,0.9795866046217251,1
M032,269,2026-06-12 05:00:00,0.9828783423359425,1
M032,270,2026-06-12 06:00:00,0.9828783423359425,1
M032,271,2026-06-12 07:00:00,0.9828783423359425,1
M032,272,2026-06-12 08:00:00,0.939732021663095,1
M032,273,2026-06-12 09:00:00,0.9828783423359425,1
M032,274,2026-06-12 10:00:00,0.9828783423359425,1
M032,275,2026-06-12 11:00:00,0.9600268586224524,1
M032,276,2026-06-12 12:00:00,0.9600268586224524,1
M032,277,2026-06-12 13:00:00,0.9600268586224524,1
M032,278,2026-06-12 14:00:00,0.9600268586224524,1
M032,279,2026-06-12 15:00:00,0.9600268586224524,1
M032,280,2026-06-12 16:00:00,0.9600268586224524,1
M032,281,2026-06-12 17:00:00,0.9567441724311334,1
M032,282,2026-06-12 18:00:00,0.9230561755528189,1
M032,283,2026-06-12 19:00:00,0.9201631554327787,1
M032,284,2026-06-12 20:00:00,0.8520791376477217,1
M032,285,2026-06-12 21:00:00,0.7547472129837635,1
M032,286,2026-06-12 22:00:00,0.4862832056357695,1
M032,287,2026-06-12 23:00:00,0.48951021496398844,1
M032,288,2026-06-13 00:00:00,0.3681517703539571,1
M032,289,2026-06-13 01:00:00,0.251582627656689,1
M032,290,2026-06-13 02:00:00,0.19604369572452812,0
M032,291,2026-06-13 03:00:00,0.16968743147067697,0
M032,292,2026-06-13 04:00:00,0.09413590765839326,0
M032,293,2026-06-13 05:00:00,0.08874668265635449,0
M032,294,2026-06-13 06:00:00,0.05221156203769348,0
M032,295,2026-06-13 07:00:00,0.12348052972775576,0
M032,296,2026-06-13 08:00:00,0.06853659946063265,0
M032,297,2026-06-13 09:00:00,0.08201302603730637,0
M032,298,2026-06-13 10:00:00,0.07657368745812766,0
M032,299,2026-06-13 11:00:00,0.07375920896790764,0
M032,300,2026-06-13 12:00:00,0.08641975059980218,0
M032,301,2026-06-13 13:00:00,0.057189644221285064,0
M032,302,2026-06-13 14:00:00,0.0633796433248356,0
M032,303,2026-06-13 15:00:00,0.053556617371342576,0
M032,304,2026-06-13 16:00:00,0.056637562522257136,0
M032,305,2026-06-13 17:00:00,0.06024101123222935,0
M033,23,2026-06-01 23:00:00,0.0,0
M033,24,2026-06-02 00:00:00,0.0,0
M033,25,2026-06-02 01:00:00,0.0,0
M033,26,2026-06-02 02:00:00,0.0,0
M033,27,2026-06-02 03:00:00,0.0,0
M033,28,2026-06-02 04:00:00,0.0,0
M033,29,2026-06-02 05:00:00,0.0,0
M033,30,2026-06-02 06:00:00,0.0,0
M033,31,2026-06-02 07:00:00,0.0,0
M033,32,2026-06-02 08:00:00,0.0,0
M033,33,2026-06-02 09:00:00,0.0,0
M033,34,2026-06-02 10:00:00,0.0,0
M033,35,2026-06-02 11:00:00,0.0,0
M033,36,2026-06-02 12:00:00,0.0,0
M033,37,2026-06-02 13:00:00,0.0,0
M033,38,2026-06-02 14:00:00,0.0,0
M033,39,2026-06-02 15:00:00,0.0,0
M033,40,2026-06-02 16:00:00,0.0,0
M033,41,2026-06-02 17:00:00,0.0,0
M033,42,2026-06-02 18:00:00,0.0,0
M033,43,2026-06-02 19:00:00,0.0,0
M033,44,2026-06-02 20:00:00,0.0,0
M033,45,2026-06-02 21:00:00,0.0,0
M033,46,2026-06-02 22:00:00,0.0,0
M033,47,2026-06-02 23:00:00,0.0,0
M033,48,2026-06-03 00:00:00,0.0,0
M033,49,2026-06-03 01:00:00,0.0,0
M033,50,2026-06-03 02:00:00,0.0,0
M033,51,2026-06-03 03:00:00,0.0,0
M033,52,2026-06-03 04:00:00,0.0,0
M033,53,2026-06-03 05:00:00,0.0,0
M033,54,2026-06-03 06:00:00,0.0,0
M033,55,2026-06-03 07:00:00,0.0,0
M033,56,2026-06-03 08:00:00,0.0,0
M033,57,2026-06-03 09:00:00,0.0,0
M033,58,2026-06-03 10:00:00,0.0,0
M033,59,2026-06-03 11:00:00,0.0,0
M033,60,2026-06-03 12:00:00,0.0,0
M033,61,2026-06-03 13:00:00,0.0,0
M033,62,2026-06-03 14:00:00,0.0,0
M033,63,2026-06-03 15:00:00,0.0,0
M033,64,2026-06-03 16:00:00,0.0,0
M033,65,2026-06-03 17:00:00,0.0,0
M033,66,2026-06-03 18:00:00,0.0,0
M033,67,2026-06-03 19:00:00,0.0,0
M033,68,2026-06-03 20:00:00,0.0,0
M033,69,2026-06-03 21:00:00,0.0,0
M033,70,2026-06-03 22:00:00,0.0,0
M033,71,2026-06-03 23:00:00,0.0,0
M033,72,2026-06-04 00:00:00,0.0,0
M033,73,2026-06-04 01:00:00,0.0,0
M033,74,2026-06-04 02:00:00,0.0,0
M033,75,2026-06-04 03:00:00,0.0,0
M033,76,2026-06-04 04:00:00,0.0,0
M033,77,2026-06-04 05:00:00,0.0,0
M033,78,2026-06-04 06:00:00,0.0,0
M033,79,2026-06-04 07:00:00,0.0,0
M033,80,2026-06-04 08:00:00,0.0,0
M033,81,2026-06-04 09:00:00,0.0,0
M033,82,2026-06-04 10:00:00,0.0,0
M033,83,2026-06-04 11:00:00,0.0,0
M033,84,2026-06-04 12:00:00,0.0,0
M033,85,2026-06-04 13:00:00,0.0,0
M033,86,2026-06-04 14:00:00,0.0,0
M033,87,2026-06-04 15:00:00,0.0,0
M033,88,2026-06-04 16:00:00,0.0,0
M033,89,2026-06-04 17:00:00,0.0,0
M033,90,2026-06-04 18:00:00,0.0,0
M033,91,2026-06-04 19:00:00,0.0,0
M033,92,2026-06-04 20:00:00,0.0,0
M033,93,2026-06-04 21:00:00,0.0,0
M033,94,2026-06-04 22:00:00,0.0,0
M033,95,2026-06-04 23:00:00,0.0,0
M033,96,2026-06-05 00:00:00,0.0,0
M033,97,2026-06-05 01:00:00,0.0,0
M033,98,2026-06-05 02:00:00,0.0,0
M033,99,2026-06-05 03:00:00,0.0,0
M033,100,2026-06-05 04:00:00,0.0,0
M033,101,2026-06-05 05:00:00,0.0,0
M033,102,2026-06-05 06:00:00,0.0,0
M033,103,2026-06-05 07:00:00,0.0,0
M033,104,2026-06-05 08:00:00,0.0,0
M033,105,2026-06-05 09:00:00,0.0,0
M033,106,2026-06-05 10:00:00,0.0,0
M033,107,2026-06-05 11:00:00,0.0,0
M033,108,2026-06-05 12:00:00,0.0,0
M033,109,2026-06-05 13:00:00,0.0,0
M033,110,2026-06-05 14:00:00,0.0,0
M033,111,2026-06-05 15:00:00,0.0,0
M033,112,2026-06-05 16:00:00,0.0,0
M033,113,2026-06-05 17:00:00,0.0,0
M033,114,2026-06-05 18:00:00,0.0,0
M033,115,2026-06-05 19:00:00,0.0,0
M033,116,2026-06-05 20:00:00,0.0,0
M033,117,2026-06-05 21:00:00,0.0,0
M033,118,2026-06-05 22:00:00,0.0,0
M033,119,2026-06-05 23:00:00,0.0,0
M033,120,2026-06-06 00:00:00,0.0,0
M033,121,2026-06-06 01:00:00,0.0,0
M033,122,2026-06-06 02:00:00,0.0,0
M033,123,2026-06-06 03:00:00,0.0,0
M033,124,2026-06-06 04:00:00,0.0,0
M033,125,2026-06-06 05:00:00,0.0,0
M033,126,2026-06-06 06:00:00,0.0,0
M033,127,2026-06-06 07:00:00,0.0,0
M033,128,2026-06-06 08:00:00,0.0,0
M033,129,2026-06-06 09:00:00,0.0,0
M033,130,2026-06-06 10:00:00,0.0,0
M033,131,2026-06-06 11:00:00,0.0,0
M033,132,2026-06-06 12:00:00,0.0,0
M033,133,2026-06-06 13:00:00,0.0,0
M033,134,2026-06-06 14:00:00,0.0,0
M033,135,2026-06-06 15:00:00,0.0,0
M033,136,2026-06-06 16:00:00,0.0,0
M033,137,2026-06-06 17:00:00,0.0,0
M033,138,2026-06-06 18:00:00,0.0,0
M033,139,2026-06-06 19:00:00,0.0,0
M033,140,2026-06-06 20:00:00,0.0,0
M033,141,2026-06-06 21:00:00,0.0,0
M033,142,2026-06-06 22:00:00,0.0,0
M033,143,2026-06-06 23:00:00,0.0,0
M033,144,2026-06-07 00:00:00,0.0,0
M033,145,2026-06-07 01:00:00,0.0,0
M033,146,2026-06-07 02:00:00,0.0,0
M033,147,2026-06-07 03:00:00,0.0,0
M033,148,2026-06-07 04:00:00,0.0,0
M033,149,2026-06-07 05:00:00,0.0,0
M033,150,2026-06-07 06:00:00,0.0,0
M033,151,2026-06-07 07:00:00,0.0,0
M033,152,2026-06-07 08:00:00,0.0,0
M033,153,2026-06-07 09:00:00,0.0,0
M033,154,2026-06-07 10:00:00,0.0,0
M033,155,2026-06-07 11:00:00,0.0,0
M033,156,2026-06-07 12:00:00,0.0,0
M033,157,2026-06-07 13:00:00,0.0,0
M033,158,2026-06-07 14:00:00,0.0,0
M033,159,2026-06-07 15:00:00,0.0,0
M033,160,2026-06-07 16:00:00,0.0,0
M033,161,2026-06-07 17:00:00,0.0,0
M033,162,2026-06-07 18:00:00,0.0,0
M033,163,2026-06-07 19:00:00,0.0,0
M033,164,2026-06-07 20:00:00,0.0,0
M033,165,2026-06-07 21:00:00,0.0,0
M033,166,2026-06-07 22:00:00,0.0,0
M033,167,2026-06-07 23:00:00,0.0,0
M033,168,2026-06-08 00:00:00,0.0,0
M033,169,2026-06-08 01:00:00,0.0,0
M033,170,2026-06-08 02:00:00,0.0,0
M033,171,2026-06-08 03:00:00,0.0,0
M033,172,2026-06-08 04:00:00,0.0,0
M033,173,2026-06-08 05:00:00,0.0,0
M033,174,2026-06-08 06:00:00,0.0,0
M033,175,2026-06-08 07:00:00,0.0,0
M033,176,2026-06-08 08:00:00,0.0,0
M033,177,2026-06-08 09:00:00,0.0,0
M033,178,2026-06-08 10:00:00,0.0,0
M033,179,2026-06-08 11:00:00,0.0,0
M033,180,2026-06-08 12:00:00,0.0,0
M033,181,2026-06-08 13:00:00,0.0,0
M033,182,2026-06-08 14:00:00,0.0,0
M033,183,2026-06-08 15:00:00,0.0,0
M033,184,2026-06-08 16:00:00,0.0,0
M033,185,2026-06-08 17:00:00,0.0,0
M033,186,2026-06-08 18:00:00,0.0,0
M033,187,2026-06-08 19:00:00,0.0,0
M033,188,2026-06-08 20:00:00,0.0,0
M033,189,2026-06-08 21:00:00,0.0,0
M033,190,2026-06-08 22:00:00,0.0,0
M033,191,2026-06-08 23:00:00,0.0,0
M033,192,2026-06-09 00:00:00,0.0,0
M033,193,2026-06-09 01:00:00,0.0,0
M033,194,2026-06-09 02:00:00,0.0,0
M033,195,2026-06-09 03:00:00,0.0,0
M033,196,2026-06-09 04:00:00,0.0,0
M033,197,2026-06-09 05:00:00,0.0,0
M033,198,2026-06-09 06:00:00,0.0,0
M033,199,2026-06-09 07:00:00,0.0,0
M033,200,2026-06-09 08:00:00,0.0,0
M033,201,2026-06-09 09:00:00,0.0,0
M033,202,2026-06-09 10:00:00,0.0,0
M033,203,2026-06-09 11:00:00,0.0,0
M033,204,2026-06-09 12:00:00,0.0,0
M033,205,2026-06-09 13:00:00,0.0,0
M033,206,2026-06-09 14:00:00,0.0,0
M033,207,2026-06-09 15:00:00,0.0,0
M033,208,2026-06-09 16:00:00,0.0,0
M033,209,2026-06-09 17:00:00,0.0,0
M033,210,2026-06-09 18:00:00,0.0,0
M033,211,2026-06-09 19:00:00,0.0,0
M033,212,2026-06-09 20:00:00,0.0,0
M033,213,2026-06-09 21:00:00,0.0,0
M033,214,2026-06-09 22:00:00,0.0,0
M033,215,2026-06-09 23:00:00,0.0,0
M033,216,2026-06-10 00:00:00,0.0,0
M033,217,2026-06-10 01:00:00,0.0,0
M033,218,2026-06-10 02:00:00,0.0,0
M033,219,2026-06-10 03:00:00,0.0,0
M033,220,2026-06-10 04:00:00,0.0,0
M033,221,2026-06-10 05:00:00,0.0,0
M033,222,2026-06-10 06:00:00,0.0,0
M033,223,2026-06-10 07:00:00,0.0,0
M033,224,2026-06-10 08:00:00,0.0,0
M033,225,2026-06-10 09:00:00,0.0,0
M033,226,2026-06-10 10:00:00,0.0,0
M033,227,2026-06-10 11:00:00,0.0,0
M033,228,2026-06-10 12:00:00,0.0,0
M033,229,2026-06-10 13:00:00,0.0,0
M033,230,2026-06-10 14:00:00,0.0,0
M033,231,2026-06-10 15:00:00,0.0,0
M033,232,2026-06-10 16:00:00,0.0,0
M033,233,2026-06-10 17:00:00,0.0,0
M033,234,2026-06-10 18:00:00,0.0,0
M033,235,2026-06-10 19:00:00,0.0,0
M033,236,2026-06-10 20:00:00,0.0,0
M033,237,2026-06-10 21:00:00,0.0,0
M033,238,2026-06-10 22:00:00,0.0,0
M033,239,2026-06-10 23:00:00,0.0,0
M033,240,2026-06-11 00:00:00,0.0,0
M033,241,2026-06-11 01:00:00,0.0,0
M033,242,2026-06-11 02:00:00,0.0,0
M033,243,2026-06-11 03:00:00,0.0,0
M033,244,2026-06-11 04:00:00,0.0,0
M033,245,2026-06-11 05:00:00,0.0,0
M033,246,2026-06-11 06:00:00,0.0,0
M033,247,2026-06-11 07:00:00,0.0,0
M033,248,2026-06-11 08:00:00,0.0,0
M033,249,2026-06-11 09:00:00,0.0,0
M033,250,2026-06-11 10:00:00,0.0,0
M033,251,2026-06-11 11:00:00,0.0,0
M033,252,2026-06-11 12:00:00,0.0,0
M033,253,2026-06-11 13:00:00,0.0,0
M033,254,2026-06-11 14:00:00,0.0,0
M033,255,2026-06-11 15:00:00,0.0,0
M033,256,2026-06-11 16:00:00,0.0,0
M033,257,2026-06-11 17:00:00,0.0,0
M033,258,2026-06-11 18:00:00,0.0,0
M033,259,2026-06-11 19:00:00,0.0,0
M033,260,2026-06-11 20:00:00,0.0,0
M033,261,2026-06-11 21:00:00,0.0,0
M033,262,2026-06-11 22:00:00,0.0,0
M033,263,2026-06-11 23:00:00,0.0,0
M033,264,2026-06-12 00:00:00,0.0,0
M033,265,2026-06-12 01:00:00,0.0,0
M033,266,2026-06-12 02:00:00,0.0,0
M033,267,2026-06-12 03:00:00,0.0,0
M033,268,2026-06-12 04:00:00,0.0,0
M033,269,2026-06-12 05:00:00,0.0,0
M033,270,2026-06-12 06:00:00,0.0,0
M033,271,2026-06-12 07:00:00,0.0,0
M033,272,2026-06-12 08:00:00,0.0,0
M033,273,2026-06-12 09:00:00,0.0,0
M033,274,2026-06-12 10:00:00,0.0,0
M033,275,2026-06-12 11:00:00,0.0,0
M033,276,2026-06-12 12:00:00,0.0,0
M033,277,2026-06-12 13:00:00,0.0,0
M033,278,2026-06-12 14:00:00,0.0,0
M033,279,2026-06-12 15:00:00,0.0,0
M033,280,2026-06-12 16:00:00,0.0,0
M033,281,2026-06-12 17:00:00,0.0,0
M033,282,2026-06-12 18:00:00,0.0,0
M033,283,2026-06-12 19:00:00,0.0,0
M033,284,2026-06-12 20:00:00,0.0,0
M033,285,2026-06-12 21:00:00,0.0,0
M033,286,2026-06-12 22:00:00,0.0,0
M033,287,2026-06-12 23:00:00,0.0,0
M033,288,2026-06-13 00:00:00,0.0,0
M033,289,2026-06-13 01:00:00,0.0,0
M033,290,2026-06-13 02:00:00,0.0,0
M033,291,2026-06-13 03:00:00,0.0,0
M033,292,2026-06-13 04:00:00,0.0,0
M033,293,2026-06-13 05:00:00,0.0,0
M033,294,2026-06-13 06:00:00,0.0,0
M033,295,2026-06-13 07:00:00,0.0,0
M033,296,2026-06-13 08:00:00,0.0,0
M033,297,2026-06-13 09:00:00,0.0,0
M033,298,2026-06-13 10:00:00,0.0,0
M033,299,2026-06-13 11:00:00,0.0,0
M033,300,2026-06-13 12:00:00,0.0,0
M033,301,2026-06-13 13:00:00,0.0,0
M033,302,2026-06-13 14:00:00,0.0,0
M033,303,2026-06-13 15:00:00,0.0,0
M033,304,2026-06-13 16:00:00,0.0,0
M033,305,2026-06-13 17:00:00,0.0,0
M033,306,2026-06-13 18:00:00,0.0,0
M033,307,2026-06-13 19:00:00,0.0,0
M033,308,2026-06-13 20:00:00,0.0,0
M033,309,2026-06-13 21:00:00,0.0,0
M033,310,2026-06-13 22:00:00,0.0,0
M033,311,2026-06-13 23:00:00,0.0,0
M033,312,2026-06-14 00:00:00,0.0,0
M033,313,2026-06-14 01:00:00,0.0,0
M033,314,2026-06-14 02:00:00,0.0,0
M033,315,2026-06-14 03:00:00,0.0,0
M033,316,2026-06-14 04:00:00,0.0,0
M033,317,2026-06-14 05:00:00,0.0,0
M033,318,2026-06-14 06:00:00,0.0,0
M033,319,2026-06-14 07:00:00,0.0,0
M033,320,2026-06-14 08:00:00,0.0,0
M033,321,2026-06-14 09:00:00,0.0,0
M033,322,2026-06-14 10:00:00,0.0,0
M033,323,2026-06-14 11:00:00,0.0,0
M033,324,2026-06-14 12:00:00,0.0,0
M033,325,2026-06-14 13:00:00,0.0,0
M033,326,2026-06-14 14:00:00,0.0,0
M033,327,2026-06-14 15:00:00,0.0,0
M033,328,2026-06-14 16:00:00,0.0,0
M033,329,2026-06-14 17:00:00,0.0,0
M033,330,2026-06-14 18:00:00,0.0,0
M033,331,2026-06-14 19:00:00,0.0,0
M033,332,2026-06-14 20:00:00,0.0,0
M033,333,2026-06-14 21:00:00,0.0,0
M033,334,2026-06-14 22:00:00,0.0,0
M033,335,2026-06-14 23:00:00,0.0,0
M033,336,2026-06-15 00:00:00,0.0,0
M033,337,2026-06-15 01:00:00,0.0,0
M033,338,2026-06-15 02:00:00,0.0,0
M033,339,2026-06-15 03:00:00,0.0,0
M033,340,2026-06-15 04:00:00,0.0,0
M033,341,2026-06-15 05:00:00,0.0,0
M033,342,2026-06-15 06:00:00,0.0,0
M033,343,2026-06-15 07:00:00,0.0,0
M033,344,2026-06-15 08:00:00,0.0,0
M033,345,2026-06-15 09:00:00,0.0,0
M033,346,2026-06-15 10:00:00,0.0,0
M033,347,2026-06-15 11:00:00,0.0,0
M033,348,2026-06-15 12:00:00,0.0,0
M033,349,2026-06-15 13:00:00,0.0,0
M033,350,2026-06-15 14:00:00,0.0,0
M033,351,2026-06-15 15:00:00,0.0,0
M033,352,2026-06-15 16:00:00,0.0,0
M033,353,2026-06-15 17:00:00,0.0,0
M033,354,2026-06-15 18:00:00,0.0,0
M033,355,2026-06-15 19:00:00,0.0,0
M033,356,2026-06-15 20:00:00,0.0,0
M033,357,2026-06-15 21:00:00,0.0,0
M033,358,2026-06-15 22:00:00,0.0,0
M033,359,2026-06-15 23:00:00,0.0,0
M033,360,2026-06-16 00:00:00,0.0,0
M033,361,2026-06-16 01:00:00,0.0,0
M033,362,2026-06-16 02:00:00,0.0,0
M033,363,2026-06-16 03:00:00,0.0,0
M033,364,2026-06-16 04:00:00,0.0,0
M033,365,2026-06-16 05:00:00,0.0,0
M033,366,2026-06-16 06:00:00,0.0,0
M033,367,2026-06-16 07:00:00,0.0,0
M033,368,2026-06-16 08:00:00,0.0,0
M033,369,2026-06-16 09:00:00,0.0,0
M033,370,2026-06-16 10:00:00,0.0,0
M033,371,2026-06-16 11:00:00,0.0,0
M033,372,2026-06-16 12:00:00,0.0,0
M033,373,2026-06-16 13:00:00,0.0,0
M033,374,2026-06-16 14:00:00,0.0,0
M033,375,2026-06-16 15:00:00,0.0,0
M033,376,2026-06-16 16:00:00,0.0,0
M033,377,2026-06-16 17:00:00,0.0,0
M033,378,2026-06-16 18:00:00,0.0,0
M033,379,2026-06-16 19:00:00,0.0,0
M033,380,2026-06-16 20:00:00,0.0,0
M033,381,2026-06-16 21:00:00,0.0,0
M033,382,2026-06-16 22:00:00,0.0,0
M033,383,2026-06-16 23:00:00,0.0,0
M033,384,2026-06-17 00:00:00,0.0,0
M033,385,2026-06-17 01:00:00,0.0,0
M033,386,2026-06-17 02:00:00,0.0,0
M033,387,2026-06-17 03:00:00,0.0027781116051756602,0
M033,388,2026-06-17 04:00:00,0.0,0
M033,389,2026-06-17 05:00:00,0.0,0
M033,390,2026-06-17 06:00:00,0.0,0
M033,391,2026-06-17 07:00:00,0.0,0
M033,392,2026-06-17 08:00:00,0.0,0
M033,393,2026-06-17 09:00:00,0.0,0
M033,394,2026-06-17 10:00:00,0.0,0
M033,395,2026-06-17 11:00:00,0.0,0
M033,396,2026-06-17 12:00:00,0.0,0
M033,397,2026-06-17 13:00:00,0.0,0
M033,398,2026-06-17 14:00:00,0.0,0
M033,399,2026-06-17 15:00:00,0.0,0
M033,400,2026-06-17 16:00:00,0.0,0
M033,401,2026-06-17 17:00:00,0.0,0
M033,402,2026-06-17 18:00:00,0.0,0
M033,403,2026-06-17 19:00:00,0.0,0
M033,404,2026-06-17 20:00:00,0.0,0
M033,405,2026-06-17 21:00:00,0.0,0
M033,406,2026-06-17 22:00:00,0.0,0
M033,407,2026-06-17 23:00:00,0.0,0
M033,408,2026-06-18 00:00:00,0.0,0
M033,409,2026-06-18 01:00:00,0.0,0
M033,410,2026-06-18 02:00:00,0.0,0
M033,411,2026-06-18 03:00:00,0.0,0
M033,412,2026-06-18 04:00:00,0.0,0
M033,413,2026-06-18 05:00:00,0.0,0
M033,414,2026-06-18 06:00:00,0.0,0
M033,415,2026-06-18 07:00:00,0.0,0
M033,416,2026-06-18 08:00:00,0.0,0
M033,417,2026-06-18 09:00:00,0.0,0
M033,418,2026-06-18 10:00:00,0.0,0
M033,419,2026-06-18 11:00:00,0.0,0
M033,420,2026-06-18 12:00:00,0.0,0
M033,421,2026-06-18 13:00:00,0.0,0
M033,422,2026-06-18 14:00:00,0.0,0
M033,423,2026-06-18 15:00:00,0.0,0
M033,424,2026-06-18 16:00:00,0.0,0
M033,425,2026-06-18 17:00:00,0.0,0
M033,426,2026-06-18 18:00:00,0.0,0
M033,427,2026-06-18 19:00:00,0.0,0
M033,428,2026-06-18 20:00:00,0.0,0
M033,429,2026-06-18 21:00:00,0.0,0
M033,430,2026-06-18 22:00:00,0.0,0
M033,431,2026-06-18 23:00:00,0.0,0
M033,432,2026-06-19 00:00:00,0.0,0
M033,433,2026-06-19 01:00:00,0.0,0
M033,434,2026-06-19 02:00:00,0.0,0
M033,435,2026-06-19 03:00:00,0.0,0
M033,436,2026-06-19 04:00:00,0.0,0
M033,437,2026-06-19 05:00:00,0.0,0
M033,438,2026-06-19 06:00:00,0.0,0
M033,439,2026-06-19 07:00:00,0.0,0
M033,440,2026-06-19 08:00:00,0.0,0
M033,441,2026-06-19 09:00:00,0.0,0
M033,442,2026-06-19 10:00:00,0.0,0
M033,443,2026-06-19 11:00:00,0.0,0
M033,444,2026-06-19 12:00:00,0.0,0
M033,445,2026-06-19 13:00:00,0.0,0
M033,446,2026-06-19 14:00:00,0.0,0
M033,447,2026-06-19 15:00:00,0.0,0
M033,448,2026-06-19 16:00:00,0.0,0
M033,449,2026-06-19 17:00:00,0.0,0
M033,450,2026-06-19 18:00:00,0.0,0
M033,451,2026-06-19 19:00:00,0.0,0
M033,452,2026-06-19 20:00:00,0.0,0
M033,453,2026-06-19 21:00:00,0.0,0
M033,454,2026-06-19 22:00:00,0.0,0
M033,455,2026-06-19 23:00:00,0.0,0
M033,456,2026-06-20 00:00:00,0.0,0
M033,457,2026-06-20 01:00:00,0.0,0
M033,458,2026-06-20 02:00:00,0.0,0
M033,459,2026-06-20 03:00:00,0.0,0
M033,460,2026-06-20 04:00:00,0.0,0
M033,461,2026-06-20 05:00:00,0.0,0
M033,462,2026-06-20 06:00:00,0.0,0
M033,463,2026-06-20 07:00:00,0.0,0
M033,464,2026-06-20 08:00:00,0.0,0
M033,465,2026-06-20 09:00:00,0.0,0
M033,466,2026-06-20 10:00:00,0.0,0
M033,467,2026-06-20 11:00:00,0.0,0
M033,468,2026-06-20 12:00:00,0.0,0
M033,469,2026-06-20 13:00:00,0.0,0
M033,470,2026-06-20 14:00:00,0.0,0
M033,471,2026-06-20 15:00:00,0.0,0
M033,472,2026-06-20 16:00:00,0.0,0
M033,473,2026-06-20 17:00:00,0.0,0
M033,474,2026-06-20 18:00:00,0.0,0
M033,475,2026-06-20 19:00:00,0.0,0
M033,476,2026-06-20 20:00:00,0.0,0
M033,477,2026-06-20 21:00:00,0.0,0
M033,478,2026-06-20 22:00:00,0.0,0
M033,479,2026-06-20 23:00:00,0.0,0
M033,480,2026-06-21 00:00:00,0.0,0
M033,481,2026-06-21 01:00:00,0.0,0
M033,482,2026-06-21 02:00:00,0.0,0
M033,483,2026-06-21 03:00:00,0.0,0
M033,484,2026-06-21 04:00:00,0.0,0
M033,485,2026-06-21 05:00:00,0.0,0
M033,486,2026-06-21 06:00:00,0.0,0
M033,487,2026-06-21 07:00:00,0.0,0
M033,488,2026-06-21 08:00:00,0.0,0
M033,489,2026-06-21 09:00:00,0.0,0
M033,490,2026-06-21 10:00:00,0.0,0
M033,491,2026-06-21 11:00:00,0.0,0
M033,492,2026-06-21 12:00:00,0.0,0
M033,493,2026-06-21 13:00:00,0.0,0
M033,494,2026-06-21 14:00:00,0.0,0
M033,495,2026-06-21 15:00:00,0.0,0
M033,496,2026-06-21 16:00:00,0.0,0
M033,497,2026-06-21 17:00:00,0.0,0
M033,498,2026-06-21 18:00:00,0.0,0
M033,499,2026-06-21 19:00:00,0.0,0
M033,500,2026-06-21 20:00:00,0.0,0
M033,501,2026-06-21 21:00:00,0.0,0
M033,502,2026-06-21 22:00:00,0.0,0
M033,503,2026-06-21 23:00:00,0.0,0
M033,504,2026-06-22 00:00:00,0.0,0
M033,505,2026-06-22 01:00:00,0.0,0
M033,506,2026-06-22 02:00:00,0.0,0
M033,507,2026-06-22 03:00:00,0.0,0
M033,508,2026-06-22 04:00:00,0.0,0
M033,509,2026-06-22 05:00:00,0.0,0
M033,510,2026-06-22 06:00:00,0.0,0
M033,511,2026-06-22 07:00:00,0.0,0
M033,512,2026-06-22 08:00:00,0.0,0
M033,513,2026-06-22 09:00:00,0.0,0
M033,514,2026-06-22 10:00:00,0.0,0
M033,515,2026-06-22 11:00:00,0.0,0
M033,516,2026-06-22 12:00:00,0.0,0
M033,517,2026-06-22 13:00:00,0.0,0
M033,518,2026-06-22 14:00:00,0.0,0
M033,519,2026-06-22 15:00:00,0.0,0
M033,520,2026-06-22 16:00:00,0.0,0
M033,521,2026-06-22 17:00:00,0.0,0
M033,522,2026-06-22 18:00:00,0.0,0
M033,523,2026-06-22 19:00:00,0.0,0
M033,524,2026-06-22 20:00:00,0.0,0
M033,525,2026-06-22 21:00:00,0.0,0
M033,526,2026-06-22 22:00:00,0.0,0
M033,527,2026-06-22 23:00:00,0.0,0
M033,528,2026-06-23 00:00:00,0.0,0
M033,529,2026-06-23 01:00:00,0.0,0
M033,530,2026-06-23 02:00:00,0.0,0
M033,531,2026-06-23 03:00:00,0.0,0
M033,532,2026-06-23 04:00:00,0.0,0
M033,533,2026-06-23 05:00:00,0.0,0
M033,534,2026-06-23 06:00:00,0.0,0
M033,535,2026-06-23 07:00:00,0.0,0
M033,536,2026-06-23 08:00:00,0.0,0
M033,537,2026-06-23 09:00:00,0.0,0
M033,538,2026-06-23 10:00:00,0.0,0
M033,539,2026-06-23 11:00:00,0.0,0
M033,540,2026-06-23 12:00:00,0.0,0
M033,541,2026-06-23 13:00:00,0.0,0
M033,542,2026-06-23 14:00:00,0.0,0
M033,543,2026-06-23 15:00:00,0.0,0
M033,544,2026-06-23 16:00:00,0.0,0
M033,545,2026-06-23 17:00:00,0.0,0
M033,546,2026-06-23 18:00:00,0.0,0
M033,547,2026-06-23 19:00:00,0.0,0
M033,548,2026-06-23 20:00:00,0.0,0
M033,549,2026-06-23 21:00:00,0.0,0
M033,550,2026-06-23 22:00:00,0.0,0
M033,551,2026-06-23 23:00:00,0.0,0
M033,552,2026-06-24 00:00:00,0.0,0
M033,553,2026-06-24 01:00:00,0.0,0
M033,554,2026-06-24 02:00:00,0.0,0
M033,555,2026-06-24 03:00:00,0.0,0
M033,556,2026-06-24 04:00:00,0.0,0
M033,557,2026-06-24 05:00:00,0.0,0
M033,558,2026-06-24 06:00:00,0.0,0
M033,559,2026-06-24 07:00:00,0.0,0
M033,560,2026-06-24 08:00:00,0.0,0
M033,561,2026-06-24 09:00:00,0.0,0
M033,562,2026-06-24 10:00:00,0.0,0
M033,563,2026-06-24 11:00:00,0.0,0
M033,564,2026-06-24 12:00:00,0.0,0
M033,565,2026-06-24 13:00:00,0.0,0
M033,566,2026-06-24 14:00:00,0.0,0
M033,567,2026-06-24 15:00:00,0.0,0
M033,568,2026-06-24 16:00:00,0.0,0
M033,569,2026-06-24 17:00:00,0.0,0
M033,570,2026-06-24 18:00:00,0.0,0
M033,571,2026-06-24 19:00:00,0.0,0
M033,572,2026-06-24 20:00:00,0.0,0
M033,573,2026-06-24 21:00:00,0.0,0
M033,574,2026-06-24 22:00:00,0.0,0
M033,575,2026-06-24 23:00:00,0.0,0
M033,576,2026-06-25 00:00:00,0.0,0
M033,577,2026-06-25 01:00:00,0.0,0
M033,578,2026-06-25 02:00:00,0.0,0
M033,579,2026-06-25 03:00:00,0.0,0
M033,580,2026-06-25 04:00:00,0.0,0
M033,581,2026-06-25 05:00:00,0.0,0
M033,582,2026-06-25 06:00:00,0.0,0
M033,583,2026-06-25 07:00:00,0.0,0
M033,584,2026-06-25 08:00:00,0.0,0
M033,585,2026-06-25 09:00:00,0.0,0
M033,586,2026-06-25 10:00:00,0.0,0
M033,587,2026-06-25 11:00:00,0.0,0
M033,588,2026-06-25 12:00:00,0.0,0
M033,589,2026-06-25 13:00:00,0.0,0
M033,590,2026-06-25 14:00:00,0.0,0
M033,591,2026-06-25 15:00:00,0.0,0
M033,592,2026-06-25 16:00:00,0.0,0
M033,593,2026-06-25 17:00:00,0.0,0
M033,594,2026-06-25 18:00:00,0.0,0
M033,595,2026-06-25 19:00:00,0.0,0
M033,596,2026-06-25 20:00:00,0.0,0
M033,597,2026-06-25 21:00:00,0.0,0
M033,598,2026-06-25 22:00:00,0.0,0
M033,599,2026-06-25 23:00:00,0.0,0
M033,600,2026-06-26 00:00:00,0.0,0
M033,601,2026-06-26 01:00:00,0.0,0
M033,602,2026-06-26 02:00:00,0.0,0
M033,603,2026-06-26 03:00:00,0.0,0
M033,604,2026-06-26 04:00:00,0.0,0
M033,605,2026-06-26 05:00:00,0.0,0
M033,606,2026-06-26 06:00:00,0.0,0
M033,607,2026-06-26 07:00:00,0.0,0
M033,608,2026-06-26 08:00:00,0.0,0
M033,609,2026-06-26 09:00:00,0.0,0
M033,610,2026-06-26 10:00:00,0.0,0
M033,611,2026-06-26 11:00:00,0.0,0
M033,612,2026-06-26 12:00:00,0.0,0
M033,613,2026-06-26 13:00:00,0.0,0
M033,614,2026-06-26 14:00:00,0.0,0
M033,615,2026-06-26 15:00:00,0.0,0
M033,616,2026-06-26 16:00:00,0.0,0
M033,617,2026-06-26 17:00:00,0.0,0
M033,618,2026-06-26 18:00:00,0.0,0
M033,619,2026-06-26 19:00:00,0.0,0
M033,620,2026-06-26 20:00:00,0.0,0
M033,621,2026-06-26 21:00:00,0.0,0
M033,622,2026-06-26 22:00:00,0.0,0
M033,623,2026-06-26 23:00:00,0.0,0
M033,624,2026-06-27 00:00:00,0.0,0
M033,625,2026-06-27 01:00:00,0.0,0
M033,626,2026-06-27 02:00:00,0.0,0
M033,627,2026-06-27 03:00:00,0.0,0
M033,628,2026-06-27 04:00:00,0.0,0
M033,629,2026-06-27 05:00:00,0.0,0
M033,630,2026-06-27 06:00:00,0.0,0
M033,631,2026-06-27 07:00:00,0.0,0
M033,632,2026-06-27 08:00:00,0.0,0
M033,633,2026-06-27 09:00:00,0.0,0
M033,634,2026-06-27 10:00:00,0.0,0
M033,635,2026-06-27 11:00:00,0.0,0
M033,636,2026-06-27 12:00:00,0.0,0
M033,637,2026-06-27 13:00:00,0.0,0
M033,638,2026-06-27 14:00:00,0.0,0
M033,639,2026-06-27 15:00:00,0.0,0
M033,640,2026-06-27 16:00:00,0.0,0
M033,641,2026-06-27 17:00:00,0.0,0
M033,642,2026-06-27 18:00:00,0.0,0
M033,643,2026-06-27 19:00:00,0.0,0
M033,644,2026-06-27 20:00:00,0.0,0
M033,645,2026-06-27 21:00:00,0.0,0
M033,646,2026-06-27 22:00:00,0.0,0
M033,647,2026-06-27 23:00:00,0.0,0
M033,648,2026-06-28 00:00:00,0.0,0
M033,649,2026-06-28 01:00:00,0.0,0
M033,650,2026-06-28 02:00:00,0.0,0
M033,651,2026-06-28 03:00:00,0.0,0
M033,652,2026-06-28 04:00:00,0.0,0
M033,653,2026-06-28 05:00:00,0.0,0
M033,654,2026-06-28 06:00:00,0.0,0
M033,655,2026-06-28 07:00:00,0.0,0
M033,656,2026-06-28 08:00:00,0.0,0
M033,657,2026-06-28 09:00:00,0.0,0
M033,658,2026-06-28 10:00:00,0.0,0
M033,659,2026-06-28 11:00:00,0.0,0
M033,660,2026-06-28 12:00:00,0.0,0
M033,661,2026-06-28 13:00:00,0.0,0
M033,662,2026-06-28 14:00:00,0.0,0
M033,663,2026-06-28 15:00:00,0.0,0
M033,664,2026-06-28 16:00:00,0.0,0
M033,665,2026-06-28 17:00:00,0.0,0
M033,666,2026-06-28 18:00:00,0.0,0
M033,667,2026-06-28 19:00:00,0.0,0
M033,668,2026-06-28 20:00:00,0.0,0
M033,669,2026-06-28 21:00:00,0.0,0
M033,670,2026-06-28 22:00:00,0.0,0
M033,671,2026-06-28 23:00:00,0.0,0
M033,672,2026-06-29 00:00:00,0.0,0
M033,673,2026-06-29 01:00:00,0.0,0
M033,674,2026-06-29 02:00:00,0.0,0
M033,675,2026-06-29 03:00:00,0.0,0
M033,676,2026-06-29 04:00:00,0.0,0
M033,677,2026-06-29 05:00:00,0.0,0
M033,678,2026-06-29 06:00:00,0.0,0
M033,679,2026-06-29 07:00:00,0.0,0
M033,680,2026-06-29 08:00:00,0.0,0
M033,681,2026-06-29 09:00:00,0.0,0
M033,682,2026-06-29 10:00:00,0.0,0
M033,683,2026-06-29 11:00:00,0.0,0
M033,684,2026-06-29 12:00:00,0.0,0
M033,685,2026-06-29 13:00:00,0.0,0
M033,686,2026-06-29 14:00:00,0.0,0
M033,687,2026-06-29 15:00:00,0.0,0
M033,688,2026-06-29 16:00:00,0.0,0
M033,689,2026-06-29 17:00:00,0.0,0
M033,690,2026-06-29 18:00:00,0.0,0
M033,691,2026-06-29 19:00:00,0.0,0
M033,692,2026-06-29 20:00:00,0.0,0
M033,693,2026-06-29 21:00:00,0.0,0
M033,694,2026-06-29 22:00:00,0.0,0
M033,695,2026-06-29 23:00:00,0.0,0
M033,696,2026-06-30 00:00:00,0.0,0
M033,697,2026-06-30 01:00:00,0.0,0
M033,698,2026-06-30 02:00:00,0.0,0
M033,699,2026-06-30 03:00:00,0.0,0
M033,700,2026-06-30 04:00:00,0.0,0
M033,701,2026-06-30 05:00:00,0.0,0
M033,702,2026-06-30 06:00:00,0.0,0
M033,703,2026-06-30 07:00:00,0.0,0
M033,704,2026-06-30 08:00:00,0.0,0
M033,705,2026-06-30 09:00:00,0.0,0
M033,706,2026-06-30 10:00:00,0.0,0
M033,707,2026-06-30 11:00:00,0.0,0
M033,708,2026-06-30 12:00:00,0.0,0
M033,709,2026-06-30 13:00:00,0.0,0
M033,710,2026-06-30 14:00:00,0.0,0
M033,711,2026-06-30 15:00:00,0.0,0
M033,712,2026-06-30 16:00:00,0.0,0
M033,713,2026-06-30 17:00:00,0.0,0
M033,714,2026-06-30 18:00:00,0.0,0
M033,715,2026-06-30 19:00:00,0.0,0
M033,716,2026-06-30 20:00:00,0.0,0
M033,717,2026-06-30 21:00:00,0.0,0
M033,718,2026-06-30 22:00:00,0.0,0
M033,719,2026-06-30 23:00:00,0.0,0
M034,23,2026-06-01 23:00:00,0.0,0
M034,24,2026-06-02 00:00:00,0.0,0
M034,25,2026-06-02 01:00:00,0.0,0
M034,26,2026-06-02 02:00:00,0.0,0
M034,27,2026-06-02 03:00:00,0.0,0
M034,28,2026-06-02 04:00:00,0.0,0
M034,29,2026-06-02 05:00:00,0.0,0
M034,30,2026-06-02 06:00:00,0.0,0
M034,31,2026-06-02 07:00:00,0.0,0
M034,32,2026-06-02 08:00:00,0.0,0
M034,33,2026-06-02 09:00:00,0.0,0
M034,34,2026-06-02 10:00:00,0.0,0
M034,35,2026-06-02 11:00:00,0.0,0
M034,36,2026-06-02 12:00:00,0.0,0
M034,37,2026-06-02 13:00:00,0.0,0
M034,38,2026-06-02 14:00:00,0.0,0
M034,39,2026-06-02 15:00:00,0.0,0
M034,40,2026-06-02 16:00:00,0.0,0
M034,41,2026-06-02 17:00:00,0.0,0
M034,42,2026-06-02 18:00:00,0.0,0
M034,43,2026-06-02 19:00:00,0.0,0
M034,44,2026-06-02 20:00:00,0.0,0
M034,45,2026-06-02 21:00:00,0.0,0
M034,46,2026-06-02 22:00:00,0.0,0
M034,47,2026-06-02 23:00:00,0.0,0
M034,48,2026-06-03 00:00:00,0.0,0
M034,49,2026-06-03 01:00:00,0.0,0
M034,50,2026-06-03 02:00:00,0.002534344433454225,0
M034,51,2026-06-03 03:00:00,0.002534344433454225,0
M034,52,2026-06-03 04:00:00,0.0,0
M034,53,2026-06-03 05:00:00,0.0,0
M034,54,2026-06-03 06:00:00,0.002534344433454225,0
M034,55,2026-06-03 07:00:00,0.0,0
M034,56,2026-06-03 08:00:00,0.0,0
M034,57,2026-06-03 09:00:00,0.0,0
M034,58,2026-06-03 10:00:00,0.0,0
M034,59,2026-06-03 11:00:00,0.0,0
M034,60,2026-06-03 12:00:00,0.0,0
M034,61,2026-06-03 13:00:00,0.0,0
M034,62,2026-06-03 14:00:00,0.0031655565474146817,0
M034,63,2026-06-03 15:00:00,0.0031655565474146817,0
M034,64,2026-06-03 16:00:00,0.0031655565474146817,0
M034,65,2026-06-03 17:00:00,0.0031655565474146817,0
M034,66,2026-06-03 18:00:00,0.0,0
M034,67,2026-06-03 19:00:00,0.0,0
M034,68,2026-06-03 20:00:00,0.0,0
M034,69,2026-06-03 21:00:00,0.0,0
M034,70,2026-06-03 22:00:00,0.0,0
M034,71,2026-06-03 23:00:00,0.0,0
M034,72,2026-06-04 00:00:00,0.0,0
M034,73,2026-06-04 01:00:00,0.0,0
M034,74,2026-06-04 02:00:00,0.0,0
M034,75,2026-06-04 03:00:00,0.0,0
M034,76,2026-06-04 04:00:00,0.0,0
M034,77,2026-06-04 05:00:00,0.0,0
M034,78,2026-06-04 06:00:00,0.0,0
M034,79,2026-06-04 07:00:00,0.0,0
M034,80,2026-06-04 08:00:00,0.0,0
M034,81,2026-06-04 09:00:00,0.0,0
M034,82,2026-06-04 10:00:00,0.0,0
M034,83,2026-06-04 11:00:00,0.0,0
M034,84,2026-06-04 12:00:00,0.0,0
M034,85,2026-06-04 13:00:00,0.0,0
M034,86,2026-06-04 14:00:00,0.0,0
M034,87,2026-06-04 15:00:00,0.0,0
M034,88,2026-06-04 16:00:00,0.0,0
M034,89,2026-06-04 17:00:00,0.0,0
M034,90,2026-06-04 18:00:00,0.0,0
M034,91,2026-06-04 19:00:00,0.0,0
M034,92,2026-06-04 20:00:00,0.0,0
M034,93,2026-06-04 21:00:00,0.0,0
M034,94,2026-06-04 22:00:00,0.0,0
M034,95,2026-06-04 23:00:00,0.0,0
M034,96,2026-06-05 00:00:00,0.0,0
M034,97,2026-06-05 01:00:00,0.0,0
M034,98,2026-06-05 02:00:00,0.0,0
M034,99,2026-06-05 03:00:00,0.0025997171145686,0
M034,100,2026-06-05 04:00:00,0.0,0
M034,101,2026-06-05 05:00:00,0.0,0
M034,102,2026-06-05 06:00:00,0.0,0
M034,103,2026-06-05 07:00:00,0.0,0
M034,104,2026-06-05 08:00:00,0.0,0
M034,105,2026-06-05 09:00:00,0.0,0
M034,106,2026-06-05 10:00:00,0.0,0
M034,107,2026-06-05 11:00:00,0.0,0
M034,108,2026-06-05 12:00:00,0.0,0
M034,109,2026-06-05 13:00:00,0.0,0
M034,110,2026-06-05 14:00:00,0.0,0
M034,111,2026-06-05 15:00:00,0.0,0
M034,112,2026-06-05 16:00:00,0.0,0
M034,113,2026-06-05 17:00:00,0.0,0
M034,114,2026-06-05 18:00:00,0.0,0
M034,115,2026-06-05 19:00:00,0.0,0
M034,116,2026-06-05 20:00:00,0.0,0
M034,117,2026-06-05 21:00:00,0.0,0
M034,118,2026-06-05 22:00:00,0.0,0
M034,119,2026-06-05 23:00:00,0.0,0
M034,120,2026-06-06 00:00:00,0.0,0
M034,121,2026-06-06 01:00:00,0.0,0
M034,122,2026-06-06 02:00:00,0.0,0
M034,123,2026-06-06 03:00:00,0.0,0
M034,124,2026-06-06 04:00:00,0.0,0
M034,125,2026-06-06 05:00:00,0.0,0
M034,126,2026-06-06 06:00:00,0.0,0
M034,127,2026-06-06 07:00:00,0.0,0
M034,128,2026-06-06 08:00:00,0.0,0
M034,129,2026-06-06 09:00:00,0.0,0
M034,130,2026-06-06 10:00:00,0.0,0
M034,131,2026-06-06 11:00:00,0.0,0
M034,132,2026-06-06 12:00:00,0.0,0
M034,133,2026-06-06 13:00:00,0.0,0
M034,134,2026-06-06 14:00:00,0.0,0
M034,135,2026-06-06 15:00:00,0.0,0
M034,136,2026-06-06 16:00:00,0.0,0
M034,137,2026-06-06 17:00:00,0.0,0
M034,138,2026-06-06 18:00:00,0.0,0
M034,139,2026-06-06 19:00:00,0.0,0
M034,140,2026-06-06 20:00:00,0.0,0
M034,141,2026-06-06 21:00:00,0.0,0
M034,142,2026-06-06 22:00:00,0.0,0
M034,143,2026-06-06 23:00:00,0.0,0
M034,144,2026-06-07 00:00:00,0.0,0
M034,145,2026-06-07 01:00:00,0.0,0
M034,146,2026-06-07 02:00:00,0.0,0
M034,147,2026-06-07 03:00:00,0.0,0
M034,148,2026-06-07 04:00:00,0.0,0
M034,149,2026-06-07 05:00:00,0.0,0
M034,150,2026-06-07 06:00:00,0.0,0
M034,151,2026-06-07 07:00:00,0.0,0
M034,152,2026-06-07 08:00:00,0.0,0
M034,153,2026-06-07 09:00:00,0.0,0
M034,154,2026-06-07 10:00:00,0.0,0
M034,155,2026-06-07 11:00:00,0.0,0
M034,156,2026-06-07 12:00:00,0.0,0
M034,157,2026-06-07 13:00:00,0.0,0
M034,158,2026-06-07 14:00:00,0.0,0
M034,159,2026-06-07 15:00:00,0.0,0
M034,160,2026-06-07 16:00:00,0.0,0
M034,161,2026-06-07 17:00:00,0.0,0
M034,162,2026-06-07 18:00:00,0.0,0
M034,163,2026-06-07 19:00:00,0.0,0
M034,164,2026-06-07 20:00:00,0.0,0
M034,165,2026-06-07 21:00:00,0.0,0
M034,166,2026-06-07 22:00:00,0.0,0
M034,167,2026-06-07 23:00:00,0.0,0
M034,168,2026-06-08 00:00:00,0.0,0
M034,169,2026-06-08 01:00:00,0.0,0
M034,170,2026-06-08 02:00:00,0.0,0
M034,171,2026-06-08 03:00:00,0.0,0
M034,172,2026-06-08 04:00:00,0.0,0
M034,173,2026-06-08 05:00:00,0.0,0
M034,174,2026-06-08 06:00:00,0.0,0
M034,175,2026-06-08 07:00:00,0.0,0
M034,176,2026-06-08 08:00:00,0.0,0
M034,177,2026-06-08 09:00:00,0.0,0
M034,178,2026-06-08 10:00:00,0.0,0
M034,179,2026-06-08 11:00:00,0.0,0
M034,180,2026-06-08 12:00:00,0.0,0
M034,181,2026-06-08 13:00:00,0.0,0
M034,182,2026-06-08 14:00:00,0.0026461761951182216,0
M034,183,2026-06-08 15:00:00,0.0,0
M034,184,2026-06-08 16:00:00,0.0,0
M034,185,2026-06-08 17:00:00,0.0,0
M034,186,2026-06-08 18:00:00,0.0,0
M034,187,2026-06-08 19:00:00,0.0,0
M034,188,2026-06-08 20:00:00,0.0,0
M034,189,2026-06-08 21:00:00,0.0,0
M034,190,2026-06-08 22:00:00,0.002655779809479999,0
M034,191,2026-06-08 23:00:00,0.002655779809479999,0
M034,192,2026-06-09 00:00:00,0.002655779809479999,0
M034,193,2026-06-09 01:00:00,0.002655779809479999,0
M034,194,2026-06-09 02:00:00,0.002655779809479999,0
M034,195,2026-06-09 03:00:00,0.0,0
M034,196,2026-06-09 04:00:00,0.0,0
M034,197,2026-06-09 05:00:00,0.0,0
M034,198,2026-06-09 06:00:00,0.0,0
M034,199,2026-06-09 07:00:00,0.0,0
M034,200,2026-06-09 08:00:00,0.0,0
M034,201,2026-06-09 09:00:00,0.0,0
M034,202,2026-06-09 10:00:00,0.0,0
M034,203,2026-06-09 11:00:00,0.0,0
M034,204,2026-06-09 12:00:00,0.0,0
M034,205,2026-06-09 13:00:00,0.0,0
M034,206,2026-06-09 14:00:00,0.0,0
M034,207,2026-06-09 15:00:00,0.0,0
M034,208,2026-06-09 16:00:00,0.0,0
M034,209,2026-06-09 17:00:00,0.0,0
M034,210,2026-06-09 18:00:00,0.0,0
M034,211,2026-06-09 19:00:00,0.0,0
M034,212,2026-06-09 20:00:00,0.0,0
M034,213,2026-06-09 21:00:00,0.0,0
M034,214,2026-06-09 22:00:00,0.0,0
M034,215,2026-06-09 23:00:00,0.0,0
M034,216,2026-06-10 00:00:00,0.0,0
M034,217,2026-06-10 01:00:00,0.0,0
M034,218,2026-06-10 02:00:00,0.0,0
M034,219,2026-06-10 03:00:00,0.0,0
M034,220,2026-06-10 04:00:00,0.0,0
M034,221,2026-06-10 05:00:00,0.0,0
M034,222,2026-06-10 06:00:00,0.0,0
M034,223,2026-06-10 07:00:00,0.0,0
M034,224,2026-06-10 08:00:00,0.0,0
M034,225,2026-06-10 09:00:00,0.0,0
M034,226,2026-06-10 10:00:00,0.0,0
M034,227,2026-06-10 11:00:00,0.0,0
M034,228,2026-06-10 12:00:00,0.0,0
M034,229,2026-06-10 13:00:00,0.0,0
M034,230,2026-06-10 14:00:00,0.0,0
M034,231,2026-06-10 15:00:00,0.0,0
M034,232,2026-06-10 16:00:00,0.0,0
M034,233,2026-06-10 17:00:00,0.0,0
M034,234,2026-06-10 18:00:00,0.0,0
M034,235,2026-06-10 19:00:00,0.0,0
M034,236,2026-06-10 20:00:00,0.0,0
M034,237,2026-06-10 21:00:00,0.0,0
M034,238,2026-06-10 22:00:00,0.0,0
M034,239,2026-06-10 23:00:00,0.0,0
M034,240,2026-06-11 00:00:00,0.0,0
M034,241,2026-06-11 01:00:00,0.0,0
M034,242,2026-06-11 02:00:00,0.0,0
M034,243,2026-06-11 03:00:00,0.0,0
M034,244,2026-06-11 04:00:00,0.0,0
M034,245,2026-06-11 05:00:00,0.0,0
M034,246,2026-06-11 06:00:00,0.0,0
M034,247,2026-06-11 07:00:00,0.0,0
M034,248,2026-06-11 08:00:00,0.0,0
M034,249,2026-06-11 09:00:00,0.0,0
M034,250,2026-06-11 10:00:00,0.0,0
M034,251,2026-06-11 11:00:00,0.0,0
M034,252,2026-06-11 12:00:00,0.0,0
M034,253,2026-06-11 13:00:00,0.0,0
M034,254,2026-06-11 14:00:00,0.0,0
M034,255,2026-06-11 15:00:00,0.0,0
M034,256,2026-06-11 16:00:00,0.0,0
M034,257,2026-06-11 17:00:00,0.0,0
M034,258,2026-06-11 18:00:00,0.0,0
M034,259,2026-06-11 19:00:00,0.0,0
M034,260,2026-06-11 20:00:00,0.0,0
M034,261,2026-06-11 21:00:00,0.0,0
M034,262,2026-06-11 22:00:00,0.0,0
M034,263,2026-06-11 23:00:00,0.0,0
M034,264,2026-06-12 00:00:00,0.0,0
M034,265,2026-06-12 01:00:00,0.0,0
M034,266,2026-06-12 02:00:00,0.0,0
M034,267,2026-06-12 03:00:00,0.0,0
M034,268,2026-06-12 04:00:00,0.0,0
M034,269,2026-06-12 05:00:00,0.0,0
M034,270,2026-06-12 06:00:00,0.0,0
M034,271,2026-06-12 07:00:00,0.0,0
M034,272,2026-06-12 08:00:00,0.0,0
M034,273,2026-06-12 09:00:00,0.0,0
M034,274,2026-06-12 10:00:00,0.0,0
M034,275,2026-06-12 11:00:00,0.0,0
M034,276,2026-06-12 12:00:00,0.009160520681823504,0
M034,277,2026-06-12 13:00:00,0.0,0
M034,278,2026-06-12 14:00:00,0.003098966191673652,0
M034,279,2026-06-12 15:00:00,0.0,0
M034,280,2026-06-12 16:00:00,0.0,0
M034,281,2026-06-12 17:00:00,0.0,0
M034,282,2026-06-12 18:00:00,0.0,0
M034,283,2026-06-12 19:00:00,0.0,0
M034,284,2026-06-12 20:00:00,0.0,0
M034,285,2026-06-12 21:00:00,0.0,0
M034,286,2026-06-12 22:00:00,0.0,0
M034,287,2026-06-12 23:00:00,0.0,0
M034,288,2026-06-13 00:00:00,0.0,0
M034,289,2026-06-13 01:00:00,0.0,0
M034,290,2026-06-13 02:00:00,0.0,0
M034,291,2026-06-13 03:00:00,0.0,0
M034,292,2026-06-13 04:00:00,0.0,0
M034,293,2026-06-13 05:00:00,0.0031147983880045927,0
M034,294,2026-06-13 06:00:00,0.0,0
M034,295,2026-06-13 07:00:00,0.0,0
M034,296,2026-06-13 08:00:00,0.0,0
M034,297,2026-06-13 09:00:00,0.0,0
M034,298,2026-06-13 10:00:00,0.0,0
M034,299,2026-06-13 11:00:00,0.0,0
M034,300,2026-06-13 12:00:00,0.0,0
M034,301,2026-06-13 13:00:00,0.0,0
M034,302,2026-06-13 14:00:00,0.0,0
M034,303,2026-06-13 15:00:00,0.0,0
M034,304,2026-06-13 16:00:00,0.0,0
M034,305,2026-06-13 17:00:00,0.0,0
M034,306,2026-06-13 18:00:00,0.0,0
M034,307,2026-06-13 19:00:00,0.0,0
M034,308,2026-06-13 20:00:00,0.006038715177135411,0
M034,309,2026-06-13 21:00:00,0.006038715177135411,0
M034,310,2026-06-13 22:00:00,0.006038715177135411,0
M034,311,2026-06-13 23:00:00,0.006038715177135411,0
M034,312,2026-06-14 00:00:00,0.0,0
M034,313,2026-06-14 01:00:00,0.0,0
M034,314,2026-06-14 02:00:00,0.0,0
M034,315,2026-06-14 03:00:00,0.0,0
M034,316,2026-06-14 04:00:00,0.0,0
M034,317,2026-06-14 05:00:00,0.0,0
M034,318,2026-06-14 06:00:00,0.0,0
M034,319,2026-06-14 07:00:00,0.0,0
M034,320,2026-06-14 08:00:00,0.0,0
M034,321,2026-06-14 09:00:00,0.0,0
M034,322,2026-06-14 10:00:00,0.0,0
M034,323,2026-06-14 11:00:00,0.0,0
M034,324,2026-06-14 12:00:00,0.0,0
M034,325,2026-06-14 13:00:00,0.0,0
M034,326,2026-06-14 14:00:00,0.0,0
M034,327,2026-06-14 15:00:00,0.0,0
M034,328,2026-06-14 16:00:00,0.0,0
M034,329,2026-06-14 17:00:00,0.0,0
M034,330,2026-06-14 18:00:00,0.0,0
M034,331,2026-06-14 19:00:00,0.0,0
M034,332,2026-06-14 20:00:00,0.0,0
M034,333,2026-06-14 21:00:00,0.0,0
M034,334,2026-06-14 22:00:00,0.0,0
M034,335,2026-06-14 23:00:00,0.0,0
M034,336,2026-06-15 00:00:00,0.0,0
M034,337,2026-06-15 01:00:00,0.0,0
M034,338,2026-06-15 02:00:00,0.0,0
M034,339,2026-06-15 03:00:00,0.0,0
M034,340,2026-06-15 04:00:00,0.0,0
M034,341,2026-06-15 05:00:00,0.0,0
M034,342,2026-06-15 06:00:00,0.0,0
M034,343,2026-06-15 07:00:00,0.0,0
M034,344,2026-06-15 08:00:00,0.0,0
M034,345,2026-06-15 09:00:00,0.0,0
M034,346,2026-06-15 10:00:00,0.0,0
M034,347,2026-06-15 11:00:00,0.0,0
M034,348,2026-06-15 12:00:00,0.002998543446596665,0
M034,349,2026-06-15 13:00:00,0.002998543446596665,0
M034,350,2026-06-15 14:00:00,0.006250032588756976,0
M034,351,2026-06-15 15:00:00,0.009028144193932636,0
M034,352,2026-06-15 16:00:00,0.006250032588756976,0
M034,353,2026-06-15 17:00:00,0.002998543446596665,0
M034,354,2026-06-15 18:00:00,0.0,0
M034,355,2026-06-15 19:00:00,0.0,0
M034,356,2026-06-15 20:00:00,0.0,0
M034,357,2026-06-15 21:00:00,0.0,0
M034,358,2026-06-15 22:00:00,0.0,0
M034,359,2026-06-15 23:00:00,0.0,0
M034,360,2026-06-16 00:00:00,0.0,0
M034,361,2026-06-16 01:00:00,0.0,0
M034,362,2026-06-16 02:00:00,0.0,0
M034,363,2026-06-16 03:00:00,0.0,0
M034,364,2026-06-16 04:00:00,0.0,0
M034,365,2026-06-16 05:00:00,0.0,0
M034,366,2026-06-16 06:00:00,0.0,0
M034,367,2026-06-16 07:00:00,0.0,0
M034,368,2026-06-16 08:00:00,0.0,0
M034,369,2026-06-16 09:00:00,0.0,0
M034,370,2026-06-16 10:00:00,0.0,0
M034,371,2026-06-16 11:00:00,0.0,0
M034,372,2026-06-16 12:00:00,0.0,0
M034,373,2026-06-16 13:00:00,0.0,0
M034,374,2026-06-16 14:00:00,0.0,0
M034,375,2026-06-16 15:00:00,0.0,0
M034,376,2026-06-16 16:00:00,0.0,0
M034,377,2026-06-16 17:00:00,0.0,0
M034,378,2026-06-16 18:00:00,0.0,0
M034,379,2026-06-16 19:00:00,0.0,0
M034,380,2026-06-16 20:00:00,0.0,0
M034,381,2026-06-16 21:00:00,0.0,0
M034,382,2026-06-16 22:00:00,0.0,0
M034,383,2026-06-16 23:00:00,0.0,0
M034,384,2026-06-17 00:00:00,0.0,0
M034,385,2026-06-17 01:00:00,0.0,0
M034,386,2026-06-17 02:00:00,0.0,0
M034,387,2026-06-17 03:00:00,0.0,0
M034,388,2026-06-17 04:00:00,0.0,0
M034,389,2026-06-17 05:00:00,0.0,0
M034,390,2026-06-17 06:00:00,0.0,0
M034,391,2026-06-17 07:00:00,0.0,0
M034,392,2026-06-17 08:00:00,0.0,0
M034,393,2026-06-17 09:00:00,0.0,0
M034,394,2026-06-17 10:00:00,0.0,0
M034,395,2026-06-17 11:00:00,0.0,0
M034,396,2026-06-17 12:00:00,0.0,0
M034,397,2026-06-17 13:00:00,0.0,0
M034,398,2026-06-17 14:00:00,0.0,0
M034,399,2026-06-17 15:00:00,0.0,0
M034,400,2026-06-17 16:00:00,0.0,0
M034,401,2026-06-17 17:00:00,0.0,0
M034,402,2026-06-17 18:00:00,0.0,0
M034,403,2026-06-17 19:00:00,0.0,0
M034,404,2026-06-17 20:00:00,0.0,0
M034,405,2026-06-17 21:00:00,0.0,0
M034,406,2026-06-17 22:00:00,0.0,0
M034,407,2026-06-17 23:00:00,0.0,0
M034,408,2026-06-18 00:00:00,0.0,0
M034,409,2026-06-18 01:00:00,0.0,0
M034,410,2026-06-18 02:00:00,0.0,0
M034,411,2026-06-18 03:00:00,0.0,0
M034,412,2026-06-18 04:00:00,0.0,0
M034,413,2026-06-18 05:00:00,0.0,0
M034,414,2026-06-18 06:00:00,0.0,0
M034,415,2026-06-18 07:00:00,0.0,0
M034,416,2026-06-18 08:00:00,0.0,0
M034,417,2026-06-18 09:00:00,0.0,0
M034,418,2026-06-18 10:00:00,0.0,0
M034,419,2026-06-18 11:00:00,0.0,0
M034,420,2026-06-18 12:00:00,0.0,0
M034,421,2026-06-18 13:00:00,0.0,0
M034,422,2026-06-18 14:00:00,0.0,0
M034,423,2026-06-18 15:00:00,0.0,0
M034,424,2026-06-18 16:00:00,0.0,0
M034,425,2026-06-18 17:00:00,0.0,0
M034,426,2026-06-18 18:00:00,0.0,0
M034,427,2026-06-18 19:00:00,0.0,0
M034,428,2026-06-18 20:00:00,0.0,0
M034,429,2026-06-18 21:00:00,0.0,0
M034,430,2026-06-18 22:00:00,0.0,0
M034,431,2026-06-18 23:00:00,0.0,0
M034,432,2026-06-19 00:00:00,0.0,0
M034,433,2026-06-19 01:00:00,0.0,0
M034,434,2026-06-19 02:00:00,0.0,0
M034,435,2026-06-19 03:00:00,0.0,0
M034,436,2026-06-19 04:00:00,0.0,0
M034,437,2026-06-19 05:00:00,0.0,0
M034,438,2026-06-19 06:00:00,0.0,0
M034,439,2026-06-19 07:00:00,0.0,0
M034,440,2026-06-19 08:00:00,0.0,0
M034,441,2026-06-19 09:00:00,0.0,0
M034,442,2026-06-19 10:00:00,0.0,0
M034,443,2026-06-19 11:00:00,0.0,0
M034,444,2026-06-19 12:00:00,0.0,0
M034,445,2026-06-19 13:00:00,0.0,0
M034,446,2026-06-19 14:00:00,0.0,0
M034,447,2026-06-19 15:00:00,0.0,0
M034,448,2026-06-19 16:00:00,0.0,0
M034,449,2026-06-19 17:00:00,0.0,0
M034,450,2026-06-19 18:00:00,0.0,0
M034,451,2026-06-19 19:00:00,0.0,0
M034,452,2026-06-19 20:00:00,0.0,0
M034,453,2026-06-19 21:00:00,0.0,0
M034,454,2026-06-19 22:00:00,0.0,0
M034,455,2026-06-19 23:00:00,0.0,0
M034,456,2026-06-20 00:00:00,0.0,0
M034,457,2026-06-20 01:00:00,0.0026461761951182216,0
M034,458,2026-06-20 02:00:00,0.0,0
M034,459,2026-06-20 03:00:00,0.0,0
M034,460,2026-06-20 04:00:00,0.0,0
M034,461,2026-06-20 05:00:00,0.0,0
M034,462,2026-06-20 06:00:00,0.0,0
M034,463,2026-06-20 07:00:00,0.0,0
M034,464,2026-06-20 08:00:00,0.0,0
M034,465,2026-06-20 09:00:00,0.0,0
M034,466,2026-06-20 10:00:00,0.0,0
M034,467,2026-06-20 11:00:00,0.0,0
M034,468,2026-06-20 12:00:00,0.0,0
M034,469,2026-06-20 13:00:00,0.0,0
M034,470,2026-06-20 14:00:00,0.0,0
M034,471,2026-06-20 15:00:00,0.0,0
M034,472,2026-06-20 16:00:00,0.0,0
M034,473,2026-06-20 17:00:00,0.0,0
M034,474,2026-06-20 18:00:00,0.0,0
M034,475,2026-06-20 19:00:00,0.0,0
M034,476,2026-06-20 20:00:00,0.0,0
M034,477,2026-06-20 21:00:00,0.0,0
M034,478,2026-06-20 22:00:00,0.0,0
M034,479,2026-06-20 23:00:00,0.0,0
M034,480,2026-06-21 00:00:00,0.0,0
M034,481,2026-06-21 01:00:00,0.0,0
M034,482,2026-06-21 02:00:00,0.0,0
M034,483,2026-06-21 03:00:00,0.0,0
M034,484,2026-06-21 04:00:00,0.0,0
M034,485,2026-06-21 05:00:00,0.0,0
M034,486,2026-06-21 06:00:00,0.0,0
M034,487,2026-06-21 07:00:00,0.0,0
M034,488,2026-06-21 08:00:00,0.0,0
M034,489,2026-06-21 09:00:00,0.0,0
M034,490,2026-06-21 10:00:00,0.0,0
M034,491,2026-06-21 11:00:00,0.0027606627983489864,0
M034,492,2026-06-21 12:00:00,0.0,0
M034,493,2026-06-21 13:00:00,0.0,0
M034,494,2026-06-21 14:00:00,0.005515239881294257,0
M034,495,2026-06-21 15:00:00,0.0,0
M034,496,2026-06-21 16:00:00,0.0029331959689488656,0
M034,497,2026-06-21 17:00:00,0.0,0
M034,498,2026-06-21 18:00:00,0.0,0
M034,499,2026-06-21 19:00:00,0.0,0
M034,500,2026-06-21 20:00:00,0.0,0
M034,501,2026-06-21 21:00:00,0.0,0
M034,502,2026-06-21 22:00:00,0.0,0
M034,503,2026-06-21 23:00:00,0.0,0
M034,504,2026-06-22 00:00:00,0.0,0
M034,505,2026-06-22 01:00:00,0.0,0
M034,506,2026-06-22 02:00:00,0.0,0
M034,507,2026-06-22 03:00:00,0.0,0
M034,508,2026-06-22 04:00:00,0.0,0
M034,509,2026-06-22 05:00:00,0.0,0
M034,510,2026-06-22 06:00:00,0.0,0
M034,511,2026-06-22 07:00:00,0.0,0
M034,512,2026-06-22 08:00:00,0.0,0
M034,513,2026-06-22 09:00:00,0.0,0
M034,514,2026-06-22 10:00:00,0.0,0
M034,515,2026-06-22 11:00:00,0.0,0
M034,516,2026-06-22 12:00:00,0.0,0
M034,517,2026-06-22 13:00:00,0.0,0
M034,518,2026-06-22 14:00:00,0.0,0
M034,519,2026-06-22 15:00:00,0.0,0
M034,520,2026-06-22 16:00:00,0.0,0
M034,521,2026-06-22 17:00:00,0.0,0
M034,522,2026-06-22 18:00:00,0.0033092116261851877,0
M034,523,2026-06-22 19:00:00,0.0,0
M034,524,2026-06-22 20:00:00,0.0,0
M034,525,2026-06-22 21:00:00,0.0,0
M034,526,2026-06-22 22:00:00,0.0,0
M034,527,2026-06-22 23:00:00,0.0,0
M034,528,2026-06-23 00:00:00,0.0,0
M034,529,2026-06-23 01:00:00,0.0,0
M034,530,2026-06-23 02:00:00,0.0,0
M034,531,2026-06-23 03:00:00,0.0,0
M034,532,2026-06-23 04:00:00,0.0,0
M034,533,2026-06-23 05:00:00,0.0,0
M034,534,2026-06-23 06:00:00,0.0,0
M034,535,2026-06-23 07:00:00,0.0,0
M034,536,2026-06-23 08:00:00,0.0,0
M034,537,2026-06-23 09:00:00,0.0,0
M034,538,2026-06-23 10:00:00,0.0,0
M034,539,2026-06-23 11:00:00,0.0,0
M034,540,2026-06-23 12:00:00,0.0,0
M034,541,2026-06-23 13:00:00,0.002432251824496615,0
M034,542,2026-06-23 14:00:00,0.0,0
M034,543,2026-06-23 15:00:00,0.0,0
M034,544,2026-06-23 16:00:00,0.0,0
M034,545,2026-06-23 17:00:00,0.0,0
M034,546,2026-06-23 18:00:00,0.0,0
M034,547,2026-06-23 19:00:00,0.0,0
M034,548,2026-06-23 20:00:00,0.0,0
M034,549,2026-06-23 21:00:00,0.0,0
M034,550,2026-06-23 22:00:00,0.0,0
M034,551,2026-06-23 23:00:00,0.0,0
M034,552,2026-06-24 00:00:00,0.0,0
M034,553,2026-06-24 01:00:00,0.0,0
M034,554,2026-06-24 02:00:00,0.0,0
M034,555,2026-06-24 03:00:00,0.00277811160517566,0
M034,556,2026-06-24 04:00:00,0.0030862130547370304,0
M034,557,2026-06-24 05:00:00,0.0030862130547370304,0
M034,558,2026-06-24 06:00:00,0.0,0
M034,559,2026-06-24 07:00:00,0.0,0
M034,560,2026-06-24 08:00:00,0.0,0
M034,561,2026-06-24 09:00:00,0.0,0
M034,562,2026-06-24 10:00:00,0.0,0
M034,563,2026-06-24 11:00:00,0.0,0
M034,564,2026-06-24 12:00:00,0.0,0
M034,565,2026-06-24 13:00:00,0.0,0
M034,566,2026-06-24 14:00:00,0.0,0
M034,567,2026-06-24 15:00:00,0.0,0
M034,568,2026-06-24 16:00:00,0.0,0
M034,569,2026-06-24 17:00:00,0.0,0
M034,570,2026-06-24 18:00:00,0.0,0
M034,571,2026-06-24 19:00:00,0.0,0
M034,572,2026-06-24 20:00:00,0.0,0
M034,573,2026-06-24 21:00:00,0.00277811160517566,0
M034,574,2026-06-24 22:00:00,0.0,0
M034,575,2026-06-24 23:00:00,0.0,0
M034,576,2026-06-25 00:00:00,0.0,0
M034,577,2026-06-25 01:00:00,0.0,0
M034,578,2026-06-25 02:00:00,0.0,0
M034,579,2026-06-25 03:00:00,0.0,0
M034,580,2026-06-25 04:00:00,0.0,0
M034,581,2026-06-25 05:00:00,0.0,0
M034,582,2026-06-25 06:00:00,0.0,0
M034,583,2026-06-25 07:00:00,0.0,0
M034,584,2026-06-25 08:00:00,0.0,0
M034,585,2026-06-25 09:00:00,0.0,0
M034,586,2026-06-25 10:00:00,0.0,0
M034,587,2026-06-25 11:00:00,0.0,0
M034,588,2026-06-25 12:00:00,0.0,0
M034,589,2026-06-25 13:00:00,0.0,0
M034,590,2026-06-25 14:00:00,0.0,0
M034,591,2026-06-25 15:00:00,0.005453552157067957,0
M034,592,2026-06-25 16:00:00,0.0,0
M034,593,2026-06-25 17:00:00,0.0,0
M034,594,2026-06-25 18:00:00,0.0,0
M034,595,2026-06-25 19:00:00,0.0,0
M034,596,2026-06-25 20:00:00,0.0,0
M034,597,2026-06-25 21:00:00,0.0,0
M034,598,2026-06-25 22:00:00,0.0,0
M034,599,2026-06-25 23:00:00,0.0,0
M034,600,2026-06-26 00:00:00,0.0,0
M034,601,2026-06-26 01:00:00,0.0,0
M034,602,2026-06-26 02:00:00,0.0,0
M034,603,2026-06-26 03:00:00,0.0,0
M034,604,2026-06-26 04:00:00,0.0,0
M034,605,2026-06-26 05:00:00,0.0,0
M034,606,2026-06-26 06:00:00,0.0,0
M034,607,2026-06-26 07:00:00,0.0,0
M034,608,2026-06-26 08:00:00,0.0,0
M034,609,2026-06-26 09:00:00,0.0,0
M034,610,2026-06-26 10:00:00,0.0,0
M034,611,2026-06-26 11:00:00,0.0,0
M034,612,2026-06-26 12:00:00,0.0,0
M034,613,2026-06-26 13:00:00,0.0,0
M034,614,2026-06-26 14:00:00,0.0,0
M034,615,2026-06-26 15:00:00,0.0,0
M034,616,2026-06-26 16:00:00,0.0,0
M034,617,2026-06-26 17:00:00,0.0,0
M034,618,2026-06-26 18:00:00,0.005453552157067957,0
M034,619,2026-06-26 19:00:00,0.0,0
M034,620,2026-06-26 20:00:00,0.0,0
M034,621,2026-06-26 21:00:00,0.0,0
M034,622,2026-06-26 22:00:00,0.0,0
M034,623,2026-06-26 23:00:00,0.0,0
M034,624,2026-06-27 00:00:00,0.0,0
M034,625,2026-06-27 01:00:00,0.0,0
M034,626,2026-06-27 02:00:00,0.0,0
M034,627,2026-06-27 03:00:00,0.0,0
M034,628,2026-06-27 04:00:00,0.0,0
M034,629,2026-06-27 05:00:00,0.0,0
M034,630,2026-06-27 06:00:00,0.0,0
M034,631,2026-06-27 07:00:00,0.0,0
M034,632,2026-06-27 08:00:00,0.0,0
M034,633,2026-06-27 09:00:00,0.0,0
M034,634,2026-06-27 10:00:00,0.0,0
M034,635,2026-06-27 11:00:00,0.0,0
M034,636,2026-06-27 12:00:00,0.0,0
M034,637,2026-06-27 13:00:00,0.0,0
M034,638,2026-06-27 14:00:00,0.0,0
M034,639,2026-06-27 15:00:00,0.0,0
M034,640,2026-06-27 16:00:00,0.0028794405943684833,0
M034,641,2026-06-27 17:00:00,0.0028794405943684833,0
M034,642,2026-06-27 18:00:00,0.0,0
M034,643,2026-06-27 19:00:00,0.0,0
M034,644,2026-06-27 20:00:00,0.0,0
M034,645,2026-06-27 21:00:00,0.0,0
M034,646,2026-06-27 22:00:00,0.0,0
M034,647,2026-06-27 23:00:00,0.0,0
M034,648,2026-06-28 00:00:00,0.0,0
M034,649,2026-06-28 01:00:00,0.0,0
M034,650,2026-06-28 02:00:00,0.0,0
M034,651,2026-06-28 03:00:00,0.0,0
M034,652,2026-06-28 04:00:00,0.0,0
M034,653,2026-06-28 05:00:00,0.0,0
M034,654,2026-06-28 06:00:00,0.0,0
M034,655,2026-06-28 07:00:00,0.0,0
M034,656,2026-06-28 08:00:00,0.0,0
M034,657,2026-06-28 09:00:00,0.0,0
M034,658,2026-06-28 10:00:00,0.0,0
M034,659,2026-06-28 11:00:00,0.0,0
M034,660,2026-06-28 12:00:00,0.0,0
M034,661,2026-06-28 13:00:00,0.0,0
M034,662,2026-06-28 14:00:00,0.0,0
M034,663,2026-06-28 15:00:00,0.0,0
M034,664,2026-06-28 16:00:00,0.0,0
M034,665,2026-06-28 17:00:00,0.0030217538347406775,0
M034,666,2026-06-28 18:00:00,0.0,0
M034,667,2026-06-28 19:00:00,0.0,0
M034,668,2026-06-28 20:00:00,0.0,0
M034,669,2026-06-28 21:00:00,0.0,0
M034,670,2026-06-28 22:00:00,0.0,0
M034,671,2026-06-28 23:00:00,0.008475305991808634,0
M034,672,2026-06-29 00:00:00,0.006540462863169118,0
M034,673,2026-06-29 01:00:00,0.0,0
M034,674,2026-06-29 02:00:00,0.0,0
M034,675,2026-06-29 03:00:00,0.0,0
M034,676,2026-06-29 04:00:00,0.0,0
M034,677,2026-06-29 05:00:00,0.0,0
M034,678,2026-06-29 06:00:00,0.0,0
M034,679,2026-06-29 07:00:00,0.0,0
M034,680,2026-06-29 08:00:00,0.0,0
M034,681,2026-06-29 09:00:00,0.0028794405943684833,0
M034,682,2026-06-29 10:00:00,0.0,0
M034,683,2026-06-29 11:00:00,0.00277811160517566,0
M034,684,2026-06-29 12:00:00,0.0,0
M034,685,2026-06-29 13:00:00,0.0,0
M034,686,2026-06-29 14:00:00,0.0,0
M034,687,2026-06-29 15:00:00,0.00277811160517566,0
M034,688,2026-06-29 16:00:00,0.0,0
M034,689,2026-06-29 17:00:00,0.0,0
M034,690,2026-06-29 18:00:00,0.0,0
M034,691,2026-06-29 19:00:00,0.0,0
M034,692,2026-06-29 20:00:00,0.0,0
M034,693,2026-06-29 21:00:00,0.0,0
M034,694,2026-06-29 22:00:00,0.010466252076298452,0
M034,695,2026-06-29 23:00:00,0.0025185914260717414,0
M034,696,2026-06-30 00:00:00,0.005274396580012873,0
M034,697,2026-06-30 01:00:00,0.007949543539635114,0
M034,698,2026-06-30 02:00:00,0.005274396580012873,0
M034,699,2026-06-30 03:00:00,0.005193738385693983,0
M034,700,2026-06-30 04:00:00,0.0,0
M034,701,2026-06-30 05:00:00,0.0,0
M034,702,2026-06-30 06:00:00,0.0,0
M034,703,2026-06-30 07:00:00,0.0,0
M034,704,2026-06-30 08:00:00,0.0,0
M034,705,2026-06-30 09:00:00,0.0,0
M034,706,2026-06-30 10:00:00,0.0,0
M034,707,2026-06-30 11:00:00,0.0,0
M034,708,2026-06-30 12:00:00,0.0,0
M034,709,2026-06-30 13:00:00,0.0,0
M034,710,2026-06-30 14:00:00,0.0,0
M034,711,2026-06-30 15:00:00,0.0,0
M034,712,2026-06-30 16:00:00,0.0,0
M034,713,2026-06-30 17:00:00,0.0,0
M034,714,2026-06-30 18:00:00,0.0,0
M034,715,2026-06-30 19:00:00,0.0,0
M034,716,2026-06-30 20:00:00,0.0,0
M034,717,2026-06-30 21:00:00,0.0,0
M034,718,2026-06-30 22:00:00,0.0,0
M034,719,2026-06-30 23:00:00,0.0,0
M035,23,2026-06-01 23:00:00,0.0,0
M035,24,2026-06-02 00:00:00,0.0,0
M035,25,2026-06-02 01:00:00,0.0,0
M035,26,2026-06-02 02:00:00,0.0,0
M035,27,2026-06-02 03:00:00,0.0,0
M035,28,2026-06-02 04:00:00,0.0,0
M035,29,2026-06-02 05:00:00,0.0,0
M035,30,2026-06-02 06:00:00,0.0,0
M035,31,2026-06-02 07:00:00,0.0,0
M035,32,2026-06-02 08:00:00,0.0,0
M035,33,2026-06-02 09:00:00,0.0,0
M035,34,2026-06-02 10:00:00,0.0,0
M035,35,2026-06-02 11:00:00,0.0,0
M035,36,2026-06-02 12:00:00,0.0,0
M035,37,2026-06-02 13:00:00,0.0,0
M035,38,2026-06-02 14:00:00,0.0,0
M035,39,2026-06-02 15:00:00,0.0,0
M035,40,2026-06-02 16:00:00,0.0,0
M035,41,2026-06-02 17:00:00,0.0,0
M035,42,2026-06-02 18:00:00,0.0,0
M035,43,2026-06-02 19:00:00,0.0,0
M035,44,2026-06-02 20:00:00,0.0,0
M035,45,2026-06-02 21:00:00,0.0,0
M035,46,2026-06-02 22:00:00,0.0,0
M035,47,2026-06-02 23:00:00,0.0,0
M035,48,2026-06-03 00:00:00,0.0,0
M035,49,2026-06-03 01:00:00,0.0,0
M035,50,2026-06-03 02:00:00,0.0,0
M035,51,2026-06-03 03:00:00,0.0,0
M035,52,2026-06-03 04:00:00,0.0,0
M035,53,2026-06-03 05:00:00,0.0,0
M035,54,2026-06-03 06:00:00,0.0,0
M035,55,2026-06-03 07:00:00,0.0,0
M035,56,2026-06-03 08:00:00,0.0,0
M035,57,2026-06-03 09:00:00,0.0,0
M035,58,2026-06-03 10:00:00,0.0,0
M035,59,2026-06-03 11:00:00,0.0,0
M035,60,2026-06-03 12:00:00,0.0,0
M035,61,2026-06-03 13:00:00,0.0,0
M035,62,2026-06-03 14:00:00,0.0,0
M035,63,2026-06-03 15:00:00,0.0,0
M035,64,2026-06-03 16:00:00,0.0,0
M035,65,2026-06-03 17:00:00,0.0,0
M035,66,2026-06-03 18:00:00,0.0,0
M035,67,2026-06-03 19:00:00,0.0,0
M035,68,2026-06-03 20:00:00,0.0,0
M035,69,2026-06-03 21:00:00,0.0,0
M035,70,2026-06-03 22:00:00,0.0,0
M035,71,2026-06-03 23:00:00,0.0,0
M035,72,2026-06-04 00:00:00,0.0,0
M035,73,2026-06-04 01:00:00,0.0,0
M035,74,2026-06-04 02:00:00,0.0,0
M035,75,2026-06-04 03:00:00,0.0,0
M035,76,2026-06-04 04:00:00,0.0,0
M035,77,2026-06-04 05:00:00,0.0,0
M035,78,2026-06-04 06:00:00,0.0,0
M035,79,2026-06-04 07:00:00,0.0,0
M035,80,2026-06-04 08:00:00,0.0,0
M035,81,2026-06-04 09:00:00,0.0,0
M035,82,2026-06-04 10:00:00,0.0,0
M035,83,2026-06-04 11:00:00,0.0,0
M035,84,2026-06-04 12:00:00,0.0,0
M035,85,2026-06-04 13:00:00,0.0,0
M035,86,2026-06-04 14:00:00,0.0,0
M035,87,2026-06-04 15:00:00,0.0,0
M035,88,2026-06-04 16:00:00,0.0,0
M035,89,2026-06-04 17:00:00,0.0,0
M035,90,2026-06-04 18:00:00,0.0,0
M035,91,2026-06-04 19:00:00,0.0,0
M035,92,2026-06-04 20:00:00,0.0,0
M035,93,2026-06-04 21:00:00,0.0,0
M035,94,2026-06-04 22:00:00,0.0,0
M035,95,2026-06-04 23:00:00,0.0,0
M035,96,2026-06-05 00:00:00,0.0,0
M035,97,2026-06-05 01:00:00,0.0,0
M035,98,2026-06-05 02:00:00,0.0,0
M035,99,2026-06-05 03:00:00,0.0,0
M035,100,2026-06-05 04:00:00,0.0,0
M035,101,2026-06-05 05:00:00,0.0,0
M035,102,2026-06-05 06:00:00,0.0,0
M035,103,2026-06-05 07:00:00,0.0,0
M035,104,2026-06-05 08:00:00,0.0,0
M035,105,2026-06-05 09:00:00,0.0,0
M035,106,2026-06-05 10:00:00,0.0,0
M035,107,2026-06-05 11:00:00,0.0,0
M035,108,2026-06-05 12:00:00,0.0,0
M035,109,2026-06-05 13:00:00,0.0,0
M035,110,2026-06-05 14:00:00,0.0,0
M035,111,2026-06-05 15:00:00,0.0,0
M035,112,2026-06-05 16:00:00,0.0,0
M035,113,2026-06-05 17:00:00,0.0,0
M035,114,2026-06-05 18:00:00,0.0,0
M035,115,2026-06-05 19:00:00,0.0,0
M035,116,2026-06-05 20:00:00,0.0,0
M035,117,2026-06-05 21:00:00,0.0,0
M035,118,2026-06-05 22:00:00,0.0,0
M035,119,2026-06-05 23:00:00,0.0,0
M035,120,2026-06-06 00:00:00,0.0,0
M035,121,2026-06-06 01:00:00,0.0,0
M035,122,2026-06-06 02:00:00,0.0,0
M035,123,2026-06-06 03:00:00,0.0,0
M035,124,2026-06-06 04:00:00,0.0,0
M035,125,2026-06-06 05:00:00,0.0,0
M035,126,2026-06-06 06:00:00,0.0,0
M035,127,2026-06-06 07:00:00,0.0,0
M035,128,2026-06-06 08:00:00,0.0,0
M035,129,2026-06-06 09:00:00,0.0,0
M035,130,2026-06-06 10:00:00,0.0,0
M035,131,2026-06-06 11:00:00,0.0,0
M035,132,2026-06-06 12:00:00,0.0,0
M035,133,2026-06-06 13:00:00,0.0,0
M035,134,2026-06-06 14:00:00,0.0,0
M035,135,2026-06-06 15:00:00,0.0,0
M035,136,2026-06-06 16:00:00,0.0,0
M035,137,2026-06-06 17:00:00,0.0,0
M035,138,2026-06-06 18:00:00,0.0,0
M035,139,2026-06-06 19:00:00,0.0,0
M035,140,2026-06-06 20:00:00,0.0,0
M035,141,2026-06-06 21:00:00,0.0,0
M035,142,2026-06-06 22:00:00,0.0,0
M035,143,2026-06-06 23:00:00,0.0,0
M035,144,2026-06-07 00:00:00,0.0,0
M035,145,2026-06-07 01:00:00,0.0,0
M035,146,2026-06-07 02:00:00,0.0,0
M035,147,2026-06-07 03:00:00,0.0,0
M035,148,2026-06-07 04:00:00,0.0,0
M035,149,2026-06-07 05:00:00,0.0,0
M035,150,2026-06-07 06:00:00,0.0,0
M035,151,2026-06-07 07:00:00,0.0,0
M035,152,2026-06-07 08:00:00,0.0,0
M035,153,2026-06-07 09:00:00,0.0,0
M035,154,2026-06-07 10:00:00,0.0,0
M035,155,2026-06-07 11:00:00,0.0,0
M035,156,2026-06-07 12:00:00,0.0,0
M035,157,2026-06-07 13:00:00,0.0,0
M035,158,2026-06-07 14:00:00,0.0,0
M035,159,2026-06-07 15:00:00,0.0,0
M035,160,2026-06-07 16:00:00,0.0,0
M035,161,2026-06-07 17:00:00,0.0,0
M035,162,2026-06-07 18:00:00,0.0,0
M035,163,2026-06-07 19:00:00,0.0,0
M035,164,2026-06-07 20:00:00,0.0,0
M035,165,2026-06-07 21:00:00,0.0,0
M035,166,2026-06-07 22:00:00,0.0,0
M035,167,2026-06-07 23:00:00,0.0,0
M035,168,2026-06-08 00:00:00,0.0,0
M035,169,2026-06-08 01:00:00,0.0,0
M035,170,2026-06-08 02:00:00,0.0,0
M035,171,2026-06-08 03:00:00,0.0,0
M035,172,2026-06-08 04:00:00,0.0,0
M035,173,2026-06-08 05:00:00,0.0,0
M035,174,2026-06-08 06:00:00,0.0,0
M035,175,2026-06-08 07:00:00,0.0,0
M035,176,2026-06-08 08:00:00,0.0,0
M035,177,2026-06-08 09:00:00,0.0,0
M035,178,2026-06-08 10:00:00,0.0,0
M035,179,2026-06-08 11:00:00,0.0,0
M035,180,2026-06-08 12:00:00,0.0,0
M035,181,2026-06-08 13:00:00,0.0,0
M035,182,2026-06-08 14:00:00,0.0,0
M035,183,2026-06-08 15:00:00,0.0,0
M035,184,2026-06-08 16:00:00,0.0,0
M035,185,2026-06-08 17:00:00,0.0,0
M035,186,2026-06-08 18:00:00,0.0,0
M035,187,2026-06-08 19:00:00,0.0,0
M035,188,2026-06-08 20:00:00,0.0,0
M035,189,2026-06-08 21:00:00,0.0,0
M035,190,2026-06-08 22:00:00,0.0,0
M035,191,2026-06-08 23:00:00,0.0,0
M035,192,2026-06-09 00:00:00,0.0,0
M035,193,2026-06-09 01:00:00,0.0,0
M035,194,2026-06-09 02:00:00,0.0,0
M035,195,2026-06-09 03:00:00,0.0,0
M035,196,2026-06-09 04:00:00,0.0,0
M035,197,2026-06-09 05:00:00,0.0,0
M035,198,2026-06-09 06:00:00,0.0,0
M035,199,2026-06-09 07:00:00,0.0,0
M035,200,2026-06-09 08:00:00,0.0,0
M035,201,2026-06-09 09:00:00,0.0,0
M035,202,2026-06-09 10:00:00,0.0,0
M035,203,2026-06-09 11:00:00,0.0,0
M035,204,2026-06-09 12:00:00,0.0,0
M035,205,2026-06-09 13:00:00,0.0,0
M035,206,2026-06-09 14:00:00,0.0,0
M035,207,2026-06-09 15:00:00,0.0,0
M035,208,2026-06-09 16:00:00,0.0,0
M035,209,2026-06-09 17:00:00,0.0,0
M035,210,2026-06-09 18:00:00,0.0,0
M035,211,2026-06-09 19:00:00,0.0,0
M035,212,2026-06-09 20:00:00,0.0,0
M035,213,2026-06-09 21:00:00,0.0,0
M035,214,2026-06-09 22:00:00,0.0,0
M035,215,2026-06-09 23:00:00,0.0,0
M035,216,2026-06-10 00:00:00,0.0,0
M035,217,2026-06-10 01:00:00,0.0,0
M035,218,2026-06-10 02:00:00,0.0,0
M035,219,2026-06-10 03:00:00,0.0,0
M035,220,2026-06-10 04:00:00,0.0,0
M035,221,2026-06-10 05:00:00,0.0,0
M035,222,2026-06-10 06:00:00,0.0,0
M035,223,2026-06-10 07:00:00,0.0,0
M035,224,2026-06-10 08:00:00,0.0,0
M035,225,2026-06-10 09:00:00,0.0,0
M035,226,2026-06-10 10:00:00,0.0,0
M035,227,2026-06-10 11:00:00,0.0,0
M035,228,2026-06-10 12:00:00,0.0,0
M035,229,2026-06-10 13:00:00,0.0,0
M035,230,2026-06-10 14:00:00,0.0,0
M035,231,2026-06-10 15:00:00,0.0,0
M035,232,2026-06-10 16:00:00,0.0,0
M035,233,2026-06-10 17:00:00,0.0,0
M035,234,2026-06-10 18:00:00,0.0,0
M035,235,2026-06-10 19:00:00,0.0,0
M035,236,2026-06-10 20:00:00,0.0,0
M035,237,2026-06-10 21:00:00,0.0,0
M035,238,2026-06-10 22:00:00,0.0,0
M035,239,2026-06-10 23:00:00,0.0,0
M035,240,2026-06-11 00:00:00,0.0,0
M035,241,2026-06-11 01:00:00,0.0,0
M035,242,2026-06-11 02:00:00,0.0,0
M035,243,2026-06-11 03:00:00,0.0,0
M035,244,2026-06-11 04:00:00,0.0,0
M035,245,2026-06-11 05:00:00,0.0,0
M035,246,2026-06-11 06:00:00,0.0,0
M035,247,2026-06-11 07:00:00,0.0,0
M035,248,2026-06-11 08:00:00,0.0,0
M035,249,2026-06-11 09:00:00,0.0,0
M035,250,2026-06-11 10:00:00,0.0,0
M035,251,2026-06-11 11:00:00,0.0,0
M035,252,2026-06-11 12:00:00,0.0,0
M035,253,2026-06-11 13:00:00,0.0,0
M035,254,2026-06-11 14:00:00,0.0,0
M035,255,2026-06-11 15:00:00,0.0,0
M035,256,2026-06-11 16:00:00,0.0,0
M035,257,2026-06-11 17:00:00,0.0,0
M035,258,2026-06-11 18:00:00,0.0,0
M035,259,2026-06-11 19:00:00,0.0,0
M035,260,2026-06-11 20:00:00,0.0,0
M035,261,2026-06-11 21:00:00,0.0,0
M035,262,2026-06-11 22:00:00,0.0,0
M035,263,2026-06-11 23:00:00,0.0,0
M035,264,2026-06-12 00:00:00,0.0,0
M035,265,2026-06-12 01:00:00,0.0,0
M035,266,2026-06-12 02:00:00,0.0,0
M035,267,2026-06-12 03:00:00,0.0,0
M035,268,2026-06-12 04:00:00,0.0,0
M035,269,2026-06-12 05:00:00,0.0,0
M035,270,2026-06-12 06:00:00,0.0,0
M035,271,2026-06-12 07:00:00,0.0,0
M035,272,2026-06-12 08:00:00,0.0,0
M035,273,2026-06-12 09:00:00,0.0,0
M035,274,2026-06-12 10:00:00,0.0,0
M035,275,2026-06-12 11:00:00,0.0,0
M035,276,2026-06-12 12:00:00,0.0,0
M035,277,2026-06-12 13:00:00,0.0,0
M035,278,2026-06-12 14:00:00,0.0,0
M035,279,2026-06-12 15:00:00,0.0,0
M035,280,2026-06-12 16:00:00,0.0,0
M035,281,2026-06-12 17:00:00,0.0,0
M035,282,2026-06-12 18:00:00,0.0,0
M035,283,2026-06-12 19:00:00,0.0,0
M035,284,2026-06-12 20:00:00,0.0,0
M035,285,2026-06-12 21:00:00,0.0,0
M035,286,2026-06-12 22:00:00,0.0,0
M035,287,2026-06-12 23:00:00,0.0,0
M035,288,2026-06-13 00:00:00,0.0,0
M035,289,2026-06-13 01:00:00,0.0,0
M035,290,2026-06-13 02:00:00,0.0,0
M035,291,2026-06-13 03:00:00,0.0,0
M035,292,2026-06-13 04:00:00,0.0,0
M035,293,2026-06-13 05:00:00,0.0,0
M035,294,2026-06-13 06:00:00,0.0,0
M035,295,2026-06-13 07:00:00,0.0,0
M035,296,2026-06-13 08:00:00,0.0,0
M035,297,2026-06-13 09:00:00,0.0,0
M035,298,2026-06-13 10:00:00,0.0,0
M035,299,2026-06-13 11:00:00,0.0,0
M035,300,2026-06-13 12:00:00,0.0,0
M035,301,2026-06-13 13:00:00,0.0,0
M035,302,2026-06-13 14:00:00,0.0,0
M035,303,2026-06-13 15:00:00,0.0,0
M035,304,2026-06-13 16:00:00,0.0,0
M035,305,2026-06-13 17:00:00,0.0,0
M035,306,2026-06-13 18:00:00,0.0,0
M035,307,2026-06-13 19:00:00,0.0,0
M035,308,2026-06-13 20:00:00,0.0,0
M035,309,2026-06-13 21:00:00,0.0,0
M035,310,2026-06-13 22:00:00,0.0,0
M035,311,2026-06-13 23:00:00,0.0,0
M035,312,2026-06-14 00:00:00,0.0,0
M035,313,2026-06-14 01:00:00,0.0,0
M035,314,2026-06-14 02:00:00,0.0,0
M035,315,2026-06-14 03:00:00,0.0,0
M035,316,2026-06-14 04:00:00,0.0,0
M035,317,2026-06-14 05:00:00,0.0,0
M035,318,2026-06-14 06:00:00,0.0,0
M035,319,2026-06-14 07:00:00,0.0,0
M035,320,2026-06-14 08:00:00,0.0,0
M035,321,2026-06-14 09:00:00,0.0,0
M035,322,2026-06-14 10:00:00,0.0,0
M035,323,2026-06-14 11:00:00,0.0,0
M035,324,2026-06-14 12:00:00,0.0,0
M035,325,2026-06-14 13:00:00,0.0,0
M035,326,2026-06-14 14:00:00,0.0,0
M035,327,2026-06-14 15:00:00,0.0,0
M035,328,2026-06-14 16:00:00,0.0,0
M035,329,2026-06-14 17:00:00,0.0,0
M035,330,2026-06-14 18:00:00,0.0,0
M035,331,2026-06-14 19:00:00,0.0,0
M035,332,2026-06-14 20:00:00,0.0,0
M035,333,2026-06-14 21:00:00,0.0,0
M035,334,2026-06-14 22:00:00,0.0,0
M035,335,2026-06-14 23:00:00,0.0,0
M035,336,2026-06-15 00:00:00,0.0,0
M035,337,2026-06-15 01:00:00,0.0,0
M035,338,2026-06-15 02:00:00,0.0,0
M035,339,2026-06-15 03:00:00,0.0,0
M035,340,2026-06-15 04:00:00,0.0,0
M035,341,2026-06-15 05:00:00,0.0,0
M035,342,2026-06-15 06:00:00,0.0,0
M035,343,2026-06-15 07:00:00,0.0,0
M035,344,2026-06-15 08:00:00,0.0,0
M035,345,2026-06-15 09:00:00,0.0,0
M035,346,2026-06-15 10:00:00,0.0,0
M035,347,2026-06-15 11:00:00,0.0,0
M035,348,2026-06-15 12:00:00,0.0,0
M035,349,2026-06-15 13:00:00,0.0,0
M035,350,2026-06-15 14:00:00,0.0,0
M035,351,2026-06-15 15:00:00,0.0,0
M035,352,2026-06-15 16:00:00,0.0,0
M035,353,2026-06-15 17:00:00,0.0,0
M035,354,2026-06-15 18:00:00,0.0,0
M035,355,2026-06-15 19:00:00,0.0,0
M035,356,2026-06-15 20:00:00,0.0,0
M035,357,2026-06-15 21:00:00,0.0,0
M035,358,2026-06-15 22:00:00,0.0,0
M035,359,2026-06-15 23:00:00,0.0,0
M035,360,2026-06-16 00:00:00,0.0,0
M035,361,2026-06-16 01:00:00,0.0,0
M035,362,2026-06-16 02:00:00,0.0,0
M035,363,2026-06-16 03:00:00,0.0,0
M035,364,2026-06-16 04:00:00,0.0,0
M035,365,2026-06-16 05:00:00,0.0,0
M035,366,2026-06-16 06:00:00,0.0,0
M035,367,2026-06-16 07:00:00,0.0,0
M035,368,2026-06-16 08:00:00,0.0,0
M035,369,2026-06-16 09:00:00,0.0,0
M035,370,2026-06-16 10:00:00,0.0,0
M035,371,2026-06-16 11:00:00,0.0,0
M035,372,2026-06-16 12:00:00,0.0,0
M035,373,2026-06-16 13:00:00,0.0,0
M035,374,2026-06-16 14:00:00,0.0,0
M035,375,2026-06-16 15:00:00,0.0,0
M035,376,2026-06-16 16:00:00,0.0,0
M035,377,2026-06-16 17:00:00,0.0,0
M035,378,2026-06-16 18:00:00,0.0,0
M035,379,2026-06-16 19:00:00,0.0,0
M035,380,2026-06-16 20:00:00,0.0,0
M035,381,2026-06-16 21:00:00,0.0,0
M035,382,2026-06-16 22:00:00,0.0,0
M035,383,2026-06-16 23:00:00,0.0,0
M035,384,2026-06-17 00:00:00,0.0,0
M035,385,2026-06-17 01:00:00,0.00809972835218618,0
M035,386,2026-06-17 02:00:00,0.0,0
M035,387,2026-06-17 03:00:00,0.0,0
M035,388,2026-06-17 04:00:00,0.0,0
M035,389,2026-06-17 05:00:00,0.0,0
M035,390,2026-06-17 06:00:00,0.0,0
M035,391,2026-06-17 07:00:00,0.0,0
M035,392,2026-06-17 08:00:00,0.0,0
M035,393,2026-06-17 09:00:00,0.0,0
M035,394,2026-06-17 10:00:00,0.0,0
M035,395,2026-06-17 11:00:00,0.0,0
M035,396,2026-06-17 12:00:00,0.0,0
M035,397,2026-06-17 13:00:00,0.0,0
M035,398,2026-06-17 14:00:00,0.003177001075785667,0
M035,399,2026-06-17 15:00:00,0.0,0
M035,400,2026-06-17 16:00:00,0.0,0
M035,401,2026-06-17 17:00:00,0.0,0
M035,402,2026-06-17 18:00:00,0.0,0
M035,403,2026-06-17 19:00:00,0.0,0
M035,404,2026-06-17 20:00:00,0.0,0
M035,405,2026-06-17 21:00:00,0.0,0
M035,406,2026-06-17 22:00:00,0.0,0
M035,407,2026-06-17 23:00:00,0.0,0
M035,408,2026-06-18 00:00:00,0.0,0
M035,409,2026-06-18 01:00:00,0.0,0
M035,410,2026-06-18 02:00:00,0.0,0
M035,411,2026-06-18 03:00:00,0.0,0
M035,412,2026-06-18 04:00:00,0.0,0
M035,413,2026-06-18 05:00:00,0.0,0
M035,414,2026-06-18 06:00:00,0.0,0
M035,415,2026-06-18 07:00:00,0.0,0
M035,416,2026-06-18 08:00:00,0.0,0
M035,417,2026-06-18 09:00:00,0.0,0
M035,418,2026-06-18 10:00:00,0.0,0
M035,419,2026-06-18 11:00:00,0.0,0
M035,420,2026-06-18 12:00:00,0.0,0
M035,421,2026-06-18 13:00:00,0.0,0
M035,422,2026-06-18 14:00:00,0.0,0
M035,423,2026-06-18 15:00:00,0.0,0
M035,424,2026-06-18 16:00:00,0.0,0
M035,425,2026-06-18 17:00:00,0.0,0
M035,426,2026-06-18 18:00:00,0.0,0
M035,427,2026-06-18 19:00:00,0.0,0
M035,428,2026-06-18 20:00:00,0.0,0
M035,429,2026-06-18 21:00:00,0.0,0
M035,430,2026-06-18 22:00:00,0.0,0
M035,431,2026-06-18 23:00:00,0.0,0
M035,432,2026-06-19 00:00:00,0.0,0
M035,433,2026-06-19 01:00:00,0.0,0
M035,434,2026-06-19 02:00:00,0.0,0
M035,435,2026-06-19 03:00:00,0.0,0
M035,436,2026-06-19 04:00:00,0.0,0
M035,437,2026-06-19 05:00:00,0.0,0
M035,438,2026-06-19 06:00:00,0.0,0
M035,439,2026-06-19 07:00:00,0.0,0
M035,440,2026-06-19 08:00:00,0.0,0
M035,441,2026-06-19 09:00:00,0.0,0
M035,442,2026-06-19 10:00:00,0.0,0
M035,443,2026-06-19 11:00:00,0.0,0
M035,444,2026-06-19 12:00:00,0.0,0
M035,445,2026-06-19 13:00:00,0.0,0
M035,446,2026-06-19 14:00:00,0.0,0
M035,447,2026-06-19 15:00:00,0.0,0
M035,448,2026-06-19 16:00:00,0.0,0
M035,449,2026-06-19 17:00:00,0.0,0
M035,450,2026-06-19 18:00:00,0.0,0
M035,451,2026-06-19 19:00:00,0.0,0
M035,452,2026-06-19 20:00:00,0.0,0
M035,453,2026-06-19 21:00:00,0.0,0
M035,454,2026-06-19 22:00:00,0.0,0
M035,455,2026-06-19 23:00:00,0.0,0
M035,456,2026-06-20 00:00:00,0.0,0
M035,457,2026-06-20 01:00:00,0.0,0
M035,458,2026-06-20 02:00:00,0.0,0
M035,459,2026-06-20 03:00:00,0.0,0
M035,460,2026-06-20 04:00:00,0.0,0
M035,461,2026-06-20 05:00:00,0.0,0
M035,462,2026-06-20 06:00:00,0.0,0
M035,463,2026-06-20 07:00:00,0.0,0
M035,464,2026-06-20 08:00:00,0.0,0
M035,465,2026-06-20 09:00:00,0.0,0
M035,466,2026-06-20 10:00:00,0.0,0
M035,467,2026-06-20 11:00:00,0.0,0
M035,468,2026-06-20 12:00:00,0.0,0
M035,469,2026-06-20 13:00:00,0.0,0
M035,470,2026-06-20 14:00:00,0.0,0
M035,471,2026-06-20 15:00:00,0.0,0
M035,472,2026-06-20 16:00:00,0.0,0
M035,473,2026-06-20 17:00:00,0.0,0
M035,474,2026-06-20 18:00:00,0.0,0
M035,475,2026-06-20 19:00:00,0.0,0
M035,476,2026-06-20 20:00:00,0.0,0
M035,477,2026-06-20 21:00:00,0.0,0
M035,478,2026-06-20 22:00:00,0.0,0
M035,479,2026-06-20 23:00:00,0.0,0
M035,480,2026-06-21 00:00:00,0.0,0
M035,481,2026-06-21 01:00:00,0.0,0
M035,482,2026-06-21 02:00:00,0.0,0
M035,483,2026-06-21 03:00:00,0.0,0
M035,484,2026-06-21 04:00:00,0.0,0
M035,485,2026-06-21 05:00:00,0.0,0
M035,486,2026-06-21 06:00:00,0.0,0
M035,487,2026-06-21 07:00:00,0.0,0
M035,488,2026-06-21 08:00:00,0.0,0
M035,489,2026-06-21 09:00:00,0.0,0
M035,490,2026-06-21 10:00:00,0.0,0
M035,491,2026-06-21 11:00:00,0.0,0
M035,492,2026-06-21 12:00:00,0.0,0
M035,493,2026-06-21 13:00:00,0.0,0
M035,494,2026-06-21 14:00:00,0.0,0
M035,495,2026-06-21 15:00:00,0.0,0
M035,496,2026-06-21 16:00:00,0.0,0
M035,497,2026-06-21 17:00:00,0.0,0
M035,498,2026-06-21 18:00:00,0.0,0
M035,499,2026-06-21 19:00:00,0.0,0
M035,500,2026-06-21 20:00:00,0.0,0
M035,501,2026-06-21 21:00:00,0.0,0
M035,502,2026-06-21 22:00:00,0.0,0
M035,503,2026-06-21 23:00:00,0.0,0
M035,504,2026-06-22 00:00:00,0.0,0
M035,505,2026-06-22 01:00:00,0.0,0
M035,506,2026-06-22 02:00:00,0.0,0
M035,507,2026-06-22 03:00:00,0.0,0
M035,508,2026-06-22 04:00:00,0.0,0
M035,509,2026-06-22 05:00:00,0.0,0
M035,510,2026-06-22 06:00:00,0.0,0
M035,511,2026-06-22 07:00:00,0.0,0
M035,512,2026-06-22 08:00:00,0.0,0
M035,513,2026-06-22 09:00:00,0.0,0
M035,514,2026-06-22 10:00:00,0.0,0
M035,515,2026-06-22 11:00:00,0.0,0
M035,516,2026-06-22 12:00:00,0.0,0
M035,517,2026-06-22 13:00:00,0.002655779809479999,0
M035,518,2026-06-22 14:00:00,0.0,0
M035,519,2026-06-22 15:00:00,0.0,0
M035,520,2026-06-22 16:00:00,0.0,0
M035,521,2026-06-22 17:00:00,0.0,0
M035,522,2026-06-22 18:00:00,0.0,0
M035,523,2026-06-22 19:00:00,0.0,0
M035,524,2026-06-22 20:00:00,0.0,0
M035,525,2026-06-22 21:00:00,0.0,0
M035,526,2026-06-22 22:00:00,0.0,0
M035,527,2026-06-22 23:00:00,0.0,0
M035,528,2026-06-23 00:00:00,0.0,0
M035,529,2026-06-23 01:00:00,0.005453552157067957,0
M035,530,2026-06-23 02:00:00,0.0,0
M035,531,2026-06-23 03:00:00,0.0,0
M035,532,2026-06-23 04:00:00,0.0,0
M035,533,2026-06-23 05:00:00,0.0,0
M035,534,2026-06-23 06:00:00,0.0,0
M035,535,2026-06-23 07:00:00,0.0,0
M035,536,2026-06-23 08:00:00,0.0,0
M035,537,2026-06-23 09:00:00,0.003105519208186546,0
M035,538,2026-06-23 10:00:00,0.003105519208186546,0
M035,539,2026-06-23 11:00:00,0.0,0
M035,540,2026-06-23 12:00:00,0.0,0
M035,541,2026-06-23 13:00:00,0.0,0
M035,542,2026-06-23 14:00:00,0.0,0
M035,543,2026-06-23 15:00:00,0.0,0
M035,544,2026-06-23 16:00:00,0.0,0
M035,545,2026-06-23 17:00:00,0.0,0
M035,546,2026-06-23 18:00:00,0.0,0
M035,547,2026-06-23 19:00:00,0.0,0
M035,548,2026-06-23 20:00:00,0.0,0
M035,549,2026-06-23 21:00:00,0.0,0
M035,550,2026-06-23 22:00:00,0.0,0
M035,551,2026-06-23 23:00:00,0.0,0
M035,552,2026-06-24 00:00:00,0.0,0
M035,553,2026-06-24 01:00:00,0.0,0
M035,554,2026-06-24 02:00:00,0.0,0
M035,555,2026-06-24 03:00:00,0.0,0
M035,556,2026-06-24 04:00:00,0.0,0
M035,557,2026-06-24 05:00:00,0.0,0
M035,558,2026-06-24 06:00:00,0.0,0
M035,559,2026-06-24 07:00:00,0.0,0
M035,560,2026-06-24 08:00:00,0.0,0
M035,561,2026-06-24 09:00:00,0.0,0
M035,562,2026-06-24 10:00:00,0.0,0
M035,563,2026-06-24 11:00:00,0.0,0
M035,564,2026-06-24 12:00:00,0.0,0
M035,565,2026-06-24 13:00:00,0.0,0
M035,566,2026-06-24 14:00:00,0.0,0
M035,567,2026-06-24 15:00:00,0.0,0
M035,568,2026-06-24 16:00:00,0.0,0
M035,569,2026-06-24 17:00:00,0.0,0
M035,570,2026-06-24 18:00:00,0.0,0
M035,571,2026-06-24 19:00:00,0.0,0
M035,572,2026-06-24 20:00:00,0.0,0
M035,573,2026-06-24 21:00:00,0.0,0
M035,574,2026-06-24 22:00:00,0.0,0
M035,575,2026-06-24 23:00:00,0.0,0
M035,576,2026-06-25 00:00:00,0.0,0
M035,577,2026-06-25 01:00:00,0.0,0
M035,578,2026-06-25 02:00:00,0.0,0
M035,579,2026-06-25 03:00:00,0.0,0
M035,580,2026-06-25 04:00:00,0.0,0
M035,581,2026-06-25 05:00:00,0.0,0
M035,582,2026-06-25 06:00:00,0.0,0
M035,583,2026-06-25 07:00:00,0.0,0
M035,584,2026-06-25 08:00:00,0.0,0
M035,585,2026-06-25 09:00:00,0.0,0
M035,586,2026-06-25 10:00:00,0.0,0
M035,587,2026-06-25 11:00:00,0.0,0
M035,588,2026-06-25 12:00:00,0.0,0
M035,589,2026-06-25 13:00:00,0.0,0
M035,590,2026-06-25 14:00:00,0.0,0
M035,591,2026-06-25 15:00:00,0.0,0
M035,592,2026-06-25 16:00:00,0.0,0
M035,593,2026-06-25 17:00:00,0.0,0
M035,594,2026-06-25 18:00:00,0.0,0
M035,595,2026-06-25 19:00:00,0.0,0
M035,596,2026-06-25 20:00:00,0.0,0
M035,597,2026-06-25 21:00:00,0.0,0
M035,598,2026-06-25 22:00:00,0.0,0
M035,599,2026-06-25 23:00:00,0.0,0
M035,600,2026-06-26 00:00:00,0.0,0
M035,601,2026-06-26 01:00:00,0.0,0
M035,602,2026-06-26 02:00:00,0.0,0
M035,603,2026-06-26 03:00:00,0.0,0
M035,604,2026-06-26 04:00:00,0.0,0
M035,605,2026-06-26 05:00:00,0.0,0
M035,606,2026-06-26 06:00:00,0.0,0
M035,607,2026-06-26 07:00:00,0.0,0
M035,608,2026-06-26 08:00:00,0.0,0
M035,609,2026-06-26 09:00:00,0.0,0
M035,610,2026-06-26 10:00:00,0.0,0
M035,611,2026-06-26 11:00:00,0.0,0
M035,612,2026-06-26 12:00:00,0.0,0
M035,613,2026-06-26 13:00:00,0.0,0
M035,614,2026-06-26 14:00:00,0.0,0
M035,615,2026-06-26 15:00:00,0.0,0
M035,616,2026-06-26 16:00:00,0.0,0
M035,617,2026-06-26 17:00:00,0.0,0
M035,618,2026-06-26 18:00:00,0.0,0
M035,619,2026-06-26 19:00:00,0.0,0
M035,620,2026-06-26 20:00:00,0.0,0
M035,621,2026-06-26 21:00:00,0.0,0
M035,622,2026-06-26 22:00:00,0.0,0
M035,623,2026-06-26 23:00:00,0.0,0
M035,624,2026-06-27 00:00:00,0.0,0
M035,625,2026-06-27 01:00:00,0.0,0
M035,626,2026-06-27 02:00:00,0.0,0
M035,627,2026-06-27 03:00:00,0.0,0
M035,628,2026-06-27 04:00:00,0.0,0
M035,629,2026-06-27 05:00:00,0.0,0
M035,630,2026-06-27 06:00:00,0.0,0
M035,631,2026-06-27 07:00:00,0.0,0
M035,632,2026-06-27 08:00:00,0.0,0
M035,633,2026-06-27 09:00:00,0.0,0
M035,634,2026-06-27 10:00:00,0.0,0
M035,635,2026-06-27 11:00:00,0.0,0
M035,636,2026-06-27 12:00:00,0.0,0
M035,637,2026-06-27 13:00:00,0.0,0
M035,638,2026-06-27 14:00:00,0.0,0
M035,639,2026-06-27 15:00:00,0.005851309055638316,0
M035,640,2026-06-27 16:00:00,0.0,0
M035,641,2026-06-27 17:00:00,0.002537866285253236,0
M035,642,2026-06-27 18:00:00,0.0,0
M035,643,2026-06-27 19:00:00,0.0,0
M035,644,2026-06-27 20:00:00,0.0,0
M035,645,2026-06-27 21:00:00,0.0,0
M035,646,2026-06-27 22:00:00,0.0,0
M035,647,2026-06-27 23:00:00,0.0,0
M035,648,2026-06-28 00:00:00,0.0,0
M035,649,2026-06-28 01:00:00,0.0,0
M035,650,2026-06-28 02:00:00,0.0,0
M035,651,2026-06-28 03:00:00,0.0,0
M035,652,2026-06-28 04:00:00,0.0,0
M035,653,2026-06-28 05:00:00,0.0,0
M035,654,2026-06-28 06:00:00,0.0,0
M035,655,2026-06-28 07:00:00,0.0,0
M035,656,2026-06-28 08:00:00,0.0,0
M035,657,2026-06-28 09:00:00,0.0,0
M035,658,2026-06-28 10:00:00,0.0,0
M035,659,2026-06-28 11:00:00,0.005604306751345112,0
M035,660,2026-06-28 12:00:00,0.0,0
M035,661,2026-06-28 13:00:00,0.0,0
M035,662,2026-06-28 14:00:00,0.0,0
M035,663,2026-06-28 15:00:00,0.0,0
M035,664,2026-06-28 16:00:00,0.0,0
M035,665,2026-06-28 17:00:00,0.0,0
M035,666,2026-06-28 18:00:00,0.0,0
M035,667,2026-06-28 19:00:00,0.0,0
M035,668,2026-06-28 20:00:00,0.0,0
M035,669,2026-06-28 21:00:00,0.0,0
M035,670,2026-06-28 22:00:00,0.002537866285253236,0
M035,671,2026-06-28 23:00:00,0.0,0
M035,672,2026-06-29 00:00:00,0.0,0
M035,673,2026-06-29 01:00:00,0.0,0
M035,674,2026-06-29 02:00:00,0.0,0
M035,675,2026-06-29 03:00:00,0.0,0
M035,676,2026-06-29 04:00:00,0.0,0
M035,677,2026-06-29 05:00:00,0.0,0
M035,678,2026-06-29 06:00:00,0.0,0
M035,679,2026-06-29 07:00:00,0.0,0
M035,680,2026-06-29 08:00:00,0.0,0
M035,681,2026-06-29 09:00:00,0.0,0
M035,682,2026-06-29 10:00:00,0.0029331959689488656,0
M035,683,2026-06-29 11:00:00,0.0029331959689488656,0
M035,684,2026-06-29 12:00:00,0.0029331959689488656,0
M035,685,2026-06-29 13:00:00,0.0029331959689488656,0
M035,686,2026-06-29 14:00:00,0.0,0
M035,687,2026-06-29 15:00:00,0.0,0
M035,688,2026-06-29 16:00:00,0.0,0
M035,689,2026-06-29 17:00:00,0.0,0
M035,690,2026-06-29 18:00:00,0.0,0
M035,691,2026-06-29 19:00:00,0.0026461761951182216,0
M035,692,2026-06-29 20:00:00,0.0,0
M035,693,2026-06-29 21:00:00,0.0,0
M035,694,2026-06-29 22:00:00,0.0,0
M035,695,2026-06-29 23:00:00,0.0,0
M035,696,2026-06-30 00:00:00,0.0,0
M035,697,2026-06-30 01:00:00,0.0,0
M035,698,2026-06-30 02:00:00,0.0,0
M035,699,2026-06-30 03:00:00,0.0,0
M035,700,2026-06-30 04:00:00,0.0,0
M035,701,2026-06-30 05:00:00,0.0,0
M035,702,2026-06-30 06:00:00,0.0,0
M035,703,2026-06-30 07:00:00,0.008537502720293978,0
M035,704,2026-06-30 08:00:00,0.0,0
M035,705,2026-06-30 09:00:00,0.0,0
M035,706,2026-06-30 10:00:00,0.0,0
M035,707,2026-06-30 11:00:00,0.006505069926068347,0
M035,708,2026-06-30 12:00:00,0.006505069926068347,0
M035,709,2026-06-30 13:00:00,0.006505069926068347,0
M035,710,2026-06-30 14:00:00,0.009438265895017213,0
M035,711,2026-06-30 15:00:00,0.006505069926068347,0
M035,712,2026-06-30 16:00:00,0.0,0
M035,713,2026-06-30 17:00:00,0.0,0
M035,714,2026-06-30 18:00:00,0.0033333333333333335,0
M035,715,2026-06-30 19:00:00,0.0,0
M035,716,2026-06-30 20:00:00,0.0,0
M035,717,2026-06-30 21:00:00,0.0,0
M035,718,2026-06-30 22:00:00,0.0,0
M035,719,2026-06-30 23:00:00,0.0,0
M036,23,2026-06-01 23:00:00,0.0,0
M036,24,2026-06-02 00:00:00,0.0,0
M036,25,2026-06-02 01:00:00,0.0,0
M036,26,2026-06-02 02:00:00,0.0,0
M036,27,2026-06-02 03:00:00,0.0,0
M036,28,2026-06-02 04:00:00,0.0,0
M036,29,2026-06-02 05:00:00,0.0,0
M036,30,2026-06-02 06:00:00,0.0,0
M036,31,2026-06-02 07:00:00,0.0,0
M036,32,2026-06-02 08:00:00,0.0,0
M036,33,2026-06-02 09:00:00,0.0,0
M036,34,2026-06-02 10:00:00,0.0,0
M036,35,2026-06-02 11:00:00,0.0,0
M036,36,2026-06-02 12:00:00,0.0,0
M036,37,2026-06-02 13:00:00,0.0,0
M036,38,2026-06-02 14:00:00,0.0,0
M036,39,2026-06-02 15:00:00,0.0,0
M036,40,2026-06-02 16:00:00,0.0,0
M036,41,2026-06-02 17:00:00,0.0,0
M036,42,2026-06-02 18:00:00,0.0,0
M036,43,2026-06-02 19:00:00,0.0,0
M036,44,2026-06-02 20:00:00,0.0,0
M036,45,2026-06-02 21:00:00,0.0,0
M036,46,2026-06-02 22:00:00,0.0,0
M036,47,2026-06-02 23:00:00,0.0,0
M036,48,2026-06-03 00:00:00,0.0,0
M036,49,2026-06-03 01:00:00,0.0,0
M036,50,2026-06-03 02:00:00,0.0,0
M036,51,2026-06-03 03:00:00,0.0,0
M036,52,2026-06-03 04:00:00,0.0,0
M036,53,2026-06-03 05:00:00,0.0,0
M036,54,2026-06-03 06:00:00,0.0,0
M036,55,2026-06-03 07:00:00,0.0,0
M036,56,2026-06-03 08:00:00,0.0,0
M036,57,2026-06-03 09:00:00,0.0,0
M036,58,2026-06-03 10:00:00,0.0,0
M036,59,2026-06-03 11:00:00,0.0,0
M036,60,2026-06-03 12:00:00,0.0,0
M036,61,2026-06-03 13:00:00,0.0,0
M036,62,2026-06-03 14:00:00,0.0,0
M036,63,2026-06-03 15:00:00,0.0,0
M036,64,2026-06-03 16:00:00,0.0,0
M036,65,2026-06-03 17:00:00,0.0,0
M036,66,2026-06-03 18:00:00,0.0,0
M036,67,2026-06-03 19:00:00,0.0,0
M036,68,2026-06-03 20:00:00,0.0,0
M036,69,2026-06-03 21:00:00,0.0,0
M036,70,2026-06-03 22:00:00,0.0,0
M036,71,2026-06-03 23:00:00,0.0,0
M036,72,2026-06-04 00:00:00,0.0,0
M036,73,2026-06-04 01:00:00,0.0,0
M036,74,2026-06-04 02:00:00,0.0,0
M036,75,2026-06-04 03:00:00,0.0,0
M036,76,2026-06-04 04:00:00,0.0,0
M036,77,2026-06-04 05:00:00,0.0,0
M036,78,2026-06-04 06:00:00,0.0,0
M036,79,2026-06-04 07:00:00,0.0,0
M036,80,2026-06-04 08:00:00,0.0,0
M036,81,2026-06-04 09:00:00,0.0,0
M036,82,2026-06-04 10:00:00,0.0,0
M036,83,2026-06-04 11:00:00,0.0,0
M036,84,2026-06-04 12:00:00,0.0,0
M036,85,2026-06-04 13:00:00,0.0,0
M036,86,2026-06-04 14:00:00,0.0,0
M036,87,2026-06-04 15:00:00,0.0,0
M036,88,2026-06-04 16:00:00,0.0,0
M036,89,2026-06-04 17:00:00,0.0,0
M036,90,2026-06-04 18:00:00,0.0,0
M036,91,2026-06-04 19:00:00,0.0029423467705041867,0
M036,92,2026-06-04 20:00:00,0.0,0
M036,93,2026-06-04 21:00:00,0.0,0
M036,94,2026-06-04 22:00:00,0.0,0
M036,95,2026-06-04 23:00:00,0.0,0
M036,96,2026-06-05 00:00:00,0.0,0
M036,97,2026-06-05 01:00:00,0.0,0
M036,98,2026-06-05 02:00:00,0.0,0
M036,99,2026-06-05 03:00:00,0.0,0
M036,100,2026-06-05 04:00:00,0.0,0
M036,101,2026-06-05 05:00:00,0.0,0
M036,102,2026-06-05 06:00:00,0.0,0
M036,103,2026-06-05 07:00:00,0.0,0
M036,104,2026-06-05 08:00:00,0.0,0
M036,105,2026-06-05 09:00:00,0.0,0
M036,106,2026-06-05 10:00:00,0.0,0
M036,107,2026-06-05 11:00:00,0.0,0
M036,108,2026-06-05 12:00:00,0.0,0
M036,109,2026-06-05 13:00:00,0.0,0
M036,110,2026-06-05 14:00:00,0.0,0
M036,111,2026-06-05 15:00:00,0.0,0
M036,112,2026-06-05 16:00:00,0.0,0
M036,113,2026-06-05 17:00:00,0.0,0
M036,114,2026-06-05 18:00:00,0.0,0
M036,115,2026-06-05 19:00:00,0.0,0
M036,116,2026-06-05 20:00:00,0.0,0
M036,117,2026-06-05 21:00:00,0.0,0
M036,118,2026-06-05 22:00:00,0.0,0
M036,119,2026-06-05 23:00:00,0.0,0
M036,120,2026-06-06 00:00:00,0.0,0
M036,121,2026-06-06 01:00:00,0.0,0
M036,122,2026-06-06 02:00:00,0.0,0
M036,123,2026-06-06 03:00:00,0.0,0
M036,124,2026-06-06 04:00:00,0.0,0
M036,125,2026-06-06 05:00:00,0.0,0
M036,126,2026-06-06 06:00:00,0.0,0
M036,127,2026-06-06 07:00:00,0.0,0
M036,128,2026-06-06 08:00:00,0.0,0
M036,129,2026-06-06 09:00:00,0.0,0
M036,130,2026-06-06 10:00:00,0.0,0
M036,131,2026-06-06 11:00:00,0.0,0
M036,132,2026-06-06 12:00:00,0.0,0
M036,133,2026-06-06 13:00:00,0.0,0
M036,134,2026-06-06 14:00:00,0.0,0
M036,135,2026-06-06 15:00:00,0.0,0
M036,136,2026-06-06 16:00:00,0.0,0
M036,137,2026-06-06 17:00:00,0.0,0
M036,138,2026-06-06 18:00:00,0.0,0
M036,139,2026-06-06 19:00:00,0.0,0
M036,140,2026-06-06 20:00:00,0.0,0
M036,141,2026-06-06 21:00:00,0.0,0
M036,142,2026-06-06 22:00:00,0.0,0
M036,143,2026-06-06 23:00:00,0.0,0
M036,144,2026-06-07 00:00:00,0.0,0
M036,145,2026-06-07 01:00:00,0.0,0
M036,146,2026-06-07 02:00:00,0.0,0
M036,147,2026-06-07 03:00:00,0.0,0
M036,148,2026-06-07 04:00:00,0.0,0
M036,149,2026-06-07 05:00:00,0.0,0
M036,150,2026-06-07 06:00:00,0.0,0
M036,151,2026-06-07 07:00:00,0.0,0
M036,152,2026-06-07 08:00:00,0.0,0
M036,153,2026-06-07 09:00:00,0.0,0
M036,154,2026-06-07 10:00:00,0.0,0
M036,155,2026-06-07 11:00:00,0.0,0
M036,156,2026-06-07 12:00:00,0.0,0
M036,157,2026-06-07 13:00:00,0.0,0
M036,158,2026-06-07 14:00:00,0.0,0
M036,159,2026-06-07 15:00:00,0.0,0
M036,160,2026-06-07 16:00:00,0.0,0
M036,161,2026-06-07 17:00:00,0.0,0
M036,162,2026-06-07 18:00:00,0.0,0
M036,163,2026-06-07 19:00:00,0.0,0
M036,164,2026-06-07 20:00:00,0.0,0
M036,165,2026-06-07 21:00:00,0.0,0
M036,166,2026-06-07 22:00:00,0.0,0
M036,167,2026-06-07 23:00:00,0.0,0
M036,168,2026-06-08 00:00:00,0.0,0
M036,169,2026-06-08 01:00:00,0.0,0
M036,170,2026-06-08 02:00:00,0.0,0
M036,171,2026-06-08 03:00:00,0.0,0
M036,172,2026-06-08 04:00:00,0.0,0
M036,173,2026-06-08 05:00:00,0.0,0
M036,174,2026-06-08 06:00:00,0.0,0
M036,175,2026-06-08 07:00:00,0.0,0
M036,176,2026-06-08 08:00:00,0.0,0
M036,177,2026-06-08 09:00:00,0.0,0
M036,178,2026-06-08 10:00:00,0.0,0
M036,179,2026-06-08 11:00:00,0.0,0
M036,180,2026-06-08 12:00:00,0.0,0
M036,181,2026-06-08 13:00:00,0.0,0
M036,182,2026-06-08 14:00:00,0.0,0
M036,183,2026-06-08 15:00:00,0.0,0
M036,184,2026-06-08 16:00:00,0.0,0
M036,185,2026-06-08 17:00:00,0.0,0
M036,186,2026-06-08 18:00:00,0.0,0
M036,187,2026-06-08 19:00:00,0.0,0
M036,188,2026-06-08 20:00:00,0.0,0
M036,189,2026-06-08 21:00:00,0.0,0
M036,190,2026-06-08 22:00:00,0.0,0
M036,191,2026-06-08 23:00:00,0.0,0
M036,192,2026-06-09 00:00:00,0.0,0
M036,193,2026-06-09 01:00:00,0.0,0
M036,194,2026-06-09 02:00:00,0.0,0
M036,195,2026-06-09 03:00:00,0.0,0
M036,196,2026-06-09 04:00:00,0.0,0
M036,197,2026-06-09 05:00:00,0.0,0
M036,198,2026-06-09 06:00:00,0.0,0
M036,199,2026-06-09 07:00:00,0.0,0
M036,200,2026-06-09 08:00:00,0.0,0
M036,201,2026-06-09 09:00:00,0.0,0
M036,202,2026-06-09 10:00:00,0.0,0
M036,203,2026-06-09 11:00:00,0.0,0
M036,204,2026-06-09 12:00:00,0.0,0
M036,205,2026-06-09 13:00:00,0.0,0
M036,206,2026-06-09 14:00:00,0.0,0
M036,207,2026-06-09 15:00:00,0.0,0
M036,208,2026-06-09 16:00:00,0.0,0
M036,209,2026-06-09 17:00:00,0.0,0
M036,210,2026-06-09 18:00:00,0.0,0
M036,211,2026-06-09 19:00:00,0.0,0
M036,212,2026-06-09 20:00:00,0.0,0
M036,213,2026-06-09 21:00:00,0.0,0
M036,214,2026-06-09 22:00:00,0.0,0
M036,215,2026-06-09 23:00:00,0.0,0
M036,216,2026-06-10 00:00:00,0.0,0
M036,217,2026-06-10 01:00:00,0.0,0
M036,218,2026-06-10 02:00:00,0.0,0
M036,219,2026-06-10 03:00:00,0.0,0
M036,220,2026-06-10 04:00:00,0.0,0
M036,221,2026-06-10 05:00:00,0.0,0
M036,222,2026-06-10 06:00:00,0.0,0
M036,223,2026-06-10 07:00:00,0.0,0
M036,224,2026-06-10 08:00:00,0.0,0
M036,225,2026-06-10 09:00:00,0.0,0
M036,226,2026-06-10 10:00:00,0.0,0
M036,227,2026-06-10 11:00:00,0.0,0
M036,228,2026-06-10 12:00:00,0.0,0
M036,229,2026-06-10 13:00:00,0.0,0
M036,230,2026-06-10 14:00:00,0.0,0
M036,231,2026-06-10 15:00:00,0.0,0
M036,232,2026-06-10 16:00:00,0.0,0
M036,233,2026-06-10 17:00:00,0.0,0
M036,234,2026-06-10 18:00:00,0.0,0
M036,235,2026-06-10 19:00:00,0.0,0
M036,236,2026-06-10 20:00:00,0.0,0
M036,237,2026-06-10 21:00:00,0.0,0
M036,238,2026-06-10 22:00:00,0.0,0
M036,239,2026-06-10 23:00:00,0.0030117857220660965,0
M036,240,2026-06-11 00:00:00,0.0,0
M036,241,2026-06-11 01:00:00,0.0,0
M036,242,2026-06-11 02:00:00,0.0,0
M036,243,2026-06-11 03:00:00,0.0,0
M036,244,2026-06-11 04:00:00,0.0,0
M036,245,2026-06-11 05:00:00,0.0,0
M036,246,2026-06-11 06:00:00,0.0,0
M036,247,2026-06-11 07:00:00,0.0,0
M036,248,2026-06-11 08:00:00,0.0,0
M036,249,2026-06-11 09:00:00,0.0,0
M036,250,2026-06-11 10:00:00,0.0,0
M036,251,2026-06-11 11:00:00,0.0,0
M036,252,2026-06-11 12:00:00,0.0,0
M036,253,2026-06-11 13:00:00,0.0,0
M036,254,2026-06-11 14:00:00,0.0,0
M036,255,2026-06-11 15:00:00,0.0,0
M036,256,2026-06-11 16:00:00,0.0,0
M036,257,2026-06-11 17:00:00,0.002536104391173668,0
M036,258,2026-06-11 18:00:00,0.0,0
M036,259,2026-06-11 19:00:00,0.0,0
M036,260,2026-06-11 20:00:00,0.0,0
M036,261,2026-06-11 21:00:00,0.0,0
M036,262,2026-06-11 22:00:00,0.0,0
M036,263,2026-06-11 23:00:00,0.0030122004357298476,0
M036,264,2026-06-12 00:00:00,0.0,0
M036,265,2026-06-12 01:00:00,0.0030122004357298476,0
M036,266,2026-06-12 02:00:00,0.0030122004357298476,0
M036,267,2026-06-12 03:00:00,0.0030122004357298476,0
M036,268,2026-06-12 04:00:00,0.0,0
M036,269,2026-06-12 05:00:00,0.0,0
M036,270,2026-06-12 06:00:00,0.0,0
M036,271,2026-06-12 07:00:00,0.0,0
M036,272,2026-06-12 08:00:00,0.0,0
M036,273,2026-06-12 09:00:00,0.0,0
M036,274,2026-06-12 10:00:00,0.0,0
M036,275,2026-06-12 11:00:00,0.0,0
M036,276,2026-06-12 12:00:00,0.0,0
M036,277,2026-06-12 13:00:00,0.0,0
M036,278,2026-06-12 14:00:00,0.0,0
M036,279,2026-06-12 15:00:00,0.0,0
M036,280,2026-06-12 16:00:00,0.0,0
M036,281,2026-06-12 17:00:00,0.0,0
M036,282,2026-06-12 18:00:00,0.0,0
M036,283,2026-06-12 19:00:00,0.0,0
M036,284,2026-06-12 20:00:00,0.0,0
M036,285,2026-06-12 21:00:00,0.0,0
M036,286,2026-06-12 22:00:00,0.0,0
M036,287,2026-06-12 23:00:00,0.0,0
M036,288,2026-06-13 00:00:00,0.0,0
M036,289,2026-06-13 01:00:00,0.0,0
M036,290,2026-06-13 02:00:00,0.0,0
M036,291,2026-06-13 03:00:00,0.0,0
M036,292,2026-06-13 04:00:00,0.0,0
M036,293,2026-06-13 05:00:00,0.0,0
M036,294,2026-06-13 06:00:00,0.0,0
M036,295,2026-06-13 07:00:00,0.0,0
M036,296,2026-06-13 08:00:00,0.0,0
M036,297,2026-06-13 09:00:00,0.0,0
M036,298,2026-06-13 10:00:00,0.0,0
M036,299,2026-06-13 11:00:00,0.0,0
M036,300,2026-06-13 12:00:00,0.0,0
M036,301,2026-06-13 13:00:00,0.0,0
M036,302,2026-06-13 14:00:00,0.0,0
M036,303,2026-06-13 15:00:00,0.0,0
M036,304,2026-06-13 16:00:00,0.0,0
M036,305,2026-06-13 17:00:00,0.0,0
M036,306,2026-06-13 18:00:00,0.0,0
M036,307,2026-06-13 19:00:00,0.0,0
M036,308,2026-06-13 20:00:00,0.0,0
M036,309,2026-06-13 21:00:00,0.0,0
M036,310,2026-06-13 22:00:00,0.0,0
M036,311,2026-06-13 23:00:00,0.0,0
M036,312,2026-06-14 00:00:00,0.0,0
M036,313,2026-06-14 01:00:00,0.003201317261811583,0
M036,314,2026-06-14 02:00:00,0.003201317261811583,0
M036,315,2026-06-14 03:00:00,0.0,0
M036,316,2026-06-14 04:00:00,0.0,0
M036,317,2026-06-14 05:00:00,0.0,0
M036,318,2026-06-14 06:00:00,0.0,0
M036,319,2026-06-14 07:00:00,0.0,0
M036,320,2026-06-14 08:00:00,0.0,0
M036,321,2026-06-14 09:00:00,0.0,0
M036,322,2026-06-14 10:00:00,0.0,0
M036,323,2026-06-14 11:00:00,0.0,0
M036,324,2026-06-14 12:00:00,0.0,0
M036,325,2026-06-14 13:00:00,0.0,0
M036,326,2026-06-14 14:00:00,0.0,0
M036,327,2026-06-14 15:00:00,0.0,0
M036,328,2026-06-14 16:00:00,0.0,0
M036,329,2026-06-14 17:00:00,0.0,0
M036,330,2026-06-14 18:00:00,0.0,0
M036,331,2026-06-14 19:00:00,0.0,0
M036,332,2026-06-14 20:00:00,0.0,0
M036,333,2026-06-14 21:00:00,0.0,0
M036,334,2026-06-14 22:00:00,0.0,0
M036,335,2026-06-14 23:00:00,0.0030117857220660965,0
M036,336,2026-06-15 00:00:00,0.0,0
M036,337,2026-06-15 01:00:00,0.0030117857220660965,0
M036,338,2026-06-15 02:00:00,0.0,0
M036,339,2026-06-15 03:00:00,0.0,0
M036,340,2026-06-15 04:00:00,0.0,0
M036,341,2026-06-15 05:00:00,0.0,0
M036,342,2026-06-15 06:00:00,0.0,0
M036,343,2026-06-15 07:00:00,0.0,0
M036,344,2026-06-15 08:00:00,0.0,0
M036,345,2026-06-15 09:00:00,0.0,0
M036,346,2026-06-15 10:00:00,0.0,0
M036,347,2026-06-15 11:00:00,0.0,0
M036,348,2026-06-15 12:00:00,0.0,0
M036,349,2026-06-15 13:00:00,0.0,0
M036,350,2026-06-15 14:00:00,0.0,0
M036,351,2026-06-15 15:00:00,0.0,0
M036,352,2026-06-15 16:00:00,0.0,0
M036,353,2026-06-15 17:00:00,0.0,0
M036,354,2026-06-15 18:00:00,0.0,0
M036,355,2026-06-15 19:00:00,0.0,0
M036,356,2026-06-15 20:00:00,0.0,0
M036,357,2026-06-15 21:00:00,0.0,0
M036,358,2026-06-15 22:00:00,0.0,0
M036,359,2026-06-15 23:00:00,0.0,0
M036,360,2026-06-16 00:00:00,0.0,0
M036,361,2026-06-16 01:00:00,0.0,0
M036,362,2026-06-16 02:00:00,0.0,0
M036,363,2026-06-16 03:00:00,0.0,0
M036,364,2026-06-16 04:00:00,0.0,0
M036,365,2026-06-16 05:00:00,0.0,0
M036,366,2026-06-16 06:00:00,0.0,0
M036,367,2026-06-16 07:00:00,0.0,0
M036,368,2026-06-16 08:00:00,0.0,0
M036,369,2026-06-16 09:00:00,0.0,0
M036,370,2026-06-16 10:00:00,0.0,0
M036,371,2026-06-16 11:00:00,0.0,0
M036,372,2026-06-16 12:00:00,0.0,0
M036,373,2026-06-16 13:00:00,0.0,0
M036,374,2026-06-16 14:00:00,0.0,0
M036,375,2026-06-16 15:00:00,0.0,0
M036,376,2026-06-16 16:00:00,0.0,0
M036,377,2026-06-16 17:00:00,0.0,0
M036,378,2026-06-16 18:00:00,0.0,0
M036,379,2026-06-16 19:00:00,0.0,0
M036,380,2026-06-16 20:00:00,0.0,0
M036,381,2026-06-16 21:00:00,0.0,0
M036,382,2026-06-16 22:00:00,0.0,0
M036,383,2026-06-16 23:00:00,0.0,0
M036,384,2026-06-17 00:00:00,0.0,0
M036,385,2026-06-17 01:00:00,0.0,0
M036,386,2026-06-17 02:00:00,0.0,0
M036,387,2026-06-17 03:00:00,0.0,0
M036,388,2026-06-17 04:00:00,0.0,0
M036,389,2026-06-17 05:00:00,0.0,0
M036,390,2026-06-17 06:00:00,0.0,0
M036,391,2026-06-17 07:00:00,0.0,0
M036,392,2026-06-17 08:00:00,0.0,0
M036,393,2026-06-17 09:00:00,0.0,0
M036,394,2026-06-17 10:00:00,0.0,0
M036,395,2026-06-17 11:00:00,0.0,0
M036,396,2026-06-17 12:00:00,0.0,0
M036,397,2026-06-17 13:00:00,0.0,0
M036,398,2026-06-17 14:00:00,0.0,0
M036,399,2026-06-17 15:00:00,0.0,0
M036,400,2026-06-17 16:00:00,0.0,0
M036,401,2026-06-17 17:00:00,0.0,0
M036,402,2026-06-17 18:00:00,0.0,0
M036,403,2026-06-17 19:00:00,0.0,0
M036,404,2026-06-17 20:00:00,0.0,0
M036,405,2026-06-17 21:00:00,0.0,0
M036,406,2026-06-17 22:00:00,0.0,0
M036,407,2026-06-17 23:00:00,0.0,0
M036,408,2026-06-18 00:00:00,0.0,0
M036,409,2026-06-18 01:00:00,0.0,0
M036,410,2026-06-18 02:00:00,0.0,0
M036,411,2026-06-18 03:00:00,0.0,0
M036,412,2026-06-18 04:00:00,0.0,0
M036,413,2026-06-18 05:00:00,0.0,0
M036,414,2026-06-18 06:00:00,0.0,0
M036,415,2026-06-18 07:00:00,0.0,0
M036,416,2026-06-18 08:00:00,0.0,0
M036,417,2026-06-18 09:00:00,0.0,0
M036,418,2026-06-18 10:00:00,0.0,0
M036,419,2026-06-18 11:00:00,0.0,0
M036,420,2026-06-18 12:00:00,0.0,0
M036,421,2026-06-18 13:00:00,0.0,0
M036,422,2026-06-18 14:00:00,0.0,0
M036,423,2026-06-18 15:00:00,0.0,0
M036,424,2026-06-18 16:00:00,0.005810898933858387,0
M036,425,2026-06-18 17:00:00,0.00871696314547803,0
M036,426,2026-06-18 18:00:00,0.00871696314547803,0
M036,427,2026-06-18 19:00:00,0.0,0
M036,428,2026-06-18 20:00:00,0.0,0
M036,429,2026-06-18 21:00:00,0.0,0
M036,430,2026-06-18 22:00:00,0.0,0
M036,431,2026-06-18 23:00:00,0.0,0
M036,432,2026-06-19 00:00:00,0.0,0
M036,433,2026-06-19 01:00:00,0.0,0
M036,434,2026-06-19 02:00:00,0.0,0
M036,435,2026-06-19 03:00:00,0.0,0
M036,436,2026-06-19 04:00:00,0.0,0
M036,437,2026-06-19 05:00:00,0.0,0
M036,438,2026-06-19 06:00:00,0.002795378836203841,0
M036,439,2026-06-19 07:00:00,0.002795378836203841,0
M036,440,2026-06-19 08:00:00,0.002795378836203841,0
M036,441,2026-06-19 09:00:00,0.002795378836203841,0
M036,442,2026-06-19 10:00:00,0.0,0
M036,443,2026-06-19 11:00:00,0.0,0
M036,444,2026-06-19 12:00:00,0.0,0
M036,445,2026-06-19 13:00:00,0.0,0
M036,446,2026-06-19 14:00:00,0.0,0
M036,447,2026-06-19 15:00:00,0.0,0
M036,448,2026-06-19 16:00:00,0.0,0
M036,449,2026-06-19 17:00:00,0.0,0
M036,450,2026-06-19 18:00:00,0.0,0
M036,451,2026-06-19 19:00:00,0.0,0
M036,452,2026-06-19 20:00:00,0.0,0
M036,453,2026-06-19 21:00:00,0.0,0
M036,454,2026-06-19 22:00:00,0.0,0
M036,455,2026-06-19 23:00:00,0.0,0
M036,456,2026-06-20 00:00:00,0.0,0
M036,457,2026-06-20 01:00:00,0.0,0
M036,458,2026-06-20 02:00:00,0.0,0
M036,459,2026-06-20 03:00:00,0.0,0
M036,460,2026-06-20 04:00:00,0.0,0
M036,461,2026-06-20 05:00:00,0.0,0
M036,462,2026-06-20 06:00:00,0.0,0
M036,463,2026-06-20 07:00:00,0.0,0
M036,464,2026-06-20 08:00:00,0.0,0
M036,465,2026-06-20 09:00:00,0.0,0
M036,466,2026-06-20 10:00:00,0.0,0
M036,467,2026-06-20 11:00:00,0.011201841063646398,0
M036,468,2026-06-20 12:00:00,0.0023258750441941516,0
M036,469,2026-06-20 13:00:00,0.0023258750441941516,0
M036,470,2026-06-20 14:00:00,0.00824745935346834,0
M036,471,2026-06-20 15:00:00,0.005921584309274189,0
M036,472,2026-06-20 16:00:00,0.0027551121995898287,0
M036,473,2026-06-20 17:00:00,0.0,0
M036,474,2026-06-20 18:00:00,0.0,0
M036,475,2026-06-20 19:00:00,0.007798139042635106,0
M036,476,2026-06-20 20:00:00,0.0,0
M036,477,2026-06-20 21:00:00,0.0,0
M036,478,2026-06-20 22:00:00,0.0,0
M036,479,2026-06-20 23:00:00,0.014069866039924215,0
M036,480,2026-06-21 00:00:00,0.005693505863545604,0
M036,481,2026-06-21 01:00:00,0.0027551121995898287,0
M036,482,2026-06-21 02:00:00,0.004962254829173441,0
M036,483,2026-06-21 03:00:00,0.0027551121995898287,0
M036,484,2026-06-21 04:00:00,0.002759273655045945,0
M036,485,2026-06-21 05:00:00,0.006092606988379279,0
M036,486,2026-06-21 06:00:00,0.05607788695960366,0
M036,487,2026-06-21 07:00:00,0.057045139399446755,0
M036,488,2026-06-21 08:00:00,0.0530585431487574,0
M036,489,2026-06-21 09:00:00,0.04721727005172634,0
M036,490,2026-06-21 10:00:00,0.04544749795809126,0
M036,491,2026-06-21 11:00:00,0.03811399273026016,0
M036,492,2026-06-21 12:00:00,0.028798237052483504,0
M036,493,2026-06-21 13:00:00,0.026754713447197112,0
M036,494,2026-06-21 14:00:00,0.02917605274372118,0
M036,495,2026-06-21 15:00:00,0.03608702919412055,0
M036,496,2026-06-21 16:00:00,0.03310928768962788,0
M036,497,2026-06-21 17:00:00,0.03236122960692583,0
M036,498,2026-06-21 18:00:00,0.02060063284326966,0
M036,499,2026-06-21 19:00:00,0.02110519432742539,0
M036,500,2026-06-21 20:00:00,0.04097333824639005,0
M036,501,2026-06-21 21:00:00,0.03644177177634804,0
M036,502,2026-06-21 22:00:00,0.12177098390931465,0
M036,503,2026-06-21 23:00:00,0.11410114646951333,0
M036,504,2026-06-22 00:00:00,0.1161605244935303,0
M036,505,2026-06-22 01:00:00,0.1308623673009821,0
M036,506,2026-06-22 02:00:00,0.14228968769397754,0
M036,507,2026-06-22 03:00:00,0.1604898895306033,0
M036,508,2026-06-22 04:00:00,0.15064033231613835,0
M036,509,2026-06-22 05:00:00,0.1929652808847363,0
M036,510,2026-06-22 06:00:00,0.1859138074587301,0
M036,511,2026-06-22 07:00:00,0.21531938072537646,0
M036,512,2026-06-22 08:00:00,0.24725593021762124,0
M036,513,2026-06-22 09:00:00,0.25119582493250725,0
M036,514,2026-06-22 10:00:00,0.3173083627750052,0
M036,515,2026-06-22 11:00:00,0.2977807274154573,0
M036,516,2026-06-22 12:00:00,0.30184059097033683,0
M036,517,2026-06-22 13:00:00,0.2969968814666425,0
M036,518,2026-06-22 14:00:00,0.3051939743555965,0
M036,519,2026-06-22 15:00:00,0.3017490802443844,0
M036,520,2026-06-22 16:00:00,0.37155917784791886,0
M036,521,2026-06-22 17:00:00,0.5139184336290932,0
M036,522,2026-06-22 18:00:00,0.517109349347025,0
M036,523,2026-06-22 19:00:00,0.5558312326358236,0
M036,524,2026-06-22 20:00:00,0.6051014478088906,0
M036,525,2026-06-22 21:00:00,0.7684397448826052,0
M036,526,2026-06-22 22:00:00,0.8558119333522941,0
M036,527,2026-06-22 23:00:00,0.8093420610340036,0
M036,528,2026-06-23 00:00:00,0.981819989623726,1
M036,529,2026-06-23 01:00:00,0.9820444910097738,1
M036,530,2026-06-23 02:00:00,0.9857674111162682,1
M036,531,2026-06-23 03:00:00,0.9334948688272866,1
M036,532,2026-06-23 04:00:00,0.9711084695017862,1
M036,533,2026-06-23 05:00:00,0.9845560741019007,1
M036,534,2026-06-23 06:00:00,0.9850311091605611,1
M036,535,2026-06-23 07:00:00,0.9850311091605611,1
M036,536,2026-06-23 08:00:00,0.9826069776606439,1
M036,537,2026-06-23 09:00:00,0.9863187873683137,1
M036,538,2026-06-23 10:00:00,0.9862069312897942,1
M036,539,2026-06-23 11:00:00,0.9863187873683137,1
M036,540,2026-06-23 12:00:00,0.9863187873683137,1
M036,541,2026-06-23 13:00:00,0.9863187873683137,1
M036,542,2026-06-23 14:00:00,0.9863187873683137,1
M036,543,2026-06-23 15:00:00,0.9863187873683137,1
M036,544,2026-06-23 16:00:00,0.9862708226567681,1
M036,545,2026-06-23 17:00:00,0.9863187873683137,1
M036,546,2026-06-23 18:00:00,0.9863187873683137,1
M036,547,2026-06-23 19:00:00,0.9863187873683137,1
M036,548,2026-06-23 20:00:00,0.9830357340247203,1
M036,549,2026-06-23 21:00:00,0.9863187873683137,1
M036,550,2026-06-23 22:00:00,0.9863187873683137,1
M036,551,2026-06-23 23:00:00,0.9863187873683137,1
M036,552,2026-06-24 00:00:00,0.9863187873683137,1
M036,553,2026-06-24 01:00:00,0.9863187873683137,1
M036,554,2026-06-24 02:00:00,0.9863367506836181,1
M036,555,2026-06-24 03:00:00,0.9789586824672457,1
M036,556,2026-06-24 04:00:00,0.9863187873683137,1
M036,557,2026-06-24 05:00:00,0.9863187873683137,1
M036,558,2026-06-24 06:00:00,0.9863187873683137,1
M036,559,2026-06-24 07:00:00,0.9863187873683137,1
M036,560,2026-06-24 08:00:00,0.9863187873683137,1
M036,561,2026-06-24 09:00:00,0.9863187873683137,1
M036,562,2026-06-24 10:00:00,0.9863187873683137,1
M036,563,2026-06-24 11:00:00,0.9863187873683137,1
M036,564,2026-06-24 12:00:00,0.9863187873683137,1
M036,565,2026-06-24 13:00:00,0.9863187873683137,1
M036,566,2026-06-24 14:00:00,0.9863187873683137,1
M036,567,2026-06-24 15:00:00,0.9863187873683137,1
M036,568,2026-06-24 16:00:00,0.9863187873683137,1
M036,569,2026-06-24 17:00:00,0.9863187873683137,1
M036,570,2026-06-24 18:00:00,0.9863187873683137,1
M036,571,2026-06-24 19:00:00,0.9863187873683137,1
M036,572,2026-06-24 20:00:00,0.9863187873683137,1
M036,573,2026-06-24 21:00:00,0.9798728594917111,1
M036,574,2026-06-24 22:00:00,0.9671064942257132,1
M036,575,2026-06-24 23:00:00,0.9120054962389507,1
M036,576,2026-06-25 00:00:00,0.4255860165160565,0
M036,577,2026-06-25 01:00:00,0.49176254038317124,0
M036,578,2026-06-25 02:00:00,0.26978846263248885,0
M036,579,2026-06-25 03:00:00,0.25750063535071716,0
M036,580,2026-06-25 04:00:00,0.23584622129055735,0
M036,581,2026-06-25 05:00:00,0.13818144430837093,0
M036,582,2026-06-25 06:00:00,0.3125434527233926,0
M036,583,2026-06-25 07:00:00,0.23892585434745053,0
M036,584,2026-06-25 08:00:00,0.11976618927521109,0
M036,585,2026-06-25 09:00:00,0.10303948363469222,0
M036,586,2026-06-25 10:00:00,0.04737859775423577,0
M036,587,2026-06-25 11:00:00,0.04574346637383422,0
M036,588,2026-06-25 12:00:00,0.0446652964924237,0
M036,589,2026-06-25 13:00:00,0.04574346637383422,0
M036,590,2026-06-25 14:00:00,0.03917795679465215,0
M036,591,2026-06-25 15:00:00,0.046033868649828336,0
M037,23,2026-06-01 23:00:00,0.0,0
M037,24,2026-06-02 00:00:00,0.0,0
M037,25,2026-06-02 01:00:00,0.0,0
M037,26,2026-06-02 02:00:00,0.0,0
M037,27,2026-06-02 03:00:00,0.0,0
M037,28,2026-06-02 04:00:00,0.0,0
M037,29,2026-06-02 05:00:00,0.0,0
M037,30,2026-06-02 06:00:00,0.0,0
M037,31,2026-06-02 07:00:00,0.0,0
M037,32,2026-06-02 08:00:00,0.0,0
M037,33,2026-06-02 09:00:00,0.0,0
M037,34,2026-06-02 10:00:00,0.0,0
M037,35,2026-06-02 11:00:00,0.0,0
M037,36,2026-06-02 12:00:00,0.0,0
M037,37,2026-06-02 13:00:00,0.0,0
M037,38,2026-06-02 14:00:00,0.0,0
M037,39,2026-06-02 15:00:00,0.0,0
M037,40,2026-06-02 16:00:00,0.0,0
M037,41,2026-06-02 17:00:00,0.0,0
M037,42,2026-06-02 18:00:00,0.0,0
M037,43,2026-06-02 19:00:00,0.0,0
M037,44,2026-06-02 20:00:00,0.0,0
M037,45,2026-06-02 21:00:00,0.0,0
M037,46,2026-06-02 22:00:00,0.0,0
M037,47,2026-06-02 23:00:00,0.0,0
M037,48,2026-06-03 00:00:00,0.0,0
M037,49,2026-06-03 01:00:00,0.0,0
M037,50,2026-06-03 02:00:00,0.003023418232610926,0
M037,51,2026-06-03 03:00:00,0.0,0
M037,52,2026-06-03 04:00:00,0.0,0
M037,53,2026-06-03 05:00:00,0.0,0
M037,54,2026-06-03 06:00:00,0.0,0
M037,55,2026-06-03 07:00:00,0.0,0
M037,56,2026-06-03 08:00:00,0.0023378138473243723,0
M037,57,2026-06-03 09:00:00,0.007635635182162475,0
M037,58,2026-06-03 10:00:00,0.0,0
M037,59,2026-06-03 11:00:00,0.01218810432599789,0
M037,60,2026-06-03 12:00:00,0.0032896200212916542,0
M037,61,2026-06-03 13:00:00,0.0663013579175281,0
M037,62,2026-06-03 14:00:00,0.04754665720760404,0
M037,63,2026-06-03 15:00:00,0.032073880726587234,0
M037,64,2026-06-03 16:00:00,0.055087196810047014,0
M037,65,2026-06-03 17:00:00,0.06119682094694423,0
M037,66,2026-06-03 18:00:00,0.06610205234050283,0
M037,67,2026-06-03 19:00:00,0.05989692207373948,0
M037,68,2026-06-03 20:00:00,0.05306989046283131,0
M037,69,2026-06-03 21:00:00,0.04609457854218675,0
M037,70,2026-06-03 22:00:00,0.29480901670265147,0
M037,71,2026-06-03 23:00:00,0.3510819426949093,0
M037,72,2026-06-04 00:00:00,0.368396255201436,0
M037,73,2026-06-04 01:00:00,0.7379749212106426,1
M037,74,2026-06-04 02:00:00,0.883091520823996,1
M037,75,2026-06-04 03:00:00,0.918794207722611,1
M037,76,2026-06-04 04:00:00,0.9160643792569457,1
M037,77,2026-06-04 05:00:00,0.8819861308312852,1
M037,78,2026-06-04 06:00:00,0.9363939099019001,1
M037,79,2026-06-04 07:00:00,0.9408199666117621,1
M037,80,2026-06-04 08:00:00,0.9192853046700996,1
M037,81,2026-06-04 09:00:00,0.9351550755829794,1
M037,82,2026-06-04 10:00:00,0.9313470335547304,1
M037,83,2026-06-04 11:00:00,0.8989150171247982,1
M037,84,2026-06-04 12:00:00,0.9496604321037844,1
M037,85,2026-06-04 13:00:00,0.9435312657830642,1
M037,86,2026-06-04 14:00:00,0.9415575859811156,1
M037,87,2026-06-04 15:00:00,0.9695653997815318,1
M037,88,2026-06-04 16:00:00,0.9793306506479557,1
M037,89,2026-06-04 17:00:00,0.9745385626777583,1
M037,90,2026-06-04 18:00:00,0.9778154796322699,1
M037,91,2026-06-04 19:00:00,0.9783070948067577,1
M037,92,2026-06-04 20:00:00,0.9808578019698011,1
M037,93,2026-06-04 21:00:00,0.9806211758449287,1
M037,94,2026-06-04 22:00:00,0.9809474822007856,1
M037,95,2026-06-04 23:00:00,0.9841112872288004,1
M037,96,2026-06-05 00:00:00,0.9843901243837049,1
M037,97,2026-06-05 01:00:00,0.9843901243837049,1
M037,98,2026-06-05 02:00:00,0.9860224377726295,1
M037,99,2026-06-05 03:00:00,0.9860095778305271,1
M037,100,2026-06-05 04:00:00,0.9860095778305271,1
M037,101,2026-06-05 05:00:00,0.9860095778305271,1
M037,102,2026-06-05 06:00:00,0.9860095778305271,1
M037,103,2026-06-05 07:00:00,0.9860095778305271,1
M037,104,2026-06-05 08:00:00,0.9858878480340888,1
M037,105,2026-06-05 09:00:00,0.9858878480340888,1
M037,106,2026-06-05 10:00:00,0.9863187873683137,1
M037,107,2026-06-05 11:00:00,0.986106536794472,1
M037,108,2026-06-05 12:00:00,0.9863187873683137,1
M037,109,2026-06-05 13:00:00,0.9863187873683137,1
M037,110,2026-06-05 14:00:00,0.9863187873683137,1
M037,111,2026-06-05 15:00:00,0.9863187873683137,1
M037,112,2026-06-05 16:00:00,0.9861814330624668,1
M037,113,2026-06-05 17:00:00,0.9841652020310373,1
M037,114,2026-06-05 18:00:00,0.9841652020310373,1
M037,115,2026-06-05 19:00:00,0.9808892144271776,1
M037,116,2026-06-05 20:00:00,0.9808892144271776,1
M037,117,2026-06-05 21:00:00,0.9771288979160655,1
M037,118,2026-06-05 22:00:00,0.9666398774930264,1
M037,119,2026-06-05 23:00:00,0.9550300692126367,1
M037,120,2026-06-06 00:00:00,0.9385973863442942,1
M037,121,2026-06-06 01:00:00,0.8944551640346625,0
M037,122,2026-06-06 02:00:00,0.9124819491510967,0
M037,123,2026-06-06 03:00:00,0.908408020639774,0
M037,124,2026-06-06 04:00:00,0.7486229915859558,0
M037,125,2026-06-06 05:00:00,0.8898326148366755,0
M037,126,2026-06-06 06:00:00,0.7176505141050522,0
M037,127,2026-06-06 07:00:00,0.6747417653016892,0
M037,128,2026-06-06 08:00:00,0.7071466078051167,0
M037,129,2026-06-06 09:00:00,0.720180856515012,0
M037,130,2026-06-06 10:00:00,0.7698738453546722,0
M037,131,2026-06-06 11:00:00,0.7881213681774275,0
M037,132,2026-06-06 12:00:00,0.7944929735434735,0
M037,133,2026-06-06 13:00:00,0.7891951731490447,0
M037,134,2026-06-06 14:00:00,0.8012203809191281,0
M037,135,2026-06-06 15:00:00,0.8655386707538966,0
M037,136,2026-06-06 16:00:00,0.8183658276875487,0
M038,23,2026-06-01 23:00:00,0.0,0
M038,24,2026-06-02 00:00:00,0.0,0
M038,25,2026-06-02 01:00:00,0.0,0
M038,26,2026-06-02 02:00:00,0.0,0
M038,27,2026-06-02 03:00:00,0.0,0
M038,28,2026-06-02 04:00:00,0.0,0
M038,29,2026-06-02 05:00:00,0.0,0
M038,30,2026-06-02 06:00:00,0.0,0
M038,31,2026-06-02 07:00:00,0.0,0
M038,32,2026-06-02 08:00:00,0.0,0
M038,33,2026-06-02 09:00:00,0.0,0
M038,34,2026-06-02 10:00:00,0.0,0
M038,35,2026-06-02 11:00:00,0.0,0
M038,36,2026-06-02 12:00:00,0.0,0
M038,37,2026-06-02 13:00:00,0.0,0
M038,38,2026-06-02 14:00:00,0.0,0
M038,39,2026-06-02 15:00:00,0.0,0
M038,40,2026-06-02 16:00:00,0.0,0
M038,41,2026-06-02 17:00:00,0.0,0
M038,42,2026-06-02 18:00:00,0.0,0
M038,43,2026-06-02 19:00:00,0.0,0
M038,44,2026-06-02 20:00:00,0.0,0
M038,45,2026-06-02 21:00:00,0.0,0
M038,46,2026-06-02 22:00:00,0.0,0
M038,47,2026-06-02 23:00:00,0.0,0
M038,48,2026-06-03 00:00:00,0.0,0
M038,49,2026-06-03 01:00:00,0.0,0
M038,50,2026-06-03 02:00:00,0.0,0
M038,51,2026-06-03 03:00:00,0.0,0
M038,52,2026-06-03 04:00:00,0.0,0
M038,53,2026-06-03 05:00:00,0.0,0
M038,54,2026-06-03 06:00:00,0.0,0
M038,55,2026-06-03 07:00:00,0.0,0
M038,56,2026-06-03 08:00:00,0.0,0
M038,57,2026-06-03 09:00:00,0.0,0
M038,58,2026-06-03 10:00:00,0.0,0
M038,59,2026-06-03 11:00:00,0.0,0
M038,60,2026-06-03 12:00:00,0.0,0
M038,61,2026-06-03 13:00:00,0.0,0
M038,62,2026-06-03 14:00:00,0.0,0
M038,63,2026-06-03 15:00:00,0.0,0
M038,64,2026-06-03 16:00:00,0.0,0
M038,65,2026-06-03 17:00:00,0.0,0
M038,66,2026-06-03 18:00:00,0.0,0
M038,67,2026-06-03 19:00:00,0.0,0
M038,68,2026-06-03 20:00:00,0.0,0
M038,69,2026-06-03 21:00:00,0.0,0
M038,70,2026-06-03 22:00:00,0.0,0
M038,71,2026-06-03 23:00:00,0.0,0
M038,72,2026-06-04 00:00:00,0.0,0
M038,73,2026-06-04 01:00:00,0.0,0
M038,74,2026-06-04 02:00:00,0.0,0
M038,75,2026-06-04 03:00:00,0.0,0
M038,76,2026-06-04 04:00:00,0.0,0
M038,77,2026-06-04 05:00:00,0.0,0
M038,78,2026-06-04 06:00:00,0.0,0
M038,79,2026-06-04 07:00:00,0.0,0
M038,80,2026-06-04 08:00:00,0.0,0
M038,81,2026-06-04 09:00:00,0.0,0
M038,82,2026-06-04 10:00:00,0.0,0
M038,83,2026-06-04 11:00:00,0.0,0
M038,84,2026-06-04 12:00:00,0.0,0
M038,85,2026-06-04 13:00:00,0.0,0
M038,86,2026-06-04 14:00:00,0.0,0
M038,87,2026-06-04 15:00:00,0.0,0
M038,88,2026-06-04 16:00:00,0.0,0
M038,89,2026-06-04 17:00:00,0.0,0
M038,90,2026-06-04 18:00:00,0.0,0
M038,91,2026-06-04 19:00:00,0.0,0
M038,92,2026-06-04 20:00:00,0.0,0
M038,93,2026-06-04 21:00:00,0.0,0
M038,94,2026-06-04 22:00:00,0.0,0
M038,95,2026-06-04 23:00:00,0.0,0
M038,96,2026-06-05 00:00:00,0.0,0
M038,97,2026-06-05 01:00:00,0.0,0
M038,98,2026-06-05 02:00:00,0.0,0
M038,99,2026-06-05 03:00:00,0.0,0
M038,100,2026-06-05 04:00:00,0.0,0
M038,101,2026-06-05 05:00:00,0.0,0
M038,102,2026-06-05 06:00:00,0.0,0
M038,103,2026-06-05 07:00:00,0.0,0
M038,104,2026-06-05 08:00:00,0.0,0
M038,105,2026-06-05 09:00:00,0.0,0
M038,106,2026-06-05 10:00:00,0.0,0
M038,107,2026-06-05 11:00:00,0.0,0
M038,108,2026-06-05 12:00:00,0.0,0
M038,109,2026-06-05 13:00:00,0.0,0
M038,110,2026-06-05 14:00:00,0.0,0
M038,111,2026-06-05 15:00:00,0.0,0
M038,112,2026-06-05 16:00:00,0.0,0
M038,113,2026-06-05 17:00:00,0.0,0
M038,114,2026-06-05 18:00:00,0.0,0
M038,115,2026-06-05 19:00:00,0.0,0
M038,116,2026-06-05 20:00:00,0.0,0
M038,117,2026-06-05 21:00:00,0.0,0
M038,118,2026-06-05 22:00:00,0.0,0
M038,119,2026-06-05 23:00:00,0.0,0
M038,120,2026-06-06 00:00:00,0.0,0
M038,121,2026-06-06 01:00:00,0.0,0
M038,122,2026-06-06 02:00:00,0.0,0
M038,123,2026-06-06 03:00:00,0.0,0
M038,124,2026-06-06 04:00:00,0.0,0
M038,125,2026-06-06 05:00:00,0.0,0
M038,126,2026-06-06 06:00:00,0.0,0
M038,127,2026-06-06 07:00:00,0.0,0
M038,128,2026-06-06 08:00:00,0.0,0
M038,129,2026-06-06 09:00:00,0.0,0
M038,130,2026-06-06 10:00:00,0.0,0
M038,131,2026-06-06 11:00:00,0.0,0
M038,132,2026-06-06 12:00:00,0.0,0
M038,133,2026-06-06 13:00:00,0.0,0
M038,134,2026-06-06 14:00:00,0.0,0
M038,135,2026-06-06 15:00:00,0.0,0
M038,136,2026-06-06 16:00:00,0.0,0
M038,137,2026-06-06 17:00:00,0.0,0
M038,138,2026-06-06 18:00:00,0.0,0
M038,139,2026-06-06 19:00:00,0.0,0
M038,140,2026-06-06 20:00:00,0.0,0
M038,141,2026-06-06 21:00:00,0.0,0
M038,142,2026-06-06 22:00:00,0.0,0
M038,143,2026-06-06 23:00:00,0.0,0
M038,144,2026-06-07 00:00:00,0.0,0
M038,145,2026-06-07 01:00:00,0.0,0
M038,146,2026-06-07 02:00:00,0.0,0
M038,147,2026-06-07 03:00:00,0.0,0
M038,148,2026-06-07 04:00:00,0.0,0
M038,149,2026-06-07 05:00:00,0.0,0
M038,150,2026-06-07 06:00:00,0.0,0
M038,151,2026-06-07 07:00:00,0.0,0
M038,152,2026-06-07 08:00:00,0.0,0
M038,153,2026-06-07 09:00:00,0.0,0
M038,154,2026-06-07 10:00:00,0.0,0
M038,155,2026-06-07 11:00:00,0.0,0
M038,156,2026-06-07 12:00:00,0.0,0
M038,157,2026-06-07 13:00:00,0.0,0
M038,158,2026-06-07 14:00:00,0.0,0
M038,159,2026-06-07 15:00:00,0.0,0
M038,160,2026-06-07 16:00:00,0.0,0
M038,161,2026-06-07 17:00:00,0.0,0
M038,162,2026-06-07 18:00:00,0.0,0
M038,163,2026-06-07 19:00:00,0.0,0
M038,164,2026-06-07 20:00:00,0.0,0
M038,165,2026-06-07 21:00:00,0.0,0
M038,166,2026-06-07 22:00:00,0.0,0
M038,167,2026-06-07 23:00:00,0.0,0
M038,168,2026-06-08 00:00:00,0.0,0
M038,169,2026-06-08 01:00:00,0.0,0
M038,170,2026-06-08 02:00:00,0.0,0
M038,171,2026-06-08 03:00:00,0.0,0
M038,172,2026-06-08 04:00:00,0.0,0
M038,173,2026-06-08 05:00:00,0.0,0
M038,174,2026-06-08 06:00:00,0.0,0
M038,175,2026-06-08 07:00:00,0.0,0
M038,176,2026-06-08 08:00:00,0.0,0
M038,177,2026-06-08 09:00:00,0.0,0
M038,178,2026-06-08 10:00:00,0.0,0
M038,179,2026-06-08 11:00:00,0.0,0
M038,180,2026-06-08 12:00:00,0.0,0
M038,181,2026-06-08 13:00:00,0.0,0
M038,182,2026-06-08 14:00:00,0.0,0
M038,183,2026-06-08 15:00:00,0.0,0
M038,184,2026-06-08 16:00:00,0.0,0
M038,185,2026-06-08 17:00:00,0.0,0
M038,186,2026-06-08 18:00:00,0.0,0
M038,187,2026-06-08 19:00:00,0.0,0
M038,188,2026-06-08 20:00:00,0.0,0
M038,189,2026-06-08 21:00:00,0.0,0
M038,190,2026-06-08 22:00:00,0.0,0
M038,191,2026-06-08 23:00:00,0.0,0
M038,192,2026-06-09 00:00:00,0.0,0
M038,193,2026-06-09 01:00:00,0.0,0
M038,194,2026-06-09 02:00:00,0.0,0
M038,195,2026-06-09 03:00:00,0.0,0
M038,196,2026-06-09 04:00:00,0.0,0
M038,197,2026-06-09 05:00:00,0.0,0
M038,198,2026-06-09 06:00:00,0.0,0
M038,199,2026-06-09 07:00:00,0.0,0
M038,200,2026-06-09 08:00:00,0.0,0
M038,201,2026-06-09 09:00:00,0.0,0
M038,202,2026-06-09 10:00:00,0.0,0
M038,203,2026-06-09 11:00:00,0.0,0
M038,204,2026-06-09 12:00:00,0.0,0
M038,205,2026-06-09 13:00:00,0.0,0
M038,206,2026-06-09 14:00:00,0.0,0
M038,207,2026-06-09 15:00:00,0.0,0
M038,208,2026-06-09 16:00:00,0.0,0
M038,209,2026-06-09 17:00:00,0.0,0
M038,210,2026-06-09 18:00:00,0.0,0
M038,211,2026-06-09 19:00:00,0.0,0
M038,212,2026-06-09 20:00:00,0.0,0
M038,213,2026-06-09 21:00:00,0.0,0
M038,214,2026-06-09 22:00:00,0.0,0
M038,215,2026-06-09 23:00:00,0.0,0
M038,216,2026-06-10 00:00:00,0.0,0
M038,217,2026-06-10 01:00:00,0.0,0
M038,218,2026-06-10 02:00:00,0.0,0
M038,219,2026-06-10 03:00:00,0.0,0
M038,220,2026-06-10 04:00:00,0.0,0
M038,221,2026-06-10 05:00:00,0.0,0
M038,222,2026-06-10 06:00:00,0.0,0
M038,223,2026-06-10 07:00:00,0.0,0
M038,224,2026-06-10 08:00:00,0.0,0
M038,225,2026-06-10 09:00:00,0.0,0
M038,226,2026-06-10 10:00:00,0.0,0
M038,227,2026-06-10 11:00:00,0.0,0
M038,228,2026-06-10 12:00:00,0.0,0
M038,229,2026-06-10 13:00:00,0.0,0
M038,230,2026-06-10 14:00:00,0.0,0
M038,231,2026-06-10 15:00:00,0.0,0
M038,232,2026-06-10 16:00:00,0.0,0
M038,233,2026-06-10 17:00:00,0.0,0
M038,234,2026-06-10 18:00:00,0.0,0
M038,235,2026-06-10 19:00:00,0.0,0
M038,236,2026-06-10 20:00:00,0.0,0
M038,237,2026-06-10 21:00:00,0.0,0
M038,238,2026-06-10 22:00:00,0.0,0
M038,239,2026-06-10 23:00:00,0.0,0
M038,240,2026-06-11 00:00:00,0.0,0
M038,241,2026-06-11 01:00:00,0.0,0
M038,242,2026-06-11 02:00:00,0.0,0
M038,243,2026-06-11 03:00:00,0.0,0
M038,244,2026-06-11 04:00:00,0.0,0
M038,245,2026-06-11 05:00:00,0.0,0
M038,246,2026-06-11 06:00:00,0.0,0
M038,247,2026-06-11 07:00:00,0.0,0
M038,248,2026-06-11 08:00:00,0.0,0
M038,249,2026-06-11 09:00:00,0.0,0
M038,250,2026-06-11 10:00:00,0.0,0
M038,251,2026-06-11 11:00:00,0.0,0
M038,252,2026-06-11 12:00:00,0.0,0
M038,253,2026-06-11 13:00:00,0.0,0
M038,254,2026-06-11 14:00:00,0.0,0
M038,255,2026-06-11 15:00:00,0.0,0
M038,256,2026-06-11 16:00:00,0.0,0
M038,257,2026-06-11 17:00:00,0.0,0
M038,258,2026-06-11 18:00:00,0.0,0
M038,259,2026-06-11 19:00:00,0.0,0
M038,260,2026-06-11 20:00:00,0.0,0
M038,261,2026-06-11 21:00:00,0.0,0
M038,262,2026-06-11 22:00:00,0.0,0
M038,263,2026-06-11 23:00:00,0.0,0
M038,264,2026-06-12 00:00:00,0.0,0
M038,265,2026-06-12 01:00:00,0.0,0
M038,266,2026-06-12 02:00:00,0.0,0
M038,267,2026-06-12 03:00:00,0.0,0
M038,268,2026-06-12 04:00:00,0.0,0
M038,269,2026-06-12 05:00:00,0.0,0
M038,270,2026-06-12 06:00:00,0.0,0
M038,271,2026-06-12 07:00:00,0.0,0
M038,272,2026-06-12 08:00:00,0.0,0
M038,273,2026-06-12 09:00:00,0.0,0
M038,274,2026-06-12 10:00:00,0.0,0
M038,275,2026-06-12 11:00:00,0.0,0
M038,276,2026-06-12 12:00:00,0.0,0
M038,277,2026-06-12 13:00:00,0.0,0
M038,278,2026-06-12 14:00:00,0.0,0
M038,279,2026-06-12 15:00:00,0.0,0
M038,280,2026-06-12 16:00:00,0.0,0
M038,281,2026-06-12 17:00:00,0.0,0
M038,282,2026-06-12 18:00:00,0.0,0
M038,283,2026-06-12 19:00:00,0.0,0
M038,284,2026-06-12 20:00:00,0.0,0
M038,285,2026-06-12 21:00:00,0.0,0
M038,286,2026-06-12 22:00:00,0.0,0
M038,287,2026-06-12 23:00:00,0.0,0
M038,288,2026-06-13 00:00:00,0.0,0
M038,289,2026-06-13 01:00:00,0.0,0
M038,290,2026-06-13 02:00:00,0.0,0
M038,291,2026-06-13 03:00:00,0.0,0
M038,292,2026-06-13 04:00:00,0.0,0
M038,293,2026-06-13 05:00:00,0.0,0
M038,294,2026-06-13 06:00:00,0.0,0
M038,295,2026-06-13 07:00:00,0.0,0
M038,296,2026-06-13 08:00:00,0.0,0
M038,297,2026-06-13 09:00:00,0.0,0
M038,298,2026-06-13 10:00:00,0.0,0
M038,299,2026-06-13 11:00:00,0.0,0
M038,300,2026-06-13 12:00:00,0.0,0
M038,301,2026-06-13 13:00:00,0.0,0
M038,302,2026-06-13 14:00:00,0.0,0
M038,303,2026-06-13 15:00:00,0.0,0
M038,304,2026-06-13 16:00:00,0.0,0
M038,305,2026-06-13 17:00:00,0.0,0
M038,306,2026-06-13 18:00:00,0.0,0
M038,307,2026-06-13 19:00:00,0.0,0
M038,308,2026-06-13 20:00:00,0.0,0
M038,309,2026-06-13 21:00:00,0.0,0
M038,310,2026-06-13 22:00:00,0.0,0
M038,311,2026-06-13 23:00:00,0.0,0
M038,312,2026-06-14 00:00:00,0.0,0
M038,313,2026-06-14 01:00:00,0.0,0
M038,314,2026-06-14 02:00:00,0.0,0
M038,315,2026-06-14 03:00:00,0.0,0
M038,316,2026-06-14 04:00:00,0.0,0
M038,317,2026-06-14 05:00:00,0.0,0
M038,318,2026-06-14 06:00:00,0.0,0
M038,319,2026-06-14 07:00:00,0.0,0
M038,320,2026-06-14 08:00:00,0.0,0
M038,321,2026-06-14 09:00:00,0.0,0
M038,322,2026-06-14 10:00:00,0.0,0
M038,323,2026-06-14 11:00:00,0.0,0
M038,324,2026-06-14 12:00:00,0.0,0
M038,325,2026-06-14 13:00:00,0.0,0
M038,326,2026-06-14 14:00:00,0.0,0
M038,327,2026-06-14 15:00:00,0.0,0
M038,328,2026-06-14 16:00:00,0.0,0
M038,329,2026-06-14 17:00:00,0.0,0
M038,330,2026-06-14 18:00:00,0.0,0
M038,331,2026-06-14 19:00:00,0.0,0
M038,332,2026-06-14 20:00:00,0.0,0
M038,333,2026-06-14 21:00:00,0.0,0
M038,334,2026-06-14 22:00:00,0.0,0
M038,335,2026-06-14 23:00:00,0.0,0
M038,336,2026-06-15 00:00:00,0.0,0
M038,337,2026-06-15 01:00:00,0.0,0
M038,338,2026-06-15 02:00:00,0.0,0
M038,339,2026-06-15 03:00:00,0.0,0
M038,340,2026-06-15 04:00:00,0.0,0
M038,341,2026-06-15 05:00:00,0.0,0
M038,342,2026-06-15 06:00:00,0.0,0
M038,343,2026-06-15 07:00:00,0.0,0
M038,344,2026-06-15 08:00:00,0.0,0
M038,345,2026-06-15 09:00:00,0.0,0
M038,346,2026-06-15 10:00:00,0.0,0
M038,347,2026-06-15 11:00:00,0.0,0
M038,348,2026-06-15 12:00:00,0.0,0
M038,349,2026-06-15 13:00:00,0.0,0
M038,350,2026-06-15 14:00:00,0.0,0
M038,351,2026-06-15 15:00:00,0.0,0
M038,352,2026-06-15 16:00:00,0.0,0
M038,353,2026-06-15 17:00:00,0.0,0
M038,354,2026-06-15 18:00:00,0.0,0
M038,355,2026-06-15 19:00:00,0.0,0
M038,356,2026-06-15 20:00:00,0.0,0
M038,357,2026-06-15 21:00:00,0.0,0
M038,358,2026-06-15 22:00:00,0.0,0
M038,359,2026-06-15 23:00:00,0.0,0
M038,360,2026-06-16 00:00:00,0.0,0
M038,361,2026-06-16 01:00:00,0.0,0
M038,362,2026-06-16 02:00:00,0.0,0
M038,363,2026-06-16 03:00:00,0.0,0
M038,364,2026-06-16 04:00:00,0.0,0
M038,365,2026-06-16 05:00:00,0.0,0
M038,366,2026-06-16 06:00:00,0.0,0
M038,367,2026-06-16 07:00:00,0.0,0
M038,368,2026-06-16 08:00:00,0.0,0
M038,369,2026-06-16 09:00:00,0.0,0
M038,370,2026-06-16 10:00:00,0.0,0
M038,371,2026-06-16 11:00:00,0.0,0
M038,372,2026-06-16 12:00:00,0.0,0
M038,373,2026-06-16 13:00:00,0.0,0
M038,374,2026-06-16 14:00:00,0.0,0
M038,375,2026-06-16 15:00:00,0.0,0
M038,376,2026-06-16 16:00:00,0.0,0
M038,377,2026-06-16 17:00:00,0.0,0
M038,378,2026-06-16 18:00:00,0.0,0
M038,379,2026-06-16 19:00:00,0.0,0
M038,380,2026-06-16 20:00:00,0.0,0
M038,381,2026-06-16 21:00:00,0.0029423467705041867,0
M038,382,2026-06-16 22:00:00,0.0,0
M038,383,2026-06-16 23:00:00,0.0,0
M038,384,2026-06-17 00:00:00,0.0,0
M038,385,2026-06-17 01:00:00,0.0,0
M038,386,2026-06-17 02:00:00,0.0,0
M038,387,2026-06-17 03:00:00,0.0,0
M038,388,2026-06-17 04:00:00,0.0,0
M038,389,2026-06-17 05:00:00,0.0,0
M038,390,2026-06-17 06:00:00,0.0,0
M038,391,2026-06-17 07:00:00,0.0,0
M038,392,2026-06-17 08:00:00,0.0,0
M038,393,2026-06-17 09:00:00,0.0,0
M038,394,2026-06-17 10:00:00,0.0,0
M038,395,2026-06-17 11:00:00,0.0,0
M038,396,2026-06-17 12:00:00,0.0,0
M038,397,2026-06-17 13:00:00,0.0,0
M038,398,2026-06-17 14:00:00,0.0,0
M038,399,2026-06-17 15:00:00,0.0,0
M038,400,2026-06-17 16:00:00,0.0,0
M038,401,2026-06-17 17:00:00,0.0,0
M038,402,2026-06-17 18:00:00,0.0,0
M038,403,2026-06-17 19:00:00,0.0,0
M038,404,2026-06-17 20:00:00,0.0,0
M038,405,2026-06-17 21:00:00,0.0,0
M038,406,2026-06-17 22:00:00,0.0,0
M038,407,2026-06-17 23:00:00,0.0,0
M038,408,2026-06-18 00:00:00,0.0,0
M038,409,2026-06-18 01:00:00,0.0,0
M038,410,2026-06-18 02:00:00,0.0,0
M038,411,2026-06-18 03:00:00,0.0,0
M038,412,2026-06-18 04:00:00,0.0,0
M038,413,2026-06-18 05:00:00,0.0,0
M038,414,2026-06-18 06:00:00,0.0,0
M038,415,2026-06-18 07:00:00,0.0,0
M038,416,2026-06-18 08:00:00,0.0,0
M038,417,2026-06-18 09:00:00,0.0,0
M038,418,2026-06-18 10:00:00,0.0,0
M038,419,2026-06-18 11:00:00,0.0,0
M038,420,2026-06-18 12:00:00,0.0,0
M038,421,2026-06-18 13:00:00,0.0,0
M038,422,2026-06-18 14:00:00,0.0,0
M038,423,2026-06-18 15:00:00,0.0,0
M038,424,2026-06-18 16:00:00,0.0,0
M038,425,2026-06-18 17:00:00,0.0,0
M038,426,2026-06-18 18:00:00,0.0,0
M038,427,2026-06-18 19:00:00,0.0,0
M038,428,2026-06-18 20:00:00,0.0,0
M038,429,2026-06-18 21:00:00,0.0,0
M038,430,2026-06-18 22:00:00,0.0,0
M038,431,2026-06-18 23:00:00,0.0,0
M038,432,2026-06-19 00:00:00,0.0,0
M038,433,2026-06-19 01:00:00,0.0,0
M038,434,2026-06-19 02:00:00,0.0,0
M038,435,2026-06-19 03:00:00,0.0,0
M038,436,2026-06-19 04:00:00,0.0,0
M038,437,2026-06-19 05:00:00,0.0,0
M038,438,2026-06-19 06:00:00,0.0,0
M038,439,2026-06-19 07:00:00,0.0,0
M038,440,2026-06-19 08:00:00,0.0,0
M038,441,2026-06-19 09:00:00,0.0,0
M038,442,2026-06-19 10:00:00,0.0,0
M038,443,2026-06-19 11:00:00,0.0,0
M038,444,2026-06-19 12:00:00,0.0,0
M038,445,2026-06-19 13:00:00,0.0,0
M038,446,2026-06-19 14:00:00,0.0,0
M038,447,2026-06-19 15:00:00,0.0,0
M038,448,2026-06-19 16:00:00,0.0,0
M038,449,2026-06-19 17:00:00,0.0,0
M038,450,2026-06-19 18:00:00,0.0,0
M038,451,2026-06-19 19:00:00,0.0,0
M038,452,2026-06-19 20:00:00,0.0,0
M038,453,2026-06-19 21:00:00,0.0,0
M038,454,2026-06-19 22:00:00,0.0,0
M038,455,2026-06-19 23:00:00,0.0,0
M038,456,2026-06-20 00:00:00,0.0,0
M038,457,2026-06-20 01:00:00,0.0,0
M038,458,2026-06-20 02:00:00,0.0,0
M038,459,2026-06-20 03:00:00,0.0,0
M038,460,2026-06-20 04:00:00,0.0,0
M038,461,2026-06-20 05:00:00,0.0,0
M038,462,2026-06-20 06:00:00,0.0,0
M038,463,2026-06-20 07:00:00,0.0,0
M038,464,2026-06-20 08:00:00,0.0,0
M038,465,2026-06-20 09:00:00,0.0,0
M038,466,2026-06-20 10:00:00,0.0,0
M038,467,2026-06-20 11:00:00,0.0,0
M038,468,2026-06-20 12:00:00,0.0,0
M038,469,2026-06-20 13:00:00,0.0,0
M038,470,2026-06-20 14:00:00,0.0,0
M038,471,2026-06-20 15:00:00,0.0,0
M038,472,2026-06-20 16:00:00,0.0,0
M038,473,2026-06-20 17:00:00,0.0,0
M038,474,2026-06-20 18:00:00,0.0,0
M038,475,2026-06-20 19:00:00,0.0,0
M038,476,2026-06-20 20:00:00,0.0,0
M038,477,2026-06-20 21:00:00,0.0,0
M038,478,2026-06-20 22:00:00,0.0,0
M038,479,2026-06-20 23:00:00,0.0,0
M038,480,2026-06-21 00:00:00,0.0,0
M038,481,2026-06-21 01:00:00,0.0,0
M038,482,2026-06-21 02:00:00,0.0,0
M038,483,2026-06-21 03:00:00,0.0,0
M038,484,2026-06-21 04:00:00,0.0,0
M038,485,2026-06-21 05:00:00,0.0,0
M038,486,2026-06-21 06:00:00,0.0,0
M038,487,2026-06-21 07:00:00,0.0,0
M038,488,2026-06-21 08:00:00,0.0,0
M038,489,2026-06-21 09:00:00,0.0,0
M038,490,2026-06-21 10:00:00,0.0,0
M038,491,2026-06-21 11:00:00,0.0,0
M038,492,2026-06-21 12:00:00,0.0,0
M038,493,2026-06-21 13:00:00,0.0,0
M038,494,2026-06-21 14:00:00,0.0,0
M038,495,2026-06-21 15:00:00,0.0,0
M038,496,2026-06-21 16:00:00,0.0,0
M038,497,2026-06-21 17:00:00,0.0,0
M038,498,2026-06-21 18:00:00,0.0,0
M038,499,2026-06-21 19:00:00,0.0,0
M038,500,2026-06-21 20:00:00,0.0,0
M038,501,2026-06-21 21:00:00,0.0,0
M038,502,2026-06-21 22:00:00,0.0,0
M038,503,2026-06-21 23:00:00,0.0,0
M038,504,2026-06-22 00:00:00,0.0,0
M038,505,2026-06-22 01:00:00,0.0,0
M038,506,2026-06-22 02:00:00,0.0,0
M038,507,2026-06-22 03:00:00,0.0,0
M038,508,2026-06-22 04:00:00,0.0,0
M038,509,2026-06-22 05:00:00,0.0,0
M038,510,2026-06-22 06:00:00,0.0,0
M038,511,2026-06-22 07:00:00,0.0,0
M038,512,2026-06-22 08:00:00,0.0,0
M038,513,2026-06-22 09:00:00,0.0,0
M038,514,2026-06-22 10:00:00,0.0,0
M038,515,2026-06-22 11:00:00,0.0,0
M038,516,2026-06-22 12:00:00,0.0,0
M038,517,2026-06-22 13:00:00,0.0,0
M038,518,2026-06-22 14:00:00,0.0,0
M038,519,2026-06-22 15:00:00,0.0,0
M038,520,2026-06-22 16:00:00,0.0,0
M038,521,2026-06-22 17:00:00,0.0,0
M038,522,2026-06-22 18:00:00,0.0,0
M038,523,2026-06-22 19:00:00,0.0,0
M038,524,2026-06-22 20:00:00,0.0,0
M038,525,2026-06-22 21:00:00,0.0,0
M038,526,2026-06-22 22:00:00,0.0,0
M038,527,2026-06-22 23:00:00,0.0,0
M038,528,2026-06-23 00:00:00,0.0,0
M038,529,2026-06-23 01:00:00,0.0,0
M038,530,2026-06-23 02:00:00,0.0,0
M038,531,2026-06-23 03:00:00,0.0,0
M038,532,2026-06-23 04:00:00,0.0,0
M038,533,2026-06-23 05:00:00,0.0,0
M038,534,2026-06-23 06:00:00,0.0,0
M038,535,2026-06-23 07:00:00,0.0,0
M038,536,2026-06-23 08:00:00,0.0,0
M038,537,2026-06-23 09:00:00,0.0,0
M038,538,2026-06-23 10:00:00,0.0,0
M038,539,2026-06-23 11:00:00,0.0,0
M038,540,2026-06-23 12:00:00,0.0,0
M038,541,2026-06-23 13:00:00,0.0,0
M038,542,2026-06-23 14:00:00,0.0,0
M038,543,2026-06-23 15:00:00,0.0,0
M038,544,2026-06-23 16:00:00,0.0,0
M038,545,2026-06-23 17:00:00,0.0,0
M038,546,2026-06-23 18:00:00,0.0,0
M038,547,2026-06-23 19:00:00,0.0,0
M038,548,2026-06-23 20:00:00,0.0,0
M038,549,2026-06-23 21:00:00,0.0,0
M038,550,2026-06-23 22:00:00,0.0,0
M038,551,2026-06-23 23:00:00,0.0,0
M038,552,2026-06-24 00:00:00,0.0,0
M038,553,2026-06-24 01:00:00,0.0,0
M038,554,2026-06-24 02:00:00,0.0,0
M038,555,2026-06-24 03:00:00,0.0,0
M038,556,2026-06-24 04:00:00,0.0,0
M038,557,2026-06-24 05:00:00,0.0,0
M038,558,2026-06-24 06:00:00,0.0,0
M038,559,2026-06-24 07:00:00,0.0,0
M038,560,2026-06-24 08:00:00,0.0,0
M038,561,2026-06-24 09:00:00,0.0,0
M038,562,2026-06-24 10:00:00,0.0,0
M038,563,2026-06-24 11:00:00,0.0,0
M038,564,2026-06-24 12:00:00,0.0,0
M038,565,2026-06-24 13:00:00,0.0,0
M038,566,2026-06-24 14:00:00,0.0,0
M038,567,2026-06-24 15:00:00,0.0,0
M038,568,2026-06-24 16:00:00,0.0,0
M038,569,2026-06-24 17:00:00,0.0,0
M038,570,2026-06-24 18:00:00,0.0,0
M038,571,2026-06-24 19:00:00,0.0,0
M038,572,2026-06-24 20:00:00,0.0,0
M038,573,2026-06-24 21:00:00,0.0,0
M038,574,2026-06-24 22:00:00,0.0,0
M038,575,2026-06-24 23:00:00,0.0,0
M038,576,2026-06-25 00:00:00,0.0,0
M038,577,2026-06-25 01:00:00,0.0,0
M038,578,2026-06-25 02:00:00,0.0,0
M038,579,2026-06-25 03:00:00,0.0,0
M038,580,2026-06-25 04:00:00,0.0,0
M038,581,2026-06-25 05:00:00,0.0,0
M038,582,2026-06-25 06:00:00,0.0,0
M038,583,2026-06-25 07:00:00,0.0,0
M038,584,2026-06-25 08:00:00,0.0,0
M038,585,2026-06-25 09:00:00,0.0,0
M038,586,2026-06-25 10:00:00,0.0,0
M038,587,2026-06-25 11:00:00,0.0,0
M038,588,2026-06-25 12:00:00,0.0,0
M038,589,2026-06-25 13:00:00,0.0,0
M038,590,2026-06-25 14:00:00,0.0,0
M038,591,2026-06-25 15:00:00,0.0,0
M038,592,2026-06-25 16:00:00,0.0,0
M038,593,2026-06-25 17:00:00,0.0,0
M038,594,2026-06-25 18:00:00,0.0,0
M038,595,2026-06-25 19:00:00,0.0,0
M038,596,2026-06-25 20:00:00,0.0,0
M038,597,2026-06-25 21:00:00,0.0,0
M038,598,2026-06-25 22:00:00,0.0,0
M038,599,2026-06-25 23:00:00,0.0,0
M038,600,2026-06-26 00:00:00,0.0,0
M038,601,2026-06-26 01:00:00,0.0,0
M038,602,2026-06-26 02:00:00,0.0,0
M038,603,2026-06-26 03:00:00,0.0,0
M038,604,2026-06-26 04:00:00,0.0,0
M038,605,2026-06-26 05:00:00,0.0,0
M038,606,2026-06-26 06:00:00,0.0,0
M038,607,2026-06-26 07:00:00,0.0,0
M038,608,2026-06-26 08:00:00,0.0,0
M038,609,2026-06-26 09:00:00,0.0,0
M038,610,2026-06-26 10:00:00,0.0,0
M038,611,2026-06-26 11:00:00,0.0,0
M038,612,2026-06-26 12:00:00,0.0,0
M038,613,2026-06-26 13:00:00,0.0,0
M038,614,2026-06-26 14:00:00,0.0,0
M038,615,2026-06-26 15:00:00,0.0,0
M038,616,2026-06-26 16:00:00,0.0,0
M038,617,2026-06-26 17:00:00,0.0,0
M038,618,2026-06-26 18:00:00,0.0,0
M038,619,2026-06-26 19:00:00,0.0,0
M038,620,2026-06-26 20:00:00,0.0026493715204040633,0
M038,621,2026-06-26 21:00:00,0.0026493715204040633,0
M038,622,2026-06-26 22:00:00,0.0,0
M038,623,2026-06-26 23:00:00,0.0,0
M038,624,2026-06-27 00:00:00,0.0,0
M038,625,2026-06-27 01:00:00,0.0,0
M038,626,2026-06-27 02:00:00,0.0027781116051756602,0
M038,627,2026-06-27 03:00:00,0.0,0
M038,628,2026-06-27 04:00:00,0.0,0
M038,629,2026-06-27 05:00:00,0.0,0
M038,630,2026-06-27 06:00:00,0.0,0
M038,631,2026-06-27 07:00:00,0.0,0
M038,632,2026-06-27 08:00:00,0.0,0
M038,633,2026-06-27 09:00:00,0.0,0
M038,634,2026-06-27 10:00:00,0.0,0
M038,635,2026-06-27 11:00:00,0.0,0
M038,636,2026-06-27 12:00:00,0.0,0
M038,637,2026-06-27 13:00:00,0.0,0
M038,638,2026-06-27 14:00:00,0.0,0
M038,639,2026-06-27 15:00:00,0.0,0
M038,640,2026-06-27 16:00:00,0.0,0
M038,641,2026-06-27 17:00:00,0.0,0
M038,642,2026-06-27 18:00:00,0.0,0
M038,643,2026-06-27 19:00:00,0.0,0
M038,644,2026-06-27 20:00:00,0.0,0
M038,645,2026-06-27 21:00:00,0.0,0
M038,646,2026-06-27 22:00:00,0.0,0
M038,647,2026-06-27 23:00:00,0.0,0
M038,648,2026-06-28 00:00:00,0.0,0
M038,649,2026-06-28 01:00:00,0.0,0
M038,650,2026-06-28 02:00:00,0.0,0
M038,651,2026-06-28 03:00:00,0.0,0
M038,652,2026-06-28 04:00:00,0.0,0
M038,653,2026-06-28 05:00:00,0.0,0
M038,654,2026-06-28 06:00:00,0.0,0
M038,655,2026-06-28 07:00:00,0.0,0
M038,656,2026-06-28 08:00:00,0.0,0
M038,657,2026-06-28 09:00:00,0.0,0
M038,658,2026-06-28 10:00:00,0.0,0
M038,659,2026-06-28 11:00:00,0.0,0
M038,660,2026-06-28 12:00:00,0.0,0
M038,661,2026-06-28 13:00:00,0.0,0
M038,662,2026-06-28 14:00:00,0.0,0
M038,663,2026-06-28 15:00:00,0.0,0
M038,664,2026-06-28 16:00:00,0.002632661221225795,0
M038,665,2026-06-28 17:00:00,0.0,0
M038,666,2026-06-28 18:00:00,0.0,0
M038,667,2026-06-28 19:00:00,0.0,0
M038,668,2026-06-28 20:00:00,0.0,0
M038,669,2026-06-28 21:00:00,0.0,0
M038,670,2026-06-28 22:00:00,0.0,0
M038,671,2026-06-28 23:00:00,0.0,0
M038,672,2026-06-29 00:00:00,0.0,0
M038,673,2026-06-29 01:00:00,0.0,0
M038,674,2026-06-29 02:00:00,0.0,0
M038,675,2026-06-29 03:00:00,0.0,0
M038,676,2026-06-29 04:00:00,0.0,0
M038,677,2026-06-29 05:00:00,0.0,0
M038,678,2026-06-29 06:00:00,0.0,0
M038,679,2026-06-29 07:00:00,0.0,0
M038,680,2026-06-29 08:00:00,0.0,0
M038,681,2026-06-29 09:00:00,0.0,0
M038,682,2026-06-29 10:00:00,0.0,0
M038,683,2026-06-29 11:00:00,0.0,0
M038,684,2026-06-29 12:00:00,0.0,0
M038,685,2026-06-29 13:00:00,0.0,0
M038,686,2026-06-29 14:00:00,0.0,0
M038,687,2026-06-29 15:00:00,0.0,0
M038,688,2026-06-29 16:00:00,0.0,0
M038,689,2026-06-29 17:00:00,0.0,0
M038,690,2026-06-29 18:00:00,0.0,0
M038,691,2026-06-29 19:00:00,0.0,0
M038,692,2026-06-29 20:00:00,0.0,0
M038,693,2026-06-29 21:00:00,0.0,0
M038,694,2026-06-29 22:00:00,0.0,0
M038,695,2026-06-29 23:00:00,0.0,0
M038,696,2026-06-30 00:00:00,0.0,0
M038,697,2026-06-30 01:00:00,0.0,0
M038,698,2026-06-30 02:00:00,0.0,0
M038,699,2026-06-30 03:00:00,0.0,0
M038,700,2026-06-30 04:00:00,0.0,0
M038,701,2026-06-30 05:00:00,0.0,0
M038,702,2026-06-30 06:00:00,0.0,0
M038,703,2026-06-30 07:00:00,0.0,0
M038,704,2026-06-30 08:00:00,0.0,0
M038,705,2026-06-30 09:00:00,0.0,0
M038,706,2026-06-30 10:00:00,0.0,0
M038,707,2026-06-30 11:00:00,0.0,0
M038,708,2026-06-30 12:00:00,0.0,0
M038,709,2026-06-30 13:00:00,0.0,0
M038,710,2026-06-30 14:00:00,0.0,0
M038,711,2026-06-30 15:00:00,0.0,0
M038,712,2026-06-30 16:00:00,0.0,0
M038,713,2026-06-30 17:00:00,0.0,0
M038,714,2026-06-30 18:00:00,0.0,0
M038,715,2026-06-30 19:00:00,0.0,0
M038,716,2026-06-30 20:00:00,0.0,0
M038,717,2026-06-30 21:00:00,0.0,0
M038,718,2026-06-30 22:00:00,0.0,0
M038,719,2026-06-30 23:00:00,0.0,0
M039,23,2026-06-01 23:00:00,0.0026088183819793363,0
M039,24,2026-06-02 00:00:00,0.0,0
M039,25,2026-06-02 01:00:00,0.0,0
M039,26,2026-06-02 02:00:00,0.0,0
M039,27,2026-06-02 03:00:00,0.0,0
M039,28,2026-06-02 04:00:00,0.0,0
M039,29,2026-06-02 05:00:00,0.0,0
M039,30,2026-06-02 06:00:00,0.0,0
M039,31,2026-06-02 07:00:00,0.0,0
M039,32,2026-06-02 08:00:00,0.0,0
M039,33,2026-06-02 09:00:00,0.0,0
M039,34,2026-06-02 10:00:00,0.0,0
M039,35,2026-06-02 11:00:00,0.0,0
M039,36,2026-06-02 12:00:00,0.0,0
M039,37,2026-06-02 13:00:00,0.0,0
M039,38,2026-06-02 14:00:00,0.0,0
M039,39,2026-06-02 15:00:00,0.0,0
M039,40,2026-06-02 16:00:00,0.0,0
M039,41,2026-06-02 17:00:00,0.0,0
M039,42,2026-06-02 18:00:00,0.0,0
M039,43,2026-06-02 19:00:00,0.0,0
M039,44,2026-06-02 20:00:00,0.0,0
M039,45,2026-06-02 21:00:00,0.0,0
M039,46,2026-06-02 22:00:00,0.0,0
M039,47,2026-06-02 23:00:00,0.0,0
M039,48,2026-06-03 00:00:00,0.0,0
M039,49,2026-06-03 01:00:00,0.0,0
M039,50,2026-06-03 02:00:00,0.0,0
M039,51,2026-06-03 03:00:00,0.0,0
M039,52,2026-06-03 04:00:00,0.0,0
M039,53,2026-06-03 05:00:00,0.0,0
M039,54,2026-06-03 06:00:00,0.0,0
M039,55,2026-06-03 07:00:00,0.0,0
M039,56,2026-06-03 08:00:00,0.0,0
M039,57,2026-06-03 09:00:00,0.0,0
M039,58,2026-06-03 10:00:00,0.0,0
M039,59,2026-06-03 11:00:00,0.0,0
M039,60,2026-06-03 12:00:00,0.0,0
M039,61,2026-06-03 13:00:00,0.0,0
M039,62,2026-06-03 14:00:00,0.0,0
M039,63,2026-06-03 15:00:00,0.0,0
M039,64,2026-06-03 16:00:00,0.0,0
M039,65,2026-06-03 17:00:00,0.0,0
M039,66,2026-06-03 18:00:00,0.0,0
M039,67,2026-06-03 19:00:00,0.0,0
M039,68,2026-06-03 20:00:00,0.0,0
M039,69,2026-06-03 21:00:00,0.0,0
M039,70,2026-06-03 22:00:00,0.0,0
M039,71,2026-06-03 23:00:00,0.0,0
M039,72,2026-06-04 00:00:00,0.0,0
M039,73,2026-06-04 01:00:00,0.0,0
M039,74,2026-06-04 02:00:00,0.0,0
M039,75,2026-06-04 03:00:00,0.0,0
M039,76,2026-06-04 04:00:00,0.0,0
M039,77,2026-06-04 05:00:00,0.0,0
M039,78,2026-06-04 06:00:00,0.0,0
M039,79,2026-06-04 07:00:00,0.0,0
M039,80,2026-06-04 08:00:00,0.0,0
M039,81,2026-06-04 09:00:00,0.0,0
M039,82,2026-06-04 10:00:00,0.0,0
M039,83,2026-06-04 11:00:00,0.0,0
M039,84,2026-06-04 12:00:00,0.0,0
M039,85,2026-06-04 13:00:00,0.0,0
M039,86,2026-06-04 14:00:00,0.0,0
M039,87,2026-06-04 15:00:00,0.0,0
M039,88,2026-06-04 16:00:00,0.0,0
M039,89,2026-06-04 17:00:00,0.0,0
M039,90,2026-06-04 18:00:00,0.0,0
M039,91,2026-06-04 19:00:00,0.0,0
M039,92,2026-06-04 20:00:00,0.0,0
M039,93,2026-06-04 21:00:00,0.0,0
M039,94,2026-06-04 22:00:00,0.0,0
M039,95,2026-06-04 23:00:00,0.0,0
M039,96,2026-06-05 00:00:00,0.0,0
M039,97,2026-06-05 01:00:00,0.0,0
M039,98,2026-06-05 02:00:00,0.0,0
M039,99,2026-06-05 03:00:00,0.0,0
M039,100,2026-06-05 04:00:00,0.0,0
M039,101,2026-06-05 05:00:00,0.0,0
M039,102,2026-06-05 06:00:00,0.0,0
M039,103,2026-06-05 07:00:00,0.0,0
M039,104,2026-06-05 08:00:00,0.0,0
M039,105,2026-06-05 09:00:00,0.0,0
M039,106,2026-06-05 10:00:00,0.0,0
M039,107,2026-06-05 11:00:00,0.0,0
M039,108,2026-06-05 12:00:00,0.0,0
M039,109,2026-06-05 13:00:00,0.0,0
M039,110,2026-06-05 14:00:00,0.0,0
M039,111,2026-06-05 15:00:00,0.0,0
M039,112,2026-06-05 16:00:00,0.0,0
M039,113,2026-06-05 17:00:00,0.0,0
M039,114,2026-06-05 18:00:00,0.0,0
M039,115,2026-06-05 19:00:00,0.0,0
M039,116,2026-06-05 20:00:00,0.0,0
M039,117,2026-06-05 21:00:00,0.0,0
M039,118,2026-06-05 22:00:00,0.0,0
M039,119,2026-06-05 23:00:00,0.0,0
M039,120,2026-06-06 00:00:00,0.0,0
M039,121,2026-06-06 01:00:00,0.0,0
M039,122,2026-06-06 02:00:00,0.0,0
M039,123,2026-06-06 03:00:00,0.0,0
M039,124,2026-06-06 04:00:00,0.0,0
M039,125,2026-06-06 05:00:00,0.0,0
M039,126,2026-06-06 06:00:00,0.0,0
M039,127,2026-06-06 07:00:00,0.0,0
M039,128,2026-06-06 08:00:00,0.0,0
M039,129,2026-06-06 09:00:00,0.0,0
M039,130,2026-06-06 10:00:00,0.0,0
M039,131,2026-06-06 11:00:00,0.0,0
M039,132,2026-06-06 12:00:00,0.0,0
M039,133,2026-06-06 13:00:00,0.0,0
M039,134,2026-06-06 14:00:00,0.0,0
M039,135,2026-06-06 15:00:00,0.0,0
M039,136,2026-06-06 16:00:00,0.0,0
M039,137,2026-06-06 17:00:00,0.0,0
M039,138,2026-06-06 18:00:00,0.0,0
M039,139,2026-06-06 19:00:00,0.0,0
M039,140,2026-06-06 20:00:00,0.0,0
M039,141,2026-06-06 21:00:00,0.0,0
M039,142,2026-06-06 22:00:00,0.0,0
M039,143,2026-06-06 23:00:00,0.0,0
M039,144,2026-06-07 00:00:00,0.0,0
M039,145,2026-06-07 01:00:00,0.0,0
M039,146,2026-06-07 02:00:00,0.0,0
M039,147,2026-06-07 03:00:00,0.0,0
M039,148,2026-06-07 04:00:00,0.0,0
M039,149,2026-06-07 05:00:00,0.0,0
M039,150,2026-06-07 06:00:00,0.0,0
M039,151,2026-06-07 07:00:00,0.0,0
M039,152,2026-06-07 08:00:00,0.0,0
M039,153,2026-06-07 09:00:00,0.0,0
M039,154,2026-06-07 10:00:00,0.0,0
M039,155,2026-06-07 11:00:00,0.0,0
M039,156,2026-06-07 12:00:00,0.0,0
M039,157,2026-06-07 13:00:00,0.0,0
M039,158,2026-06-07 14:00:00,0.0,0
M039,159,2026-06-07 15:00:00,0.0,0
M039,160,2026-06-07 16:00:00,0.0,0
M039,161,2026-06-07 17:00:00,0.0,0
M039,162,2026-06-07 18:00:00,0.0,0
M039,163,2026-06-07 19:00:00,0.0,0
M039,164,2026-06-07 20:00:00,0.0,0
M039,165,2026-06-07 21:00:00,0.0,0
M039,166,2026-06-07 22:00:00,0.0,0
M039,167,2026-06-07 23:00:00,0.0,0
M039,168,2026-06-08 00:00:00,0.0,0
M039,169,2026-06-08 01:00:00,0.0,0
M039,170,2026-06-08 02:00:00,0.0,0
M039,171,2026-06-08 03:00:00,0.0,0
M039,172,2026-06-08 04:00:00,0.0,0
M039,173,2026-06-08 05:00:00,0.0,0
M039,174,2026-06-08 06:00:00,0.0,0
M039,175,2026-06-08 07:00:00,0.0,0
M039,176,2026-06-08 08:00:00,0.0,0
M039,177,2026-06-08 09:00:00,0.0,0
M039,178,2026-06-08 10:00:00,0.0,0
M039,179,2026-06-08 11:00:00,0.0,0
M039,180,2026-06-08 12:00:00,0.0,0
M039,181,2026-06-08 13:00:00,0.0,0
M039,182,2026-06-08 14:00:00,0.0,0
M039,183,2026-06-08 15:00:00,0.0,0
M039,184,2026-06-08 16:00:00,0.0,0
M039,185,2026-06-08 17:00:00,0.0,0
M039,186,2026-06-08 18:00:00,0.0,0
M039,187,2026-06-08 19:00:00,0.0,0
M039,188,2026-06-08 20:00:00,0.0,0
M039,189,2026-06-08 21:00:00,0.0,0
M039,190,2026-06-08 22:00:00,0.0,0
M039,191,2026-06-08 23:00:00,0.0,0
M039,192,2026-06-09 00:00:00,0.0,0
M039,193,2026-06-09 01:00:00,0.0,0
M039,194,2026-06-09 02:00:00,0.0,0
M039,195,2026-06-09 03:00:00,0.0,0
M039,196,2026-06-09 04:00:00,0.0,0
M039,197,2026-06-09 05:00:00,0.0,0
M039,198,2026-06-09 06:00:00,0.0,0
M039,199,2026-06-09 07:00:00,0.0,0
M039,200,2026-06-09 08:00:00,0.0,0
M039,201,2026-06-09 09:00:00,0.0,0
M039,202,2026-06-09 10:00:00,0.0,0
M039,203,2026-06-09 11:00:00,0.0,0
M039,204,2026-06-09 12:00:00,0.0,0
M039,205,2026-06-09 13:00:00,0.0,0
M039,206,2026-06-09 14:00:00,0.0,0
M039,207,2026-06-09 15:00:00,0.0,0
M039,208,2026-06-09 16:00:00,0.0,0
M039,209,2026-06-09 17:00:00,0.0,0
M039,210,2026-06-09 18:00:00,0.0,0
M039,211,2026-06-09 19:00:00,0.0,0
M039,212,2026-06-09 20:00:00,0.0,0
M039,213,2026-06-09 21:00:00,0.0,0
M039,214,2026-06-09 22:00:00,0.0,0
M039,215,2026-06-09 23:00:00,0.0,0
M039,216,2026-06-10 00:00:00,0.0,0
M039,217,2026-06-10 01:00:00,0.0,0
M039,218,2026-06-10 02:00:00,0.0,0
M039,219,2026-06-10 03:00:00,0.0,0
M039,220,2026-06-10 04:00:00,0.0,0
M039,221,2026-06-10 05:00:00,0.0,0
M039,222,2026-06-10 06:00:00,0.0,0
M039,223,2026-06-10 07:00:00,0.0,0
M039,224,2026-06-10 08:00:00,0.0,0
M039,225,2026-06-10 09:00:00,0.0,0
M039,226,2026-06-10 10:00:00,0.0,0
M039,227,2026-06-10 11:00:00,0.0,0
M039,228,2026-06-10 12:00:00,0.0,0
M039,229,2026-06-10 13:00:00,0.0,0
M039,230,2026-06-10 14:00:00,0.0,0
M039,231,2026-06-10 15:00:00,0.0,0
M039,232,2026-06-10 16:00:00,0.0,0
M039,233,2026-06-10 17:00:00,0.0,0
M039,234,2026-06-10 18:00:00,0.0,0
M039,235,2026-06-10 19:00:00,0.0,0
M039,236,2026-06-10 20:00:00,0.0,0
M039,237,2026-06-10 21:00:00,0.0,0
M039,238,2026-06-10 22:00:00,0.0,0
M039,239,2026-06-10 23:00:00,0.0,0
M039,240,2026-06-11 00:00:00,0.0,0
M039,241,2026-06-11 01:00:00,0.0,0
M039,242,2026-06-11 02:00:00,0.0,0
M039,243,2026-06-11 03:00:00,0.0,0
M039,244,2026-06-11 04:00:00,0.0,0
M039,245,2026-06-11 05:00:00,0.0,0
M039,246,2026-06-11 06:00:00,0.0,0
M039,247,2026-06-11 07:00:00,0.0032606442713580533,0
M039,248,2026-06-11 08:00:00,0.0032606442713580533,0
M039,249,2026-06-11 09:00:00,0.0032606442713580533,0
M039,250,2026-06-11 10:00:00,0.0032606442713580533,0
M039,251,2026-06-11 11:00:00,0.006016449425299186,0
M039,252,2026-06-11 12:00:00,0.0032606442713580533,0
M039,253,2026-06-11 13:00:00,0.0,0
M039,254,2026-06-11 14:00:00,0.007238336059776265,0
M039,255,2026-06-11 15:00:00,0.006486368955336434,0
M039,256,2026-06-11 16:00:00,0.004720522054311025,0
M039,257,2026-06-11 17:00:00,0.017766097081358186,0
M039,258,2026-06-11 18:00:00,0.01177204621626518,0
M039,259,2026-06-11 19:00:00,0.0033333333333333335,0
M039,260,2026-06-11 20:00:00,0.14034472868899694,0
M039,261,2026-06-11 21:00:00,0.09751403645663524,0
M039,262,2026-06-11 22:00:00,0.0968860320564127,0
M039,263,2026-06-11 23:00:00,0.1024351240339749,0
M039,264,2026-06-12 00:00:00,0.10792847422037821,0
M039,265,2026-06-12 01:00:00,0.10712657334498538,0
M039,266,2026-06-12 02:00:00,0.09470487659144404,0
M039,267,2026-06-12 03:00:00,0.14627035108342734,0
M039,268,2026-06-12 04:00:00,0.15238792437545237,0
M039,269,2026-06-12 05:00:00,0.35925255907511594,0
M039,270,2026-06-12 06:00:00,0.3882420060410603,0
M039,271,2026-06-12 07:00:00,0.44038161120350283,0
M039,272,2026-06-12 08:00:00,0.5440760866785161,0
M039,273,2026-06-12 09:00:00,0.5946178531328239,0
M039,274,2026-06-12 10:00:00,0.874846982017256,1
M039,275,2026-06-12 11:00:00,0.8548042793830432,1
M039,276,2026-06-12 12:00:00,0.8706087582768767,1
M039,277,2026-06-12 13:00:00,0.8888608658283711,1
M039,278,2026-06-12 14:00:00,0.942617082886584,1
M039,279,2026-06-12 15:00:00,0.9554149585597556,1
M039,280,2026-06-12 16:00:00,0.9627743016917708,1
M039,281,2026-06-12 17:00:00,0.9183141760742749,1
M039,282,2026-06-12 18:00:00,0.9679833516641494,1
M039,283,2026-06-12 19:00:00,0.963206815963841,1
M039,284,2026-06-12 20:00:00,0.8791982937331928,1
M039,285,2026-06-12 21:00:00,0.9356266224421126,1
M039,286,2026-06-12 22:00:00,0.9514473545665758,1
M039,287,2026-06-12 23:00:00,0.9860007620944516,1
M039,288,2026-06-13 00:00:00,0.9860007620944516,1
M039,289,2026-06-13 01:00:00,0.9860198733383804,1
M039,290,2026-06-13 02:00:00,0.9860078068231805,1
M039,291,2026-06-13 03:00:00,0.9860078068231805,1
M039,292,2026-06-13 04:00:00,0.9860078068231805,1
M039,293,2026-06-13 05:00:00,0.9862272485049196,1
M039,294,2026-06-13 06:00:00,0.9862272485049196,1
M039,295,2026-06-13 07:00:00,0.9862663580178378,1
M039,296,2026-06-13 08:00:00,0.9862272485049196,1
M039,297,2026-06-13 09:00:00,0.9862272485049196,1
M039,298,2026-06-13 10:00:00,0.9862272485049196,1
M039,299,2026-06-13 11:00:00,0.9862272485049196,1
M039,300,2026-06-13 12:00:00,0.9856731831142665,1
M039,301,2026-06-13 13:00:00,0.9862272485049196,1
M039,302,2026-06-13 14:00:00,0.9862272485049196,1
M039,303,2026-06-13 15:00:00,0.9862272485049196,1
M039,304,2026-06-13 16:00:00,0.9863187873683137,1
M039,305,2026-06-13 17:00:00,0.9863187873683137,1
M039,306,2026-06-13 18:00:00,0.9863187873683137,1
M039,307,2026-06-13 19:00:00,0.9863187873683137,1
M039,308,2026-06-13 20:00:00,0.9863187873683137,1
M039,309,2026-06-13 21:00:00,0.9863187873683137,1
M039,310,2026-06-13 22:00:00,0.9863187873683137,1
M039,311,2026-06-13 23:00:00,0.9863187873683137,1
M039,312,2026-06-14 00:00:00,0.9863187873683137,1
M039,313,2026-06-14 01:00:00,0.9863187873683137,1
M039,314,2026-06-14 02:00:00,0.9863187873683137,1
M039,315,2026-06-14 03:00:00,0.9863187873683137,1
M039,316,2026-06-14 04:00:00,0.9863187873683137,1
M039,317,2026-06-14 05:00:00,0.9863187873683137,1
M039,318,2026-06-14 06:00:00,0.9863187873683137,1
M039,319,2026-06-14 07:00:00,0.9863187873683137,1
M039,320,2026-06-14 08:00:00,0.9643876557146711,1
M039,321,2026-06-14 09:00:00,0.9439422598204065,1
M039,322,2026-06-14 10:00:00,0.8907599096627812,0
M039,323,2026-06-14 11:00:00,0.7396401687391598,0
M039,324,2026-06-14 12:00:00,0.9301552073041301,0
M039,325,2026-06-14 13:00:00,0.6898203019775001,0
M039,326,2026-06-14 14:00:00,0.7794248059818749,0
M039,327,2026-06-14 15:00:00,0.34111184494909746,0
M039,328,2026-06-14 16:00:00,0.4121257639902378,0
M039,329,2026-06-14 17:00:00,0.4058835071225658,0
M039,330,2026-06-14 18:00:00,0.3593709160852769,0
M039,331,2026-06-14 19:00:00,0.3241856742186634,0
M039,332,2026-06-14 20:00:00,0.35989356015151724,0
M039,333,2026-06-14 21:00:00,0.32884867228797293,0
M039,334,2026-06-14 22:00:00,0.31109193973418914,0
M039,335,2026-06-14 23:00:00,0.12600713891940615,0
M039,336,2026-06-15 00:00:00,0.11329064796469392,0
M039,337,2026-06-15 01:00:00,0.12133206883433532,0
